Time [s],Voltage [V],Set Frequency [rad/s],Measured Frequency [rad/s]
0,1,0,0
0.002,1,0.02,0
0.004,1,0.0396,0
0.006,1,0.058808,0
0.008,1,0.07763184,0
0.01,1,0.0960792032,0.0756989176765132
0.012,1,0.114157619136,0.259988941247751
0.014,1,0.13187446675328,0.559690980985318
0.016,1,0.149236977418214,0.891352383029716
0.018,1,0.16625223786985,1.28302006574279
0.02,1,0.182927193112453,1.66802760849841
0.022,1,0.199268649250204,2.08718409853959
0.024,1,0.2152832762652,2.40748112205987
0.026,1,0.230977610739896,2.79485113830049
0.028,1,0.246358058525098,3.10405429664181
0.03,1,0.261430897354596,3.41675994336448
0.032,1,0.276202279407504,3.70047033942627
0.034,1,0.290678233819354,3.94071910251952
0.036,1,0.304864669142967,4.20978103101714
0.038,1,0.318767375760108,4.39195214356981
0.04,1,0.332392028244906,4.66121052642058
0.042,1,0.345744187680007,4.87463100260478
0.044,1,0.358829303926407,5.03721442724586
0.046,1,0.371652717847879,5.23234363668848
0.048,1,0.384219663490922,5.3498691647035
0.05,1,0.396535270221103,5.49011529590807
0.052,1,0.408604564816681,5.62863452720505
0.054,1,0.420432473520347,5.75256165914808
0.056,1,0.43202382404994,5.85647702937227
0.058,1,0.443383347568942,6.01516482253397
0.06,1,0.454515680617563,6.11169700953006
0.062,1,0.465425367005212,6.24125881784683
0.064,1,0.476116859665107,6.29994617400701
0.066,1,0.486594522471805,6.39074931623136
0.068,1,0.496862632022369,6.489714985472
0.07,1,0.506925379381922,6.58326547052398
0.072,1,0.516786871794283,6.66469546585604
0.074,1,0.526451134358398,6.73162588414142
0.076,1,0.53592211167123,6.78421922462842
0.078,1,0.545203669437805,6.82397714629964
0.08,1,0.554299596049049,6.85296715285003
0.082,1,0.563213604128068,6.8733544072394
0.084,1,0.571949332045507,6.88714245224352
0.086,1,0.580510345404596,6.89605091149627
0.088,1,0.588900138496504,6.97717721791245
0.09,1,0.597122135726574,7.01310499366986
0.092,1,0.605179693012043,7.02138656019673
0.094,1,0.613076099151802,7.08980846883948
0.096,1,0.620814577168766,7.10784588181158
0.098,1,0.628398285625391,7.1729365061445
0.1,1,0.635830319912883,7.18099323869218
0.102,1,0.643113713514625,7.23354271598614
0.104,1,0.650251439244333,7.22893079831382
0.106,1,0.657246410459446,7.19429506748057
0.108,1,0.664101482250257,7.22276768554711
0.11,1,0.670819452605252,7.28208013157703
0.112,1,0.677403063553147,7.27628384127382
0.114,1,0.683855002282084,7.312041951525
0.116,1,0.690177902236442,7.29072915566584
0.118,1,0.696374344191714,7.31678802443634
0.12,1,0.702446857307879,7.36553400122862
0.122,1,0.708397920161722,7.3458670037665
0.124,1,0.714229961758487,7.36736154017464
0.126,1,0.719945362523317,7.33298344858851
0.128,1,0.725546455272851,7.34790544774912
0.13,1,0.731035526167394,7.38764197477265
0.132,1,0.736414815644046,7.36098908477812
0.134,1,0.741686519331165,7.37726618828253
0.136,1,0.746852788944542,7.41482748069468
0.138,1,0.751915733165651,7.3843316333424
0.14,1,0.756877418502338,7.39625581878868
0.142,1,0.761739870132291,7.42962189311304
0.144,1,0.766505072729645,7.39542896620325
0.146,1,0.771174971275053,7.40428657134882
0.148,1,0.775751471849552,7.43522491282602
0.15,1,0.780236442412561,7.39918450014291
0.152,1,0.784631713564309,7.40668635222693
0.154,1,0.788939079293023,7.43666494459408
0.156,1,0.793160297707163,7.47566957693387
0.158,1,0.797297091753019,7.43993845774173
0.16,1,0.801351149917959,7.4435829736193
0.162,1,0.8053241269196,7.46786324762315
0.164,1,0.809217644381208,7.50075033415029
0.166,1,0.813033291493583,7.53498082839011
0.168,1,0.816772625663712,7.49085030816268
0.17,1,0.820437173150438,7.48499138650654
0.172,1,0.824028429687429,7.50011749206402
0.174,1,0.82754786109368,7.5249401239054
0.176,1,0.830996903871807,7.47678422114136
0.178,1,0.834376965794371,7.47016719495723
0.18,1,0.837689426478483,7.48635216114127
0.182,1,0.840935637948913,7.43739905341647
0.184,1,0.844116925189935,7.43424411032751
0.186,1,0.847234586686136,7.45582055798666
0.188,1,0.850289894952414,7.48845450480813
0.19,1,0.853284097053365,7.52376357229981
0.192,1,0.856218415112298,7.55701417390986
0.194,1,0.859094046810052,7.58588547939158
0.196,1,0.861912165873851,7.53387330184658
0.198,1,0.864673922556374,7.51956560740816
0.2,1,0.867380444105247,7.52677440935607
0.202,1,0.870032835223142,7.54474452847423
0.204,1,0.872632178518679,7.49098018535811
0.206,1,0.875179534948305,7.47997160073843
0.208,1,0.877675944249339,7.49284729076723
0.21,1,0.880122425364352,7.51718752007766
0.212,1,0.882519976857066,7.54523846477086
0.214,1,0.884869577319924,7.57249948039006
0.216,1,0.887172185773526,7.59664874403093
0.218,1,0.889428742058055,7.61675535558401
0.22,1,0.891640167216894,7.55702302648365
0.222,1,0.893807363872556,7.53631408868453
0.224,1,0.895931216595105,7.53845667887098
0.226,1,0.898012592263203,7.47687353496323
0.228,1,0.900052340417939,7.46308816311594
0.23,1,0.90205129360958,7.47614957268922
0.232,1,0.904010267737388,7.50223682811859
0.234,1,0.905930062382641,7.53269487765326
0.236,1,0.907811461134988,7.562477386546
0.238,1,0.909655231912288,7.51326135735612
0.24,1,0.911462127274042,7.50247891279097
0.242,1,0.913232884728562,7.51325380015405
0.244,1,0.91496822703399,7.61015873773419
0.246,1,0.916668862493311,7.59202705547823
0.248,1,0.918335485243444,7.59004521303717
0.25,1,0.919968775538576,7.59687021645948
0.252,1,0.921569400027804,7.60771751174611
0.254,1,0.923138012027248,7.61963894559606
0.256,1,0.924675251786703,7.70665543950532
0.258,1,0.926181746750969,7.67372730374038
0.26,1,0.927658111815949,7.65579236240114
0.262,1,0.929104949579631,7.57192312284469
0.264,1,0.930522850588038,7.53687357774906
0.266,1,0.931912393576277,7.53131440244832
0.268,1,0.933274145704752,7.46632951947341
0.27,1,0.934608662790657,7.45177096111041
0.272,1,0.935916489534844,7.46553706345876
0.274,1,0.937198159744147,7.4930474803543
0.276,1,0.938454196549264,7.52517132518397
0.278,1,0.939685112618278,7.55658459659605
0.28,1,0.940891410365913,7.58451861798857
0.282,1,0.942073582158595,7.53214157560148
0.284,1,0.943232110515423,7.5178102463415
0.286,1,0.944367468305114,7.52517969317427
0.288,1,0.945480118939012,7.54339286182815
0.29,1,0.946570516560232,7.56559043682825
0.292,1,0.947639106229027,7.58772172177244
0.294,1,0.948686324104447,7.53193447228851
0.296,1,0.949712597622358,7.51580522894093
0.298,1,0.95071834566991,7.52241389842789
0.3,1,0.951703978756512,7.54049438647527
0.302,1,0.952669899181382,7.56290728298425
0.304,1,0.953616501197754,7.5097192783671
0.306,1,0.954544171173799,7.49716852848495
0.308,1,0.955453287750323,7.50752465281358
0.31,1,0.956344221995317,7.4533739108465
0.312,1,0.95721733755541,7.44587088526463
0.314,1,0.958072990804302,7.46398137792194
0.316,1,0.958911530988216,7.49396180442955
0.318,1,0.959733300368452,7.45161352367369
0.32,1,0.960538634361083,7.45057742420569
0.322,1,0.961327861673861,7.47167162566401
0.324,1,0.962101304440384,7.50248399662125
0.326,1,0.962859278351576,7.53543712745913
0.328,1,0.963602092784545,7.56627938786502
0.33,1,0.964330050928854,7.59295210329502
0.332,1,0.965043449910277,7.61476908679439
0.334,1,0.965742580912071,7.63184369858416
0.336,1,0.96642772929383,7.64470443672293
0.338,1,0.967099174707953,7.57835007630843
0.34,1,0.967757191213794,7.55200531394009
0.342,1,0.968402047389518,7.54959416782066
0.344,1,0.969034006441728,7.56018262063961
0.346,1,0.969653326312894,7.57665754296609
0.348,1,0.970260259786636,7.59464517630976
0.35,1,0.970855054590903,7.61166409308431
0.352,1,0.971437953499085,7.55078786367531
0.354,1,0.972009194429103,7.53008437342038
0.356,1,0.972569010540521,7.53284471654032
0.358,1,0.973117630329711,7.54784376044047
0.36,1,0.973655277723117,7.5678882479319
0.362,1,0.974182172168654,7.58864470158405
0.364,1,0.974698528725281,7.53203328472193
0.366,1,0.975204558150775,7.51545483521257
0.368,1,0.97570046698776,7.52185856624148
0.37,1,0.976186457648005,7.53988458827343
0.372,1,0.976662728495045,7.56232862766298
0.374,1,0.977129473925144,7.58491325738905
0.376,1,0.977586884446641,7.6053438375899
0.378,1,0.978035146757708,7.62260944096567
0.38,1,0.978474443822554,7.63648340230329
0.382,1,0.978904954946103,7.57148068556352
0.384,1,0.979326855847181,7.54653461395384
0.386,1,0.979740318730237,7.54540919929415
0.388,1,0.980145512355632,7.55709625600797
0.39,1,0.98054260210852,7.57446157620063
0.392,1,0.980931750066349,7.59314071125889
0.394,1,0.981313115065022,7.61067682797338
0.396,1,0.981686852763722,7.62587273125398
0.398,1,0.982053115708447,7.63832103527339
0.4,1,0.982412053394278,7.64807569527037
0.402,1,0.982763812326393,7.65543133269251
0.404,1,0.983108536079865,7.66078181649296
0.406,1,0.983446365358268,7.6645350620166
0.408,1,0.983777438051102,7.66706621464539
0.41,1,0.98410188929008,7.59299700346831
0.412,1,0.984419851504279,7.56109301664568
0.414,1,0.984731454474193,7.55482071967126
0.416,1,0.985036825384709,7.56283453069793
0.418,1,0.985336088877015,7.57767489687391
0.42,1,0.985629367099475,7.59469056076225
0.422,1,0.985916779757485,7.61118673505344
0.424,1,0.986198444162336,7.62577780548186
0.426,1,0.986474475279089,7.63791297575758
0.428,1,0.986744985773507,7.64754094376941
0.43,1,0.987010086058037,7.65488180569613
0.432,1,0.987269884336876,7.66027864720461
0.434,1,0.987524486650139,7.66410627191065
0.436,1,0.987773996917136,7.6667194041033
0.438,1,0.988018516978793,7.66842705170255
0.44,1,0.988258146639217,7.66948334837292
0.442,1,0.988492983706433,7.67008808632451
0.444,1,0.988723124032304,7.67039236369432
0.446,1,0.988948661551658,7.67050640169502
0.448,1,0.989169688320625,7.67050774718272
0.45,1,0.989386294554213,7.59474995349614
0.452,1,0.989598568663128,7.56177258943047
0.454,1,0.989806597289866,7.55486088651099
0.456,1,0.990010465344068,7.56252979599065
0.458,1,0.990210256037187,7.57721633354134
0.46,1,0.990406050916443,7.59419523295273
0.462,1,0.990597929898114,7.68641960865225
0.464,1,0.990785971300152,7.65826556068923
0.466,1,0.990970251874149,7.72010113823105
0.468,1,0.991150846836666,7.67241926473212
0.47,1,0.991327829899933,7.64674659051977
0.472,1,0.991501273301934,7.63534321889716
0.474,1,0.991671247835896,7.63267384073441
0.476,1,0.991837822879178,7.63492496675489
0.478,1,0.992001066421594,7.71527649213684
0.48,1,0.992161045093162,7.67794366893664
0.482,1,0.992317824191299,7.65724396843609
0.484,1,0.992471467707473,7.64745618330244
0.486,1,0.992622038353324,7.64445274931976
0.488,1,0.992769597586257,7.64536322196803
0.49,1,0.992914205634532,7.64827076624241
0.492,1,0.993055921521841,7.65195620469547
0.494,1,0.993194803091404,7.65569268541491
0.496,1,0.993330907029576,7.65908760648329
0.498,1,0.993464288888985,7.66196533946735
0.5,1,0.993595003111205,7.66428328205948
0.502,1,0.993723103048981,7.66607396740735
0.504,1,0.993848640988001,7.66740678069419
0.506,1,0.993971668168241,7.66836390891069
0.508,1,0.994092234804876,7.66902625356025
0.51,1,0.994210390108779,7.6694660460542
0.512,1,0.994326182306603,7.66974376587494
0.514,1,0.994439658660471,7.66990765718068
0.516,1,0.994550865487262,7.66999467863249
0.518,1,0.994659848177517,7.67003212368517
0.52,1,0.994766651213966,7.67003943845894
0.522,1,0.994871318189687,7.6700299655465
0.524,1,0.994973891825893,7.67001247622154
0.526,1,0.995074413989375,7.66999243859753
0.528,1,0.995172925709588,7.6699730198308
0.53,1,0.995269467195396,7.66995584760006
0.532,1,0.995364077851488,7.66994156807456
0.534,1,0.995456796294458,7.66993024029926
0.536,1,0.995547660368569,7.59422268675492
0.538,1,0.995636707161198,7.63702306802166
0.54,1,0.995723973017974,7.58739092645202
0.542,1,0.995809493557614,7.56907031165451
0.544,1,0.995893303686462,7.56925346841144
0.546,1,0.995975437612733,7.57928493262694
0.548,1,0.996055928860478,7.59357754078844
0.55,1,0.996134810283269,7.60873160692928
0.552,1,0.996212114077603,7.62284936415466
0.554,1,0.996287871796051,7.63502118497141
0.556,1,0.99636211436013,7.56925518602919
0.558,1,0.996434872072928,7.54412177319995
0.56,1,0.996506174631469,7.54313460428456
0.562,1,0.99657605113884,7.55511986845327
0.564,1,0.996644530116063,7.57283925728705
0.566,1,0.996711639513742,7.59186730151999
0.568,1,0.996777406723467,7.60971514037808
0.57,1,0.996841858588997,7.62517217158659
0.572,1,0.996905021417217,7.56212993625423
0.574,1,0.996966920988873,7.61485101133545
0.576,1,0.997027582569096,7.64839588858758
0.578,1,0.997087030917714,7.59270617318775
0.58,1,0.997145290299359,7.5706310094608
0.582,1,0.997202384493372,7.56865817086277
0.584,1,0.997258336803505,7.57759879167419
0.586,1,0.997313170067435,7.59147616735712
0.588,1,0.997366906666086,7.60661622489578
0.59,1,0.997419568532764,7.62093529244158
0.592,1,0.997471177162109,7.55770444743629
0.594,1,0.997521753618867,7.53506281463588
0.596,1,0.99757131854649,7.53629836954393
0.598,1,0.99761989217556,7.55014352019897
0.6,1,0.997667494332048,7.56934576381395
0.602,1,0.997714144445408,7.5895092740908
0.604,1,0.997759861556499,7.53249636438107
0.606,1,0.997804664325369,7.51565813099441
0.608,1,0.997848571038862,7.52190327833726
0.61,1,0.997891599618085,7.5398403291555
0.612,1,0.997933767625723,7.56224129646045
0.614,1,0.997975092273208,7.5848115789917
0.616,1,0.998015590427744,7.60524454438951
0.618,1,0.998055278619189,7.54682230174417
0.62,1,0.998094173046806,7.60351760316791
0.622,1,0.99813228958587,7.64030013768129
0.624,1,0.998169643794152,7.66283470772249
0.626,1,0.998206250918269,7.67554805673903
0.628,1,0.998242125899904,7.681769881462
0.63,1,0.998277283381906,7.68391629514295
0.632,1,0.998311737714268,7.60797890126895
0.634,1,0.998345502959982,7.57360012788954
0.636,1,0.998378592900783,7.56477384914151
0.638,1,0.998411021042767,7.57044351866073
0.64,1,0.998442800621912,7.58328298961796
0.642,1,0.998473944609474,7.5986782608663
0.644,1,0.998504465717284,7.61391685639964
0.646,1,0.998534376402938,7.62756792187889
0.648,1,0.99856368887488,7.63902519530457
0.65,1,0.998592415097382,7.57248301302069
0.652,1,0.998620566795434,7.54661715820883
0.654,1,0.998648155459526,7.54499315973931
0.656,1,0.998675192350335,7.55645542835399
0.658,1,0.998701688503329,7.57376413658108
0.66,1,0.998727654733262,7.51678300246398
0.662,1,0.998753101638597,7.50151255878027
0.664,1,0.998778039605825,7.50998977829504
0.666,1,0.998802478813708,7.5302928062262
0.668,1,0.998826429237434,7.55489763743155
0.67,1,0.998849900652685,7.57936783093153
0.672,1,0.998872902639632,7.60135112305121
0.674,1,0.998895444586839,7.61983871209518
0.676,1,0.998917535695102,7.55893878993868
0.678,1,0.9989391849812,7.53741820231166
0.68,1,0.998960401281576,7.53901904156057
0.682,1,0.998981193255945,7.55279044568236
0.684,1,0.999001569390826,7.57169212588113
0.686,1,0.999021538003009,7.59146379627535
0.688,1,0.999041107242949,7.60974796793905
0.69,1,0.99906028509809,7.5497354982595
0.692,1,0.999079079396128,7.6052953547625
0.694,1,0.999097497808206,7.56559808468291
0.696,1,0.999115547852041,7.55472570368786
0.698,1,0.999133236895001,7.56029608453038
0.7,1,0.999150572157101,7.57408412544075
0.702,1,0.999167560713959,7.59089307457638
0.704,1,0.999184209499679,7.60765382348901
0.706,1,0.999200525309686,7.62273465197891
0.708,1,0.999216514803492,7.63543131305227
0.71,1,0.999232184507422,7.64560360350819
0.712,1,0.999247540817274,7.65342591108012
0.714,1,0.999262590000928,7.58352423727856
0.716,1,0.99927733820091,7.55477734496801
0.718,1,0.999291791436892,7.55081177216785
0.72,1,0.999305955608154,7.56045121738909
0.722,1,0.999319836495991,7.57639361053906
0.724,1,0.999333439766071,7.59412334342443
0.726,1,0.999346770970749,7.6110562481004
0.728,1,0.999359835551334,7.55019414813013
0.73,1,0.999372638840308,7.52955678919985
0.732,1,0.999385186063502,7.53240446463692
0.734,1,0.999397482342232,7.54749352606782
0.736,1,0.999409532695387,7.56762057849685
0.738,1,0.999421342041479,7.58844747446141
0.74,1,0.99943291520065,7.60759200131333
0.742,1,0.999444256896637,7.623949984132
0.744,1,0.999455371758704,7.56150876970357
0.746,1,0.99946626432353,7.53891270376489
0.748,1,0.999476939037059,7.53979258652349
0.75,1,0.999487400256318,7.55310322406424
0.752,1,0.999497652251192,7.57172834921727
0.754,1,0.999507699206168,7.59134898277088
0.756,1,0.999517545222044,7.6095639518152
0.758,1,0.999527194317603,7.62523166199077
0.76,1,0.999536650431251,7.63799480886592
0.762,1,0.999545917422626,7.64794954327834
0.764,1,0.999554999074174,7.65542431295538
0.766,1,0.99956389909269,7.66083901201023
0.768,1,0.999572621110836,7.66462085273769
0.77,1,0.99958116868862,7.59145986771572
0.772,1,0.999589545314847,7.63589078248014
0.774,1,0.99959775440855,7.66293872642379
0.776,1,0.999605799320379,7.60234946476815
0.778,1,0.999613683333972,7.57671006235645
0.78,1,0.999621409667292,7.57223675983552
0.782,1,0.999628981473947,7.57949091728825
0.784,1,0.999636401844468,7.59228230959943
0.786,1,0.999643673807578,7.5310648299058
0.788,1,0.999650800331427,7.51212596721182
0.79,1,0.999657784324798,7.51759964992486
0.792,1,0.999664628638302,7.53555009967589
0.794,1,0.999671336065536,7.55838164009478
0.796,1,0.999677909344225,7.58156244105792
0.798,1,0.999684351157341,7.5269426999859
0.8,1,0.999690664134194,7.51192865123776
0.802,1,0.99969685085151,7.51951455581408
0.804,1,0.99970291383448,7.53840226841041
0.806,1,0.99970885555779,7.56145206838627
0.808,1,0.999714678446634,7.5844462082637
0.81,1,0.999720384877702,7.60514123901391
0.812,1,0.999725977180148,7.62256784557745
0.814,1,0.999731457636545,7.63653176062308
0.816,1,0.999736828483814,7.57157223526809
0.818,1,0.999742091914138,7.54664015811567
0.82,1,0.999747250075855,7.54551178864044
0.822,1,0.999752305074338,7.55718714465631
0.824,1,0.999757258972851,7.57453725557714
0.826,1,0.999762113793394,7.59320081165418
0.828,1,0.999766871517526,7.61072268983868
0.83,1,0.999771534087175,7.55020755694058
0.832,1,0.999776103405432,7.52975388070644
0.834,1,0.999780581337323,7.5326800453255
0.836,1,0.999784969710577,7.54778375919962
0.838,1,0.999789270316365,7.56788997958669
0.84,1,0.999793484910038,7.58867917888949
0.842,1,0.999797615211837,7.60778073721788
0.844,1,0.999801662907601,7.6240971813302
0.846,1,0.999805629649449,7.63731820796994
0.848,1,0.99980951705646,7.64758386599333
0.85,1,0.99981332671533,7.65526051395332
0.852,1,0.999817060181024,7.66079902271299
0.854,1,0.999820718977403,7.66465082672019
0.856,1,0.999824304597855,7.66722310613728
0.858,1,0.999827818505898,7.59316033957931
0.86,1,0.99983126213578,7.56124366846003
0.862,1,0.999834636893065,7.55494973936173
0.864,1,0.999837944155203,7.56293928220427
0.866,1,0.999841185272099,7.57775636979789
0.868,1,0.999844361566657,7.59475158027278
0.87,1,0.999847474335324,7.61123082622803
0.872,1,0.999850524848618,7.62580851868473
0.874,1,0.999853514351645,7.63793352442896
0.876,1,0.999856444064612,7.72325296222136
0.878,1,0.99985931518332,7.68778183040725
0.88,1,0.999862128879654,7.66710381357353
0.882,1,0.999864886302061,7.65635446266456
0.884,1,0.99986758857602,7.72765900550904
0.886,1,0.999870236804499,7.68428014139779
0.888,1,0.999872832068409,7.73543016816558
0.89,1,0.999875375427041,7.68053774429617
0.892,1,0.9998778679185,7.72591799294979
0.894,1,0.99988031056013,7.66888788341168
0.896,1,0.999882704348928,7.63857917555047
0.898,1,0.999885050261949,7.62550991891077
0.9,1,0.99988734925671,7.62292278306193
0.902,1,0.999889602271576,7.62618015227167
0.904,1,0.999891810226144,7.63223237686551
0.906,1,0.999893974021621,7.63917751390294
0.908,1,0.999896094541189,7.64591330266787
0.91,1,0.999898172650365,7.65187266926875
0.912,1,0.999900209197358,7.65682987439114
0.914,1,0.999902205013411,7.66076346109171
0.916,1,0.999904160913142,7.66376301541603
0.918,1,0.99990607769488,7.66596849078327
0.92,1,0.999907956140982,7.66753288411908
0.922,1,0.999909797018162,7.66860104707747
0.924,1,0.999911601077799,7.66929919189248
0.926,1,0.999913369056243,7.66973113543627
0.928,1,0.999915101675118,7.66997850684999
0.93,1,0.999916799641616,7.67010304809517
0.932,1,0.999918463648784,7.67014980341594
0.934,1,0.999920094375808,7.67015046798794
0.936,1,0.999921692488292,7.67012649095035
0.938,1,0.999923258638526,7.67009174121447
0.94,1,0.999924793465756,7.67005467703648
0.942,1,0.999926297596441,7.67002003686405
0.944,1,0.999927771644512,7.59429119036546
0.946,1,0.999929216211622,7.56137453931762
0.948,1,0.999930631887389,7.55453449511936
0.95,1,0.999932019249641,7.56227382723952
0.952,1,0.999933378864649,7.57702317790496
0.954,1,0.999934711287356,7.59405463355465
0.956,1,0.999936017061608,7.61062199166056
0.958,1,0.999937296720376,7.54960783822792
0.96,1,0.999938550785969,7.52894726943527
0.962,1,0.999939779770249,7.53184272634589
0.964,1,0.999940984174844,7.54701270665314
0.966,1,0.999942164491347,7.56723036075899
0.968,1,0.999943321201521,7.58814407933327
0.97,1,0.99994445477749,7.53166592703634
0.972,1,0.99994556568194,7.51519479219168
0.974,1,0.999946654368302,7.52168140962231
0.976,1,0.999947721280935,7.53976911211748
0.978,1,0.999948766855317,7.56225743714751
0.98,1,0.99994979151821,7.58487270661414
0.982,1,0.999950795687846,7.60532362641267
0.984,1,0.999951779774089,7.62260206981562
0.986,1,0.999952744178607,7.56078468740278
0.988,1,0.999953689295035,7.53859271859644
0.99,1,0.999954615509135,7.53971965100122
0.992,1,0.999955523198952,7.55316921617486
0.994,1,0.999956412734973,7.57186190568275
0.996,1,0.999957284480273,7.59150538368831
0.998,1,0.999958138790668,7.6097170974565
1,1,0.999958976014855,7.54966903934289
1.002,1,0.999959796494557,7.52951756131516
1.004,1,0.999960600564666,7.53262818463743
1.006,1,0.999961388553373,7.54783537206456
1.008,1,0.999962160782306,7.56799167153364
1.01,1,0.99996291756666,7.5887975368792
1.012,1,0.999963659215326,7.6078963002323
1.014,1,0.99996438603102,7.62419984842522
1.016,1,0.999965098310399,7.56170494832725
1.018,1,0.999965796344191,7.53906089463264
1.02,1,0.999966480417308,7.53990056401789
1.022,1,0.999967150808961,7.47748018478327
1.024,1,0.999967807792782,7.46318851728044
1.026,1,0.999968451636927,7.47597006070901
1.028,1,0.999969082604188,7.50192580601094
1.03,1,0.999969700952104,7.53234442976552
1.032,1,0.999970306933062,7.48644158660664
1.034,1,0.999970900794401,7.48007276913996
1.036,1,0.999971482778513,7.49541244155153
1.038,1,0.999972053122943,7.52081331911229
1.04,1,0.999972612060484,7.54907195936587
1.042,1,0.999973159819274,7.57606536945194
1.044,1,0.999973696622889,7.59972000417222
1.046,1,0.999974222690431,7.61925975372594
1.048,1,0.999974738236622,7.55897799430882
1.05,1,0.99997524347189,7.53778314752814
1.052,1,0.999975738602452,7.46382273852162
1.054,1,0.999976223830403,7.44472575497369
1.056,1,0.999976699353795,7.45676726047986
1.058,1,0.999977165366719,7.48422365104664
1.06,1,0.999977622059385,7.51718956557753
1.062,1,0.999978069618197,7.54983960453879
1.064,1,0.999978508225833,7.50339986832901
1.066,1,0.999978938061316,7.49507105913967
1.068,1,0.99997935930009,7.50788537371674
1.07,1,0.999979772114088,7.53070867776482
1.072,1,0.999980176671807,7.55661629892592
1.074,1,0.999980573138371,7.58161152714214
1.076,1,0.999980961675603,7.60365332875031
1.078,1,0.999981342442091,7.62194489700657
1.08,1,0.999981715593249,7.63643150028782
1.082,1,0.999982081281384,7.57176057249428
1.084,1,0.999982439655757,7.54696379012555
1.086,1,0.999982790862641,7.5458756198971
1.088,1,0.999983135045388,7.55753650182217
1.09,1,0.999983472344481,7.49914549717555
1.092,1,0.999983802897591,7.48486404931832
1.094,1,0.999984126839639,7.49551175269356
1.096,1,0.999984444302847,7.44270210912424
1.098,1,0.99998475541679,7.43696743438168
1.1,1,0.999985060308454,7.45689956364968
1.102,1,0.999985359102285,7.48855025091334
1.104,1,0.999985651920239,7.5233255854374
1.106,1,0.999985938881834,7.48063590552403
1.108,1,0.999986220104198,7.47655337455125
1.11,1,0.999986495702114,7.49345946665876
1.112,1,0.999986765788071,7.51988832476891
1.114,1,0.99998703047231,7.54878638716233
1.116,1,0.999987289862864,7.57614892796924
1.118,1,0.999987544065606,7.59999213975221
1.12,1,0.999987793184294,7.61960558165676
1.122,1,0.999988037320608,7.63502790151921
1.124,1,0.999988276574196,7.64669335389331
1.126,1,0.999988511042712,7.5795053576571
1.128,1,0.999988740821858,7.62830098883821
1.13,1,0.999988966005421,7.65842532306408
1.132,1,0.999989186685313,7.6756207942546
1.134,1,0.999989402951606,7.60852643192043
1.136,1,0.999989614892574,7.57880880667586
1.138,1,0.999989822594723,7.49625490210408
1.14,1,0.999990026142828,7.46937485998661
1.142,1,0.999990225619972,7.47483359661128
1.144,1,0.999990421107572,7.49699691724801
1.146,1,0.999990612685421,7.52587984647214
1.148,1,0.999990800431712,7.55549510307949
1.15,1,0.999990984423078,7.58257793483738
1.152,1,0.999991164734617,7.60563748559066
1.154,1,0.999991341439924,7.54857698111644
1.156,1,0.999991514611126,7.53012627649855
1.158,1,0.999991684318903,7.53408369035239
1.16,1,0.999991850632525,7.54959874176619
1.162,1,0.999992013619875,7.56974515958289
1.164,1,0.999992173347477,7.59037269360515
1.166,1,0.999992329880528,7.53352198961232
1.168,1,0.999992483282917,7.51666902068023
1.17,1,0.999992633617259,7.52280654007934
1.172,1,0.999992780944913,7.5405970543092
1.174,1,0.999992925326015,7.56284520115362
1.176,1,0.999993066819495,7.58527439537977
1.178,1,0.999993205483105,7.52988753534871
1.18,1,0.999993341373443,7.51417380798593
1.182,1,0.999993474545974,7.52116504928224
1.184,1,0.999993605055055,7.53957278467195
1.186,1,0.999993732953953,7.56225113098114
1.188,1,0.999993858294874,7.58496834396713
1.19,1,0.999993981128977,7.60546418197667
1.192,1,0.999994101506397,7.54705378623591
1.194,1,0.999994219476269,7.52803364026009
1.196,1,0.999994335086744,7.53189395756658
1.198,1,0.999994448385009,7.54757335415533
1.2,1,0.999994559417309,7.56800730010337
1.202,1,0.999994668228963,7.58895966667407
1.204,1,0.999994774864384,7.60812054428321
1.206,1,0.999994879367096,7.62443508037862
1.208,1,0.999994981779754,7.5619228226699
1.21,1,0.999995082144159,7.53924801039898
1.212,1,0.999995180501276,7.54005281143719
1.214,1,0.99999527689125,7.55329773153202
1.216,1,0.999995371353425,7.5718686184097
1.218,1,0.999995463926357,7.51574756991598
1.22,1,0.99999555464783,7.57673684271527
1.222,1,0.999995643554873,7.54275320042083
1.224,1,0.999995730683776,7.53718207897918
1.226,1,0.9999958160701,7.54731062742551
1.228,1,0.999995899748698,7.56481073924158
1.23,1,0.999995981753724,7.58451424588518
1.232,1,0.99999606211865,7.60344796512979
1.234,1,0.999996140876277,7.54440362565889
1.236,1,0.999996218058751,7.52530701531323
1.238,1,0.999996293697576,7.52939566819744
1.24,1,0.999996367823625,7.54544338673237
1.242,1,0.999996440467152,7.56628394475051
1.244,1,0.999996511657809,7.58762320904115
1.246,1,0.999996581424653,7.60712228721976
1.248,1,0.99999664979616,7.54801676137309
1.25,1,0.999996716800237,7.52853092367741
1.252,1,0.999996782464232,7.53209384989107
1.254,1,0.999996846814947,7.54759494618196
1.256,1,0.999996909878648,7.56793168969351
1.258,1,0.999996971681075,7.58883968946302
1.26,1,0.999997032247454,7.53228983387775
1.262,1,0.999997091602505,7.51571888903108
1.264,1,0.999997149770455,7.52210056054914
1.266,1,0.999997206775045,7.54009093636246
1.268,1,0.999997262639545,7.56249560311434
1.27,1,0.999997317386754,7.50934384148808
1.272,1,0.999997371039019,7.49684947084293
1.274,1,0.999997423618238,7.50726714683584
1.276,1,0.999997475145873,7.52887355729064
1.278,1,0.999997525642956,7.55431343852095
1.28,1,0.999997575130097,7.57928654663692
1.282,1,0.999997623627495,7.6015460199788
1.284,1,0.999997671154945,7.62016163588146
1.286,1,0.999997717731846,7.55929810754501
1.288,1,0.999997763377209,7.53776146221739
1.29,1,0.999997808109665,7.53931986095517
1.292,1,0.999997851947472,7.62873786339118
1.294,1,0.999997894908522,7.60478039098751
1.296,1,0.999997937010352,7.59843347891053
1.298,1,0.999997978270145,7.60210309766035
1.3,1,0.999998018704742,7.61075144761183
1.302,1,0.999998058330647,7.62120094574515
1.304,1,0.999998097164034,7.63157950883165
1.306,1,0.999998135220753,7.64089592556774
1.308,1,0.999998172516338,7.64872650244503
1.31,1,0.999998209066012,7.65499196863254
1.312,1,0.999998244884691,7.65980452641425
1.314,1,0.999998279986998,7.66336739941103
1.316,1,0.999998314387258,7.66591228730528
1.318,1,0.999998348099512,7.66766320564042
1.32,1,0.999998381137522,7.59311904558056
1.322,1,0.999998413514772,7.56094976649144
1.324,1,0.999998445244476,7.55455015141923
1.326,1,0.999998476339587,7.56252277925973
1.328,1,0.999998506812795,7.57737195480882
1.33,1,0.999998536676539,7.59442221512077
1.332,1,0.999998565943008,7.61096332120234
1.334,1,0.999998594624148,7.62560039974554
1.336,1,0.999998622731665,7.63777761122328
1.338,1,0.999998650277032,7.64744135594195
1.34,1,0.999998677271491,7.65481112326847
1.342,1,0.999998703726061,7.66023035348279
1.344,1,0.99999872965154,7.66407468245573
1.346,1,0.999998755058509,7.66669983927416
1.348,1,0.999998779957339,7.66841582948774
1.35,1,0.999998804358192,7.66947768210637
1.352,1,0.999998828271028,7.67008594177969
1.354,1,0.999998851705608,7.67039230862259
1.356,1,0.999998874671496,7.5948085485088
1.358,1,0.999998897178066,7.6376171153547
1.36,1,0.999998919234504,7.66362962596733
1.362,1,0.999998940849814,7.67811899018613
1.364,1,0.999998962032818,7.68503406188909
1.366,1,0.999998982792162,7.68722795965785
1.368,1,0.999999003136318,7.686687954234
1.37,1,0.999999023073592,7.68474350242015
1.372,1,0.99999904261212,7.68224209633846
1.374,1,0.999999061759878,7.67969059590909
1.376,1,0.99999908052468,7.60166529002662
1.378,1,0.999999098914187,7.56679635086125
1.38,1,0.999999116935903,7.55838021700211
1.382,1,0.999999134597185,7.5648996058166
1.384,1,0.999999151905241,7.57873931732695
1.386,1,0.999999168867136,7.59511636868723
1.388,1,0.999999185489794,7.61123000323926
1.39,1,0.999999201779998,7.62561282949699
1.392,1,0.999999217744398,7.63765324450746
1.394,1,0.99999923338951,7.64725632257127
1.396,1,0.99999924872172,7.65461200393087
1.398,1,0.999999263747285,7.66004337566664
1.4,1,0.999999278472339,7.66391263258331
1.402,1,0.999999292902893,7.59086815721979
1.404,1,0.999999307044835,7.63541959551043
1.406,1,0.999999320903938,7.662578308017
1.408,1,0.999999334485859,7.60208368106757
1.41,1,0.999999347796142,7.57652097056742
1.412,1,0.99999936084022,7.57210722350363
1.414,1,0.999999373623415,7.57940592120737
1.416,1,0.999999386150947,7.59222945157451
1.418,1,0.999999398427928,7.60673324274795
1.42,1,0.999999410459369,7.62070149790921
1.422,1,0.999999422250182,7.55730667104992
1.424,1,0.999999433805178,7.5346168605448
1.426,1,0.999999445129075,7.53587074055415
1.428,1,0.999999456226493,7.62546678529089
1.43,1,0.999999467101963,7.60192708917774
1.432,1,0.999999477759924,7.59608454893288
1.434,1,0.999999488204726,7.60025493356413
1.436,1,0.999999498440631,7.60935270305895
1.438,1,0.999999508471819,7.62017988645625
1.44,1,0.999999518302382,7.63086060937548
1.442,1,0.999999527936335,7.64040909309687
1.444,1,0.999999537377608,7.57271254102685
1.446,1,0.999999546630056,7.62190742960305
1.448,1,0.999999555697455,7.65287567061526
1.45,1,0.999999564583506,7.67106884955096
1.452,1,0.999999573291835,7.68065465094281
1.454,1,0.999999581825999,7.68470483733233
1.456,1,0.999999590189479,7.76110256225621
1.458,1,0.999999598385689,7.71713868378574
1.46,1,0.999999606417975,7.68903484959556
1.462,1,0.999999614289616,7.59646255914627
1.464,1,0.999999622003824,7.55435052051349
1.466,1,0.999999629563747,7.54330065239659
1.468,1,0.999999636972472,7.54990400280832
1.47,1,0.999999644233023,7.56526849012315
1.472,1,0.999999651348362,7.58378808357851
1.474,1,0.999999658321395,7.60216219856917
1.476,1,0.999999665154967,7.61864529061793
1.478,1,0.999999671851868,7.63249325554396
1.48,1,0.99999967841483,7.64356940665071
1.482,1,0.999999684846534,7.57637551069358
1.484,1,0.999999691149603,7.54977798192527
1.486,1,0.999999697326611,7.54745188725251
1.488,1,0.999999703380079,7.55829712491666
1.49,1,0.999999709312477,7.57509505829667
1.492,1,0.999999715126228,7.59340913521518
1.494,1,0.999999720823703,7.61072410712774
1.496,1,0.999999726407229,7.62579742766304
1.498,1,0.999999731879084,7.63818780158103
1.5,1,0.999999737241503,7.64792472234377
1.502,1,0.999999742496673,7.57958688379419
1.504,1,0.999999747646739,7.55206244430022
1.506,1,0.999999752693804,7.54901664474761
1.508,1,0.999999757639928,7.55932369365412
1.51,1,0.99999976248713,7.57573334147439
1.512,1,0.999999767237387,7.59377738487113
1.514,1,0.999999771892639,7.61091202759629
1.516,1,0.999999776454787,7.62587064791303
1.518,1,0.999999780925691,7.63819263605115
1.52,1,0.999999785307177,7.64789261573239
1.522,1,0.999999789601034,7.5795382486477
1.524,1,0.999999793809013,7.55200979608055
1.526,1,0.999999797932833,7.54896705289072
1.528,1,0.999999801974176,7.55928062599865
1.53,1,0.999999805934693,7.57569800319143
1.532,1,0.999999809815999,7.5937496557107
1.534,1,0.999999813619679,7.6108910924497
1.536,1,0.999999817347285,7.62585540161442
1.538,1,0.999999821000339,7.63818192784901
1.54,1,0.999999824580333,7.64788538414291
1.542,1,0.999999828088726,7.65523250222637
1.544,1,0.999999831526951,7.6605980672161
1.546,1,0.999999834896412,7.66437748949788
1.548,1,0.999999838198484,7.66693815160345
1.55,1,0.999999841434514,7.6685962321479
1.552,1,0.999999844605824,7.66960940175986
1.554,1,0.999999847713708,7.67017870298929
1.556,1,0.999999850759434,7.59475622398404
1.558,1,0.999999853744245,7.56195703397472
1.56,1,0.99999985666936,7.55512213118412
1.562,1,0.999999859535973,7.56280620739611
1.564,1,0.999999862345253,7.57747355127831
1.566,1,0.999999865098348,7.59441683007279
1.568,1,0.999999867796382,7.61090142409006
1.57,1,0.999999870440454,7.62551447887135
1.572,1,0.999999873031645,7.63768736070475
1.574,1,0.999999875571012,7.64735770418545
1.576,1,0.999999878059591,7.65473924613113
1.578,1,0.9999998804984,7.66017184867181
1.58,1,0.999999882888432,7.66402908208792
1.582,1,0.999999885230663,7.6666656202523
1.584,1,0.99999988752605,7.66839105638829
1.586,1,0.999999889775529,7.66946039066812
1.588,1,0.999999891980018,7.67007434622981
1.59,1,0.999999894140418,7.67038489460863
1.592,1,0.99999989625761,7.67050301353931
1.594,1,0.999999898332457,7.67050686941463
1.596,1,0.999999900365808,7.67044941859895
1.598,1,0.999999902358492,7.67036494864965
1.6,1,0.999999904311322,7.67027440869502
1.602,1,0.999999906225096,7.67018956809221
1.604,1,0.999999908100594,7.59441722219232
1.606,1,0.999999909938582,7.63716385569023
1.608,1,0.99999991173981,7.58748916012085
1.61,1,0.999999913505014,7.56913615985757
1.612,1,0.999999915234914,7.5692955494237
1.614,1,0.999999916930215,7.57931018752109
1.616,1,0.999999918591611,7.5935913312807
1.618,1,0.999999920219779,7.53303900575144
1.62,1,0.999999921815383,7.51425996614185
1.622,1,0.999999923379076,7.51960825076818
1.624,1,0.999999924911494,7.53729359612759
1.626,1,0.999999926413264,7.55981170419943
1.628,1,0.999999927884999,7.58268423842946
1.63,1,0.999999929327299,7.60348832736183
1.632,1,0.999999930740753,7.62113622061071
1.634,1,0.999999932125938,7.63535942351029
1.636,1,0.999999933483419,7.64635277557945
1.638,1,0.999999934813751,7.6545389405742
1.64,1,0.999999936117476,7.6604203450271
1.642,1,0.999999937395126,7.66449235821923
1.644,1,0.999999938647224,7.66719769545055
1.646,1,0.999999939874279,7.66890730217616
1.648,1,0.999999941076794,7.66991724464917
1.65,1,0.999999942255258,7.59475552458598
1.652,1,0.999999943410153,7.63779436039145
1.654,1,0.99999994454195,7.58821324150966
1.656,1,0.999999945651111,7.56983867324421
1.658,1,0.999999946738088,7.56991722725739
1.66,1,0.999999947803327,7.57982740593791
1.662,1,0.99999994884726,7.59400180354643
1.664,1,0.999999949870315,7.60905096565733
1.666,1,0.999999950872908,7.62308126762812
1.668,1,0.99999995185545,7.63518356852867
1.67,1,0.999999952818341,7.64506339197771
1.672,1,0.999999953761975,7.65278307014311
1.674,1,0.999999954686735,7.65858903691477
1.676,1,0.999999955593,7.58710265121811
1.678,1,0.99999995648114,7.63285651805903
1.68,1,0.999999957351518,7.58521042465949
1.682,1,0.999999958204487,7.56816399624916
1.684,1,0.999999959040398,7.5691160108675
1.686,1,0.99999995985959,7.57957100381179
1.688,1,0.999999960662398,7.59406120736421
1.69,1,0.99999996144915,7.60927289724059
1.692,1,0.999999962220167,7.62336795676921
1.694,1,0.999999962975764,7.63547649192182
1.696,1,0.999999963716248,7.64533072915235
1.698,1,0.999999964441923,7.65301037938506
1.7,1,0.999999965153085,7.65877256836496
1.702,1,0.999999965850023,7.66294364378819
1.704,1,0.999999966533023,7.66585465391663
1.706,1,0.999999967202362,7.66780648024375
1.708,1,0.999999967858315,7.59335530557037
1.71,1,0.999999968501149,7.56121228923381
1.712,1,0.999999969131126,7.55480076775116
1.714,1,0.999999969748503,7.56274231214172
1.716,1,0.999999970353533,7.57755324667693
1.718,1,0.999999970946463,7.59456522373205
1.72,1,0.999999971527533,7.61107180243818
1.722,1,0.999999972096983,7.62567976399255
1.724,1,0.999999972655043,7.63783361708194
1.726,1,0.999999973201942,7.64747937933221
1.728,1,0.999999973737904,7.65483580548005
1.73,1,0.999999974263145,7.66024548601636
1.732,1,0.999999974777883,7.58838431181388
1.734,1,0.999999975282325,7.55811292540595
1.736,1,0.999999975776678,7.55300526948036
1.738,1,0.999999976261145,7.5618192557746
1.74,1,0.999999976735922,7.57718648651648
1.742,1,0.999999977201204,7.59453128369621
1.744,1,0.99999997765718,7.61121867495749
1.746,1,0.999999978104036,7.62590855172337
1.748,1,0.999999978541955,7.63808350232684
1.75,1,0.999999978971116,7.57201693360765
1.752,1,0.999999979391694,7.62214959827401
1.754,1,0.99999997980386,7.57789505151481
1.756,1,0.999999980207783,7.56337902592939
1.758,1,0.999999980603627,7.56615253267577
1.76,1,0.999999980991555,7.57787124585767
1.762,1,0.999999981371724,7.593203036263
1.764,1,0.999999981744289,7.60894816622478
1.766,1,0.999999982109403,7.62335971066986
1.768,1,0.999999982467215,7.63563781240166
1.77,1,0.999999982817871,7.64556654242729
1.772,1,0.999999983161514,7.57756372140211
1.774,1,0.999999983498284,7.55041759451452
1.776,1,0.999999983828318,7.54773585495379
1.778,1,0.999999984151752,7.55836343294379
1.78,1,0.999999984468716,7.57503876380689
1.782,1,0.999999984779342,7.59329302395847
1.784,1,0.999999985083755,7.61058756073228
1.786,1,0.99999998538208,7.62566346164935
1.788,1,0.999999985674438,7.63806843336678
1.79,1,0.99999998596095,7.64782491898334
1.792,1,0.999999986241731,7.57950736279384
1.794,1,0.999999986516896,7.55200158645238
1.796,1,0.999999986786558,7.54897174469645
1.798,1,0.999999987050827,7.55929173390709
1.8,1,0.99999998730981,7.57571143591918
1.802,1,0.999999987563614,7.59376300229675
1.804,1,0.999999987812342,7.61090307584901
1.806,1,0.999999988056095,7.55016655775914
1.808,1,0.999999988294973,7.60529780100072
1.81,1,0.999999988529074,7.56537174888163
1.812,1,0.999999988758492,7.55439971760851
1.814,1,0.999999988983322,7.5599491375257
1.816,1,0.999999989203656,7.5737602441712
1.818,1,0.999999989419583,7.59061345797277
1.82,1,0.999999989631191,7.60742540627257
1.822,1,0.999999989838568,7.62255607863094
1.824,1,0.999999990041796,7.63529694140489
1.826,1,0.99999999024096,7.56980714489492
1.828,1,0.999999990436141,7.54476652963309
1.83,1,0.999999990627418,7.54376520634049
1.832,1,0.99999999081487,7.55568068533433
1.834,1,0.999999990998572,7.57330751365188
1.836,1,0.999999991178601,7.59223998869972
1.838,1,0.999999991355029,7.61000008642284
1.84,1,0.999999991527928,7.62538221018904
1.842,1,0.99999999169737,7.6379782212042
1.844,1,0.999999991863422,7.64784547434727
1.846,1,0.999999992026154,7.65528386938372
1.848,1,0.999999992185631,7.58499411668796
1.85,1,0.999999992341918,7.63159414346981
1.852,1,0.99999999249508,7.58452382185426
1.854,1,0.999999992645178,7.56785216533272
1.856,1,0.999999992792275,7.56903478831014
1.858,1,0.999999992936429,7.57962076013676
1.86,1,0.999999993077701,7.59417589210356
1.862,1,0.999999993216147,7.60941088348855
1.864,1,0.999999993351824,7.62350474890293
1.866,1,0.999999993484787,7.63559914650028
1.868,1,0.999999993615091,7.64543373993225
1.87,1,0.999999993742789,7.65309274915111
1.872,1,0.999999993867934,7.65883580257908
1.874,1,0.999999993990575,7.66299043377995
1.876,1,0.999999994110763,7.59018914003131
1.878,1,0.999999994228548,7.55923834367062
1.88,1,0.999999994343977,7.55365734566402
1.882,1,0.999999994457098,7.56215458418754
1.884,1,0.999999994567956,7.57731982646348
1.886,1,0.999999994676597,7.59454376137603
1.888,1,0.999999994783065,7.61116547624677
1.89,1,0.999999994887403,7.55012666657164
1.892,1,0.999999994989655,7.52940174453441
1.894,1,0.999999995089862,7.53221803279783
1.896,1,0.999999995188065,7.54730875837877
1.898,1,0.999999995284304,7.56745493398814
1.9,1,0.999999995378618,7.58830837506933
1.902,1,0.999999995471045,7.60748078458581
1.904,1,0.999999995561624,7.62386461135346
1.906,1,0.999999995650392,7.6371445207927
1.908,1,0.999999995737384,7.64745871791363
1.91,1,0.999999995822636,7.65517359899533
1.912,1,0.999999995906183,7.66074107217611
1.914,1,0.99999999598806,7.66461403977278
1.916,1,0.999999996068299,7.66720123454012
1.918,1,0.999999996146933,7.59314857962678
1.92,1,0.999999996223994,7.5612384607918
1.922,1,0.999999996299514,7.55494853940913
1.924,1,0.999999996373524,7.48724141995728
1.926,1,0.999999996446054,7.46916741775688
1.928,1,0.999999996517132,7.47934209107334
1.93,1,0.99999999658679,7.50357502275739
1.932,1,0.999999996655054,7.53291225498589
1.934,1,0.999999996721953,7.5620756793102
1.936,1,0.999999996787514,7.58826811302135
1.938,1,0.999999996851764,7.53459237944349
1.94,1,0.999999996914728,7.5193266912327
1.942,1,0.999999996976434,7.52604826200955
1.944,1,0.999999997036905,7.5438302527741
1.946,1,0.999999997096167,7.56575475092911
1.948,1,0.999999997154244,7.58772421159
1.95,1,0.999999997211159,7.60754934782379
1.952,1,0.999999997266936,7.62427444767053
1.954,1,0.999999997321597,7.63769587788881
1.956,1,0.999999997375165,7.64803111845051
1.958,1,0.999999997427662,7.65570072642347
1.96,1,0.999999997479109,7.58549311649019
1.962,1,0.999999997529526,7.55638877557949
1.964,1,0.999999997578936,7.55207356601121
1.966,1,0.999999997627357,7.56140204757205
1.968,1,0.99999999767481,7.5770847888081
1.97,1,0.999999997721314,7.59460785630011
1.972,1,0.999999997766887,7.61138274554853
1.974,1,0.99999999781155,7.55040416626567
1.976,1,0.999999997855319,7.52968397151574
1.978,1,0.999999997898212,7.53247492572656
1.98,1,0.999999997940248,7.54752678863744
1.982,1,0.999999997981443,7.56763072358308
1.984,1,0.999999998021814,7.58844429180913
1.986,1,0.999999998061378,7.60758202630117
1.988,1,0.999999998100151,7.6239373718642
1.99,1,0.999999998138148,7.63719491368398
1.992,1,0.999999998175385,7.64749221060162
1.994,1,0.999999998211877,7.65519477474105
1.996,1,0.999999998247639,7.58505467277396
1.998,1,0.999999998282687,7.55602960040333
2,1,0.999999998317033,7.55179210673194
2.002,1,0.999999998350692,7.5611898060545
2.004,1,0.999999998383678,7.57693040224758
2.006,1,0.999999998416005,7.59449955588737
2.008,1,0.999999998447685,7.61130970752377
2.01,1,0.999999998478731,7.62605605671713
2.012,1,0.999999998509156,7.63824656078851
2.014,1,0.999999998538973,7.64787110977558
2.016,1,0.999999998568194,7.6551775625676
2.018,1,0.99999999859683,7.66052686676991
2.02,1,0.999999998624893,7.58860572817334
2.022,1,0.999999998652395,7.6339794329466
2.024,1,0.999999998679347,7.58601980631455
2.026,1,0.999999998705761,7.64442523395727
2.028,1,0.999999998731645,7.67808220245939
2.03,1,0.999999998757012,7.69522125110019
2.032,1,0.999999998781872,7.62616231618255
2.034,1,0.999999998806235,7.66935548810266
2.036,1,0.99999999883011,7.61674170423311
2.038,1,0.999999998853508,7.5939344441786
2.04,1,0.999999998876438,7.58927128814309
2.042,1,0.999999998898909,7.59474297336809
2.044,1,0.999999998920931,7.60507861719393
2.046,1,0.999999998942512,7.61698768214558
2.048,1,0.999999998963662,7.62856033238009
2.05,1,0.999999998984389,7.63881142833951
2.052,1,0.999999999004701,7.64734611656336
2.054,1,0.999999999024607,7.65412326014174
2.056,1,0.999999999044115,7.65929438719228
2.058,1,0.999999999063232,7.66309880140472
2.06,1,0.999999999081968,7.66579899089829
2.062,1,0.999999999100328,7.66764389940796
2.064,1,0.999999999118322,7.59315176123818
2.066,1,0.999999999135955,7.5610069918021
2.068,1,0.999999999153236,7.55461479759471
2.07,1,0.999999999170171,7.56258500198806
2.072,1,0.999999999186768,7.5774267441952
2.074,1,0.999999999203033,7.59446763348407
2.076,1,0.999999999218972,7.61099926023551
2.078,1,0.999999999234593,7.62562773727067
2.08,1,0.999999999249901,7.63779766423834
2.082,1,0.999999999264903,7.64745554563457
2.084,1,0.999999999279605,7.65482078611619
2.086,1,0.999999999294013,7.66023664888958
2.088,1,0.999999999308132,7.66407856097977
2.09,1,0.99999999932197,7.59100312862208
2.092,1,0.99999999933553,7.55982582153371
2.094,1,0.99999999934882,7.55406606414455
2.096,1,0.999999999361843,7.56242764759369
2.098,1,0.999999999374606,7.57749360703554
2.1,1,0.999999999387114,7.59464745195609
2.102,1,0.999999999399372,7.61122156033654
2.104,1,0.999999999411385,7.62585074883366
2.106,1,0.999999999423157,7.63799904480032
2.108,1,0.999999999434694,7.57192659920301
2.11,1,0.999999999446,7.5463661282348
2.112,1,0.99999999945708,7.54492973895639
2.114,1,0.999999999467938,7.55649830192939
2.116,1,0.99999999947858,7.57385945585174
2.118,1,0.999999999489008,7.59259579631206
2.12,1,0.999999999499228,7.61021619643221
2.122,1,0.999999999509243,7.62550250292504
2.124,1,0.999999999519058,7.63803555085542
2.126,1,0.999999999528677,7.64786357328209
2.128,1,0.999999999538104,7.65527926384005
2.13,1,0.999999999547342,7.66067677712916
2.132,1,0.999999999556395,7.66446546618638
2.134,1,0.999999999565267,7.66702238647234
2.136,1,0.999999999573962,7.59297124051881
2.138,1,0.999999999582482,7.56107942894367
2.14,1,0.999999999590833,7.5548149649777
2.142,1,0.999999999599016,7.5628335206033
2.144,1,0.999999999607036,7.57767651633621
2.146,1,0.999999999614895,7.5946934224944
2.148,1,0.999999999622597,7.53549105905737
2.15,1,0.999999999630145,7.51718982391858
2.152,1,0.999999999637542,7.52250371299203
2.154,1,0.999999999644791,7.53988494765348
2.156,1,0.999999999651896,7.5619851449082
2.158,1,0.999999999658858,7.58442033517662
2.16,1,0.999999999665681,7.60481988233126
2.162,1,0.999999999672367,7.62212065090749
2.164,1,0.99999999967892,7.63606160430448
2.166,1,0.999999999685341,7.57113623815189
2.168,1,0.999999999691634,7.54626540619671
2.17,1,0.999999999697802,7.54520667976637
2.172,1,0.999999999703846,7.55694928314495
2.174,1,0.999999999709769,7.57435872697949
2.176,1,0.999999999715573,7.59307153998807
2.178,1,0.999999999721262,7.61063244103196
2.18,1,0.999999999726837,7.55014702268841
2.182,1,0.9999999997323,7.52971516502436
2.184,1,0.999999999737654,7.53265678459389
2.186,1,0.999999999742901,7.54777103493455
2.188,1,0.999999999748043,7.56788412929889
2.19,1,0.999999999753082,7.588677571271
2.192,1,0.99999999975802,7.60778155049595
2.194,1,0.99999999976286,7.6240992051857
2.196,1,0.999999999767603,7.63732067757018
2.198,1,0.999999999772251,7.64758632952905
2.2,1,0.999999999776806,7.6552627311141
2.202,1,0.99999999978127,7.66080088967928
2.204,1,0.999999999785644,7.58895340502107
2.206,1,0.999999999789931,7.55863315075794
2.208,1,0.999999999794133,7.55344809384994
2.21,1,0.99999999979825,7.56217710420206
2.212,1,0.999999999802285,7.5774637067514
2.214,1,0.999999999806239,7.5947381516834
2.216,1,0.999999999810115,7.61136761341537
2.218,1,0.999999999813912,7.62601190197684
2.22,1,0.999999999817634,7.56245342658499
2.222,1,0.999999999821281,7.53916839273847
2.224,1,0.999999999824856,7.53965567586539
2.226,1,0.999999999828359,7.55277048814562
2.228,1,0.999999999831791,7.57132403715461
2.23,1,0.999999999835156,7.59094640963872
2.232,1,0.999999999838452,7.60920203827292
2.234,1,0.999999999841683,7.62492714795747
2.236,1,0.99999999984485,7.56205203744239
2.238,1,0.999999999847953,7.53917099566955
2.24,1,0.999999999850994,7.53987343425504
2.242,1,0.999999999853974,7.55308147754957
2.244,1,0.999999999856894,7.57165404478447
2.246,1,0.999999999859757,7.59125398751734
2.248,1,0.999999999862561,7.5337683820013
2.25,1,0.99999999986531,7.5165525596764
2.252,1,0.999999999868004,7.52250809648844
2.254,1,0.999999999870644,7.54023103110005
2.256,1,0.999999999873231,7.56247926890192
2.258,1,0.999999999875766,7.58494462769298
2.26,1,0.999999999878251,7.60530851538927
2.262,1,0.999999999880686,7.62254204385833
2.264,1,0.999999999883072,7.63640555438315
2.266,1,0.999999999885411,7.64710386613052
2.268,1,0.999999999887703,7.65505858319616
2.27,1,0.999999999889949,7.66076529077415
2.272,1,0.99999999989215,7.58901119149913
2.274,1,0.999999999894307,7.63443394557694
2.276,1,0.999999999896421,7.66215453157139
2.278,1,0.999999999898492,7.67770024356361
2.28,1,0.999999999900522,7.68521989842858
2.282,1,0.999999999902512,7.68771782427078
2.284,1,0.999999999904462,7.6872915817641
2.286,1,0.999999999906372,7.68534821375386
2.288,1,0.999999999908245,7.6070887852735
2.29,1,0.99999999991008,7.57155973222028
2.292,1,0.999999999911878,7.56232149255716
2.294,1,0.999999999913641,7.4923146208747
2.296,1,0.999999999915368,7.47251366438361
2.298,1,0.999999999917061,7.48143724819269
2.3,1,0.99999999991872,7.504796303514
2.302,1,0.999999999920345,7.5335470411015
2.304,1,0.999999999921938,7.56233509011152
2.306,1,0.9999999999235,7.58830176736942
2.308,1,0.99999999992503,7.53450233678503
2.31,1,0.999999999926529,7.519179579026
2.312,1,0.999999999927998,7.52588523917805
2.314,1,0.999999999929438,7.54367483595697
2.316,1,0.99999999993085,7.56561872873495
2.318,1,0.999999999932233,7.58761195564303
2.32,1,0.999999999933588,7.60746084348028
2.322,1,0.999999999934916,7.62420734293298
2.324,1,0.999999999936218,7.63764680659369
2.326,1,0.999999999937494,7.64799650589858
2.328,1,0.999999999938744,7.65567723953081
2.33,1,0.999999999939969,7.66117679764326
2.332,1,0.99999999994117,7.58927163023295
2.334,1,0.999999999942346,7.55888921141675
2.336,1,0.999999999943499,7.55364573561278
2.338,1,0.999999999944629,7.56232409000215
2.34,1,0.999999999945737,7.57756917540101
2.342,1,0.999999999946822,7.59481107366066
2.344,1,0.999999999947885,7.61141598409142
2.346,1,0.999999999948928,7.62604240767479
2.348,1,0.999999999949949,7.63817031339428
2.35,1,0.99999999995095,7.64776900966991
2.352,1,0.999999999951931,7.579372836754
2.354,1,0.999999999952892,7.55183841842583
2.356,1,0.999999999953835,7.54880940853272
2.358,1,0.999999999954758,7.55914586323765
2.36,1,0.999999999955663,7.57558874166384
2.362,1,0.99999999995655,7.59366477536
2.364,1,0.999999999957419,7.6108275897257
2.366,1,0.99999999995827,7.55011064743237
2.368,1,0.999999999959105,7.52955892912345
2.37,1,0.999999999959923,7.53245205774028
2.372,1,0.999999999960724,7.54756065798117
2.374,1,0.99999999996151,7.56769150303238
2.376,1,0.99999999996228,7.58851342128736
2.378,1,0.999999999963034,7.6076487852873
2.38,1,0.999999999963773,7.62399627803385
2.382,1,0.999999999964498,7.6372438188524
2.384,1,0.999999999965208,7.6475309563957
2.386,1,0.999999999965904,7.57952536172858
2.388,1,0.999999999966586,7.55218414976899
2.39,1,0.999999999967254,7.54922403700552
2.392,1,0.999999999967909,7.55955630611529
2.394,1,0.999999999968551,7.57595644365427
2.396,1,0.99999999996918,7.59397339677733
2.398,1,0.999999999969796,7.61107424911525
2.4,1,0.9999999999704,7.62599884145892
2.402,1,0.999999999970992,7.63829003336707
2.404,1,0.999999999971572,7.57226506180379
2.406,1,0.999999999972141,7.62239541719195
2.408,1,0.999999999972698,7.65381429542571
2.41,1,0.999999999973244,7.5964562021168
2.412,1,0.999999999973779,7.57312133064181
2.414,1,0.999999999974304,7.57023101922476
2.416,1,0.999999999974818,7.57852720102453
2.418,1,0.999999999975321,7.59196932546032
2.42,1,0.999999999975815,7.60682863020331
2.422,1,0.999999999976299,7.62097703416532
2.424,1,0.999999999976773,7.63334998767206
2.426,1,0.999999999977237,7.64355509280267
2.428,1,0.999999999977692,7.65159707736944
2.43,1,0.999999999978138,7.65769195372797
2.432,1,0.999999999978576,7.66214707356734
2.434,1,0.999999999979004,7.66528815716826
2.436,1,0.999999999979424,7.66741857181382
2.438,1,0.999999999979836,7.66879982480864
2.44,1,0.999999999980239,7.66964529358793
2.442,1,0.999999999980634,7.67012163278114
2.444,1,0.999999999981022,7.67035413582785
2.446,1,0.999999999981401,7.67043367602629
2.448,1,0.999999999981773,7.67042380469856
2.45,1,0.999999999982138,7.67036723256851
2.452,1,0.999999999982495,7.67029134257874
2.454,1,0.999999999982845,7.67021264216703
2.456,1,0.999999999983188,7.59444129295465
2.458,1,0.999999999983524,7.56148716453003
2.46,1,0.999999999983854,7.55461602138052
2.462,1,0.999999999984177,7.63802964260572
2.464,1,0.999999999984493,7.60995351605079
2.466,1,0.999999999984803,7.60089993202465
2.468,1,0.999999999985107,7.60288289877447
2.47,1,0.999999999985405,7.68625386447302
2.472,1,0.999999999985697,7.65339545366796
2.474,1,0.999999999985983,7.63750436350017
2.476,1,0.999999999986263,7.63222879535249
2.478,1,0.999999999986538,7.63313420068095
2.48,1,0.999999999986807,7.63724599903618
2.482,1,0.999999999987071,7.64266165795415
2.484,1,0.99999999998733,7.64823804342569
2.486,1,0.999999999987583,7.65334976261489
2.488,1,0.999999999987831,7.65770921092809
2.49,1,0.999999999988075,7.66123728106147
2.492,1,0.999999999988313,7.66397384599745
2.494,1,0.999999999988547,7.59031936713865
2.496,1,0.999999999988776,7.55890079158576
2.498,1,0.999999999989001,7.55310368438782
2.5,3,0.999999999989221,7.56154033564391
2.502,3,1.03999999998944,7.57673389612276
2.504,3,1.07919999998965,7.59403075957312
2.506,3,1.11761599998985,7.76213982722474
2.508,3,1.15526367999006,7.99407167477904
2.51,3,1.19215840639026,8.38854150588433
2.512,3,1.22831523826245,8.98214333575016
2.514,3,1.2637489334972,9.69903697784925
2.516,3,1.29847395482726,10.486615320252
2.518,3,1.33250447573071,11.3098514578479
2.52,3,1.3658543862161,12.146549433434
2.522,3,1.39853729849178,12.9835455245787
2.524,3,1.43056655252194,13.7380923706833
2.526,3,1.4619552214715,14.5256035537042
2.528,3,1.49271611704207,15.2529673915467
2.53,3,1.52286179470123,15.9521710859027
2.532,3,1.55240455880721,16.567350889403
2.534,3,1.58135646763106,17.1527114720162
2.536,3,1.60972933827844,17.6643993929309
2.538,3,1.63753475151287,18.1620017046969
2.54,3,1.66478405648261,18.6029820580719
2.542,3,1.69148837535296,19.0459469542027
2.544,3,1.7176586078459,19.4462511442353
2.546,3,1.74330543568899,19.8599987239196
2.548,3,1.76843932697521,20.2400791955483
2.55,3,1.7930705404357,20.5646956108675
2.552,3,1.81720912962699,20.827699715853
2.554,3,1.84086494703445,21.0318940951646
2.556,3,1.86404764809376,21.2602763181425
2.558,3,1.88676669513188,21.4790153039854
2.56,3,1.90903136122925,21.7467226705685
2.562,3,1.93085073400466,21.9384198607071
2.564,3,1.95223371932457,22.1463668761882
2.566,3,1.97318904493808,22.3424549029523
2.568,3,1.99372526403931,22.512866493337
2.57,3,2.01385075875853,22.6527682175248
2.572,3,2.03357374358336,22.8382929662389
2.574,3,2.05290226871169,22.9541348625115
2.576,3,2.07184422333746,23.0970869899709
2.578,3,2.09040733887071,23.2403857371605
2.58,3,2.10859919209329,23.3697262857771
2.582,3,2.12642720825143,23.4788587916985
2.584,3,2.1438986640864,23.5664452333716
2.586,3,2.16102069080467,23.6338986764771
2.588,3,2.17780027698858,23.6839596281838
2.59,3,2.19424427144881,23.7955048403557
2.592,3,2.21035938601983,23.9288249649223
2.594,3,2.22615219829943,24.0605975078475
2.596,3,2.24162915433344,24.1028405193739
2.598,3,2.25679657124678,24.1688752457441
2.6,3,2.27166063982184,24.1653796533743
2.602,3,2.2862274270254,24.2008537626207
2.604,3,2.3005028784849,24.2536057275259
2.606,3,2.3144928209152,24.3103639966491
2.608,3,2.32820296449689,24.3636566480786
2.61,3,2.34163890520696,24.3341427081461
2.612,3,2.35480612710282,24.3390873448936
2.614,3,2.36771000456076,24.3619176013925
2.616,3,2.38035580446955,24.3920313818658
2.618,3,2.39274868838015,24.4230566945396
2.62,3,2.40489371461255,24.4515059690952
2.622,3,2.4167958403203,24.4757738451447
2.624,3,2.42845992351389,24.5711159346598
2.626,3,2.43989072504362,24.6192466557625
2.628,3,2.45109291054274,24.6374535212606
2.63,3,2.46207105233189,24.6379077610741
2.632,3,2.47282963128525,24.7045502205987
2.634,3,2.48337303865955,24.7242085940218
2.636,3,2.49370557788636,24.7168744089767
2.638,3,2.50383146632863,24.6958713939846
2.64,3,2.51375483700206,24.6696529453291
2.642,3,2.52347974026202,24.7189401534339
2.644,3,2.53301014545678,24.7279243147997
2.646,3,2.54234994254764,24.7145318129659
2.648,3,2.55150294369669,24.7662285693528
2.65,3,2.56047288482275,24.7718303448525
2.652,3,2.5692634271263,24.8279998893966
2.654,3,2.57787815858377,24.829890012514
2.656,3,2.5863205954121,24.8783502097278
2.658,3,2.59459418350385,24.9468591768853
2.66,3,2.60270229983378,24.9435978542466
2.662,3,2.6106482538371,24.9780887381812
2.664,3,2.61843528876036,24.9536064207862
2.666,3,2.62606658298515,24.9757942656295
2.668,3,2.63354525132545,25.0206772255967
2.67,3,2.64087434629894,24.9975327452499
2.672,3,2.64805685937296,25.0160985828854
2.674,3,2.6550957221855,25.0550723780148
2.676,3,2.66199380774179,25.0253824101522
2.678,3,2.66875393158696,25.0377094807839
2.68,3,2.67537885295522,25.0712237967821
2.682,3,2.68187127589611,25.0370287023738
2.684,3,2.68823385037819,24.9701052366885
2.686,3,2.69446917337063,24.9680346958837
2.688,3,2.70057978990321,25.0007486962475
2.69,3,2.70656819410515,24.9730824796711
2.692,3,2.71243683022305,24.9916504296843
2.694,3,2.71818809361859,24.9573393694809
2.696,3,2.72382433174621,24.9739180093305
2.698,3,2.72934784511129,24.9402963500548
2.7,3,2.73476088820906,24.9589246635316
2.702,3,2.74006567044488,25.0035746110254
2.704,3,2.74526435703599,25.0576927643224
2.706,3,2.75035906989527,25.1115182059963
2.708,3,2.75535188849736,25.2355741306076
2.71,3,2.76024485072741,25.2334359421775
2.712,3,2.76503995371286,25.1642209014325
2.714,3,2.76973915463861,25.0660711054749
2.716,3,2.77434437154584,24.962180023606
2.718,3,2.77885748411492,24.9411801907789
2.72,3,2.78328033443262,24.9664513487554
2.722,3,2.78761472774397,24.9382015514234
2.724,3,2.79186243318909,24.8842020226646
2.726,3,2.79602518452531,24.8975009534711
2.728,3,2.8001046808348,24.9453715013998
2.73,3,2.80410258721811,24.9312524080065
2.732,3,2.80802053547374,24.9611722735823
2.734,3,2.81186012476427,24.9359222345193
2.736,3,2.81562292226898,24.9594460822043
2.738,3,2.8193104638236,25.0066549124309
2.74,3,2.82292425454713,24.9861345547289
2.742,3,2.82646576945619,25.0072245554502
2.744,3,2.82993645406706,25.0484200893816
2.746,3,2.83333772498572,25.096270245706
2.748,3,2.83667097048601,25.0672471702091
2.75,3,2.83993755107629,25.0757979478955
2.752,3,2.84313880005476,25.1035395280989
2.754,3,2.84627602405367,25.0630769220547
2.756,3,2.84935050357259,25.065939621902
2.758,3,2.85236349350114,25.0916212435007
2.76,3,2.85531622363112,25.0512365357759
2.762,3,2.8582098991585,25.0553093710218
2.764,3,2.86104570117533,25.0826854118587
2.766,3,2.86382478715182,25.1197850332516
2.768,3,2.86654829140878,25.0827088553294
2.77,3,2.86921732558061,25.0854396362192
2.772,3,2.871832979069,25.0334274254468
2.774,3,2.87439631948762,25.0330580558972
2.776,3,2.87690839309786,25.0602615883065
2.778,3,2.87937022523591,25.0237834515899
2.78,3,2.88178282073119,25.0326488178928
2.782,3,2.88414716431656,25.0648167881265
2.784,3,2.88646422103023,25.106235073631
2.786,3,2.88873493660963,25.1484978929509
2.788,3,2.89096023787744,25.1113409348588
2.79,3,2.89314103311989,25.1112027700239
2.792,3,2.89527821245749,25.1308170088083
2.794,3,2.89737264820834,25.1590275664361
2.796,3,2.89942519524417,25.1890374913504
2.798,3,2.90143669133929,25.1413460772085
2.8,3,2.9034079575125,25.1326294528887
2.802,3,2.90533979836225,25.1455548478913
2.804,3,2.90723300239501,25.0930453672734
2.806,3,2.90908834234711,25.1622257114505
2.808,3,2.91090657550017,25.138066548353
2.81,3,2.91268844399016,25.1422212172261
2.812,3,2.91443467511036,25.1610630371212
2.814,3,2.91614598160815,25.1101776527444
2.816,3,2.91782306197599,25.1028341737722
2.818,3,2.91946660073647,25.1194324189145
2.82,3,2.92107726872174,25.0714595167923
2.822,3,2.92265572334731,25.0694903274873
2.824,3,2.92420260888036,25.0922450999383
2.826,3,2.92571855670275,25.1259371143478
2.828,3,2.9272041855687,25.1621357000752
2.83,3,2.92866010185732,25.1960981558966
2.832,3,2.93008689982018,25.2255163262729
2.834,3,2.93148516182377,25.3253069017252
2.836,3,2.9328554585873,25.3013739323175
2.838,3,2.93419834941555,25.2895314170294
2.84,3,2.93551438242724,25.2096055368547
2.842,3,2.9368040947787,25.1769642546931
2.844,3,2.93806801288312,25.1727571284977
2.846,3,2.93930665262546,25.1841265873001
2.848,3,2.94052051957295,25.2026795065127
2.85,3,2.94171010918149,25.1475326966916
2.852,3,2.94287590699786,25.1342301906967
2.854,3,2.94401838885791,25.1445523641481
2.856,3,2.94513802108075,25.1664526802722
2.858,3,2.94623526065913,25.1166661782743
2.86,3,2.94731055544595,25.1092682418777
2.862,3,2.94836434433703,25.1252024327426
2.864,3,2.94939705745029,25.076305973121
2.866,3,2.95040911630128,24.9976670905635
2.868,3,2.95140093397526,25.062328451485
2.87,3,2.95237291529575,25.1213181062319
2.872,3,2.95332545698984,25.0957625908856
2.874,3,2.95425894785004,25.1033479449088
2.876,3,2.95517376889304,25.1278556764546
2.878,3,2.95607029351518,25.0832688443686
2.88,3,2.95694888764488,25.0819396054081
2.882,3,2.95780990989198,25.1038069108951
2.884,3,2.95865371169414,25.1358846146041
2.886,3,2.95948063746026,25.094541738146
2.888,3,2.96029102471105,25.0938296166899
2.89,3,2.96108520421683,25.1148524779335
2.892,3,2.96186350013249,25.0696908446158
2.894,3,2.96262623012984,25.0693952111158
2.896,3,2.96337370552725,25.0173528091302
2.898,3,2.9641062314167,25.0185538423821
2.9,3,2.96482410678837,25.0480262367698
2.902,3,2.9655276246526,25.089664376981
2.904,3,2.96621707215955,25.1336798870955
2.906,3,2.96689273071636,25.0989199587099
2.908,3,2.96755487610203,25.1012858137746
2.91,3,2.96820377857999,25.047515066097
2.912,3,2.96883970300839,25.0448176337965
2.914,3,2.96946290894822,25.0696191975236
2.916,3,2.97007365076926,25.1066356672734
2.918,3,2.97067217775387,25.0708129425196
2.92,3,2.97125873419879,25.0753861559131
2.922,3,2.97183355951482,25.1767464214962
2.924,3,2.97239688832452,25.1683127572638
2.926,3,2.97294895055803,25.1778672282562
2.928,3,2.97348997154687,25.1960701529443
2.93,3,2.97402017211593,25.2170879574921
2.932,3,2.97453976867362,25.2375323081829
2.934,3,2.97504897330014,25.1799541936944
2.936,3,2.97554799383414,25.1621554197833
2.938,3,2.97603703395746,25.1673240314291
2.94,3,2.97651629327831,25.1085300289758
2.942,3,2.97698596741274,25.0971322147182
2.944,3,2.97744624806449,25.1878303287902
2.946,3,2.9778973231032,25.1726175677042
2.948,3,2.97833937664113,25.1781324929983
2.95,3,2.97877258910831,25.1184563958273
2.952,3,2.97919713732615,25.105608547264
2.954,3,2.97961319457962,25.1189979912964
2.956,3,2.98002093068803,25.1450559203311
2.958,3,2.98042051207427,25.2509959073927
2.96,3,2.98081210183279,25.3133749806967
2.962,3,2.98119585979613,25.2706714813367
2.964,3,2.98157194260021,25.1761516364429
2.966,3,2.9819405037482,25.0633315655513
2.968,3,2.98230169367324,25.0275874551098
2.97,3,2.98265565979977,25.0364687709989
2.972,3,2.98300254660378,24.9925693137653
2.974,3,2.9833424956717,24.9248593567014
2.976,3,2.98367564575827,24.9268350406897
2.978,3,2.9840021328431,24.9657727689939
2.98,3,2.98432209018624,25.0205760057809
2.982,3,2.98463564838252,25.0027310999468
2.984,3,2.98494293541487,25.0236096633061
2.986,3,2.98524407670657,25.0630753115295
2.988,3,2.98553919517244,25.1085566641419
2.99,3,2.98582841126899,25.0770578994239
2.992,3,2.98611184304361,25.083320336267
2.994,3,2.98638960618274,25.1090993217254
2.996,3,2.98666181405908,25.1427404298215
2.998,3,2.9869285777779,25.177253451062
3,3,2.98719000622234,25.2088250858944
3.002,3,2.98744620609789,25.2357123504833
3.004,3,2.98769728197594,25.1817492806568
3.006,3,2.98794333633642,25.1657009144374
3.008,3,2.98818446960969,25.171452933563
3.01,3,2.9884207802175,25.1882614208124
3.012,3,2.98865236461315,25.2093063892266
3.014,3,2.98887931732088,25.1548343162732
3.016,3,2.98910173097447,25.1411709453284
3.018,3,2.98931969635498,25.1506156771839
3.02,3,2.98953330242788,25.1714497082205
3.022,3,2.98974263637932,25.1206014661364
3.024,3,2.98994778365173,25.112249002637
3.026,3,2.9901488279787,25.1273800414147
3.028,3,2.99034585141912,25.1535393298931
3.03,3,2.99053893439074,25.182997166119
3.032,3,2.99072815570293,25.1356075293223
3.034,3,2.99091359258887,25.1276181874843
3.036,3,2.99109532073709,25.1414259683892
3.038,3,2.99127341432235,25.1654934059483
3.04,3,2.9914479460359,25.1926560276548
3.042,3,2.99161898711518,25.218788187232
3.044,3,2.99178660737288,25.2417917539785
3.046,3,2.99195087522542,25.1851578470114
3.048,3,2.99211185772091,25.1673489533978
3.05,3,2.9922696205665,25.1719995879013
3.052,3,2.99242422815517,25.1881668539334
3.054,3,2.99257574359206,25.1331803328892
3.056,3,2.99272422872022,25.1213798159011
3.058,3,2.99286974414582,25.1337711451157
3.06,3,2.9930123492629,25.157838818141
3.062,3,2.99315210227764,25.1857570429356
3.064,3,2.99328906023209,25.1372740819795
3.066,3,2.99342327902745,25.1285372873049
3.068,3,2.9935548134469,25.1418558078397
3.07,3,2.99368371717796,25.1656199437339
3.072,3,2.9938100428344,25.1169094356962
3.074,3,2.99393384197771,25.1100612208123
3.076,3,2.99405516513816,25.2019091821296
3.078,3,2.9941740618354,25.1859200032355
3.08,3,2.99429058059869,25.1897080375195
3.082,3,2.99440476898671,25.203667603112
3.084,3,2.99451667360698,25.2973718882446
3.086,3,2.99462634013484,25.3486496448288
3.088,3,2.99473381333214,25.2965453496115
3.09,3,2.9948391370655,25.1944592638735
3.092,3,2.99494235432419,25.1514968297694
3.094,3,2.99504350723771,25.2199988204541
3.096,3,2.99514263709295,25.1897759756118
3.098,3,2.99523978435109,25.1855939166752
3.1,3,2.99533498866407,25.1200108836872
3.102,3,2.99542828889079,25.1038599798178
3.104,3,2.99551972311298,25.1156607805133
3.106,3,2.99560932865072,25.1412009995435
3.108,3,2.9956971420777,25.1715464865368
3.11,3,2.99578319923615,25.2014592078953
3.112,3,2.99586753525142,25.1524899896249
3.114,3,2.9959501845464,25.0662932504281
3.116,3,2.99603118085547,24.9687537255528
3.118,3,2.99611055723836,25.0261907217054
3.12,3,2.99618834609359,25.0848949284605
3.122,3,2.99626457917172,25.0627820331273
3.124,3,2.99633928758829,25.0754580749666
3.126,3,2.99641250183652,25.1054328287682
3.128,3,2.99648425179979,25.141673028194
3.13,3,2.99655456676379,25.1776772575939
3.132,3,2.99662347542852,25.2100021905556
3.134,3,2.99669100591995,25.237174945189
3.136,3,2.99675718580155,25.1832197490169
3.138,3,2.99682204208552,25.1670304516939
3.14,3,2.99688560124381,25.1725761049675
3.142,3,2.99694788921893,25.1891637034371
3.144,3,2.99700893143455,25.2100018401595
3.146,3,2.99706875280586,25.2310497620312
3.148,3,2.99712737774974,25.2501321966864
3.15,3,2.99718483019475,25.1905843366608
3.152,3,2.99724113359085,25.1706861229217
3.154,3,2.99729631091904,25.1738933469349
3.156,3,2.99735038470066,25.1891040664492
3.158,3,2.99740337700664,25.2092139243511
3.16,3,2.99745530946651,25.2299512853076
3.162,3,2.99750620327718,25.1732776236042
3.164,3,2.99755607921164,25.1566200634449
3.166,3,2.9976049576274,25.1629434987252
3.168,3,2.99765285847485,25.1808965179756
3.17,3,2.99769980130536,25.2032786483471
3.172,3,2.99774580527925,25.2258133945292
3.174,3,2.99779088917367,25.2462054265902
3.176,3,2.99783507139019,25.2634423305186
3.178,3,2.99787836996239,25.2015967586693
3.18,3,2.99792080256314,25.1793865009775
3.182,3,2.99796238651188,25.1805022286041
3.184,3,2.99800313878164,25.193945472179
3.186,3,2.99804307600601,25.1369361500854
3.188,3,2.99808221448589,25.1236863723326
3.19,3,2.99812057019617,25.1350772941377
3.192,3,2.99815815879225,25.1584826288211
3.194,3,2.9981949956164,25.1859841470409
3.196,3,2.99823109570407,25.2129554976359
3.198,3,2.99826647378999,25.1612832746056
3.2,3,2.99830114431419,25.1484763231888
3.202,3,2.99833512142791,25.1576566940633
3.204,3,2.99836841899935,25.1776548448371
3.206,3,2.99840105061936,25.2014473988071
3.208,3,2.99843302960697,25.2249149331478
3.21,3,2.99846436901484,25.245893011176
3.212,3,2.99849508163454,25.2634732344684
3.214,3,2.99852518000185,25.2018076736216
3.216,3,2.99855467640181,25.1039736653348
3.218,3,2.99858358287378,25.0722090493697
3.22,3,2.9986119112163,25.0788082941566
3.222,3,2.99863967299197,25.1052121894719
3.224,3,2.99866687953213,25.1395701499322
3.226,3,2.99869354194149,25.0990793799752
3.228,3,2.99871967110266,25.0983737623882
3.23,3,2.99874527768061,25.0432526846756
3.232,3,2.998770372127,25.0402559239377
3.234,3,2.99879496468446,25.0653481056556
3.236,3,2.99881906539077,25.1029410755107
3.238,3,2.99884268408295,25.0677903876041
3.24,3,2.99886583040129,25.0730202515519
3.242,3,2.99888851379327,25.099265237086
3.244,3,2.9989107435174,25.1341254060368
3.246,3,2.99893252864705,25.1701387107097
3.248,3,2.99895387807411,25.2032125074477
3.25,3,2.99897480051263,25.1557557604469
3.252,3,2.99899530450238,25.1457420841138
3.254,3,2.99901539841233,25.1566817140056
3.256,3,2.99903509044408,25.1020152271637
3.258,3,2.9990543886352,25.0934612280558
3.26,3,2.9990733008625,25.110339085187
3.262,3,2.99909183484525,25.1391116685376
3.264,3,2.99910999814834,25.1713868911673
3.266,3,2.99912779818538,25.2023443170742
3.268,3,2.99914524222167,25.1538447882788
3.27,3,2.99916233737724,25.143463696319
3.272,3,2.99917909062969,25.1544322846191
3.274,3,2.9991955088171,25.1757021661301
3.276,3,2.99921159864076,25.2003655405043
3.278,3,2.99922736666794,25.224404179576
3.28,3,2.99924281933458,25.2457371853526
3.282,3,2.99925796294789,25.2635220388368
3.284,3,2.99927280368893,25.277659689604
3.286,3,2.99928734761515,25.2884572875188
3.288,3,2.99930160066285,25.2964082577697
3.29,3,2.99931556864959,25.3020566501781
3.292,3,2.9993292572766,25.3059198125279
3.294,3,2.99934267213107,25.3084497946478
3.296,3,2.99935581868845,25.3100192133561
3.298,3,2.99936870231468,25.310921555238
3.3,3,2.99938132826839,25.3113791479344
3.302,3,2.99939370170302,25.3115544336102
3.304,3,2.99940582766896,25.3115618905348
3.306,3,2.99941771111558,25.3114791236292
3.308,3,2.99942935689327,25.2356574996219
3.31,3,2.9994407697554,25.202633419627
3.312,3,2.99945195436029,25.1956887370089
3.314,3,2.99946291527309,25.203335246043
3.316,3,2.99947365696763,25.2180072349403
3.318,3,2.99948418382827,25.2349772082414
3.32,3,2.99949450015171,25.251497619119
3.322,3,2.99950461014867,25.2661478199022
3.324,3,2.9995145179457,25.2783548902856
3.326,3,2.99952422758679,25.2880544710998
3.328,3,2.99953374303505,25.2954597247353
3.33,3,2.99954306817435,25.3009107523909
3.332,3,2.99955220681086,25.3804806912607
3.334,3,2.99956116267465,25.4160193719501
3.336,3,2.99956993942115,25.3488737284945
3.338,3,2.99957854063273,25.3093017686836
3.34,3,2.99958696982008,25.2883379511454
3.342,3,2.99959523042367,25.2793652152154
3.344,3,2.9996033258152,25.3533707275287
3.346,3,2.9996112592989,25.3886180500329
3.348,3,2.99961903411292,25.3240214537383
3.35,3,2.99962665343066,25.2882614909528
3.352,3,2.99963412036205,25.1957079404331
3.354,3,2.99964143795481,25.1577051039557
3.356,3,2.99964860919571,25.1525399487695
3.358,3,2.9996556370118,25.2410928508773
3.36,3,2.99966252427156,25.219479442455
3.362,3,2.99966927378613,25.1412574833091
3.364,3,2.99967588831041,25.1162704303002
3.366,3,2.9996823705442,25.1221348511451
3.368,3,2.99968872313331,25.1438707716763
3.37,3,2.99969494867065,25.1719242751293
3.372,3,2.99970104969723,25.2005776031577
3.374,3,2.99970702870329,25.1510238754676
3.376,3,2.99971288812922,25.1403590877174
3.378,3,2.99971863036664,25.151482819353
3.38,3,2.99972425775931,25.1731265252967
3.382,3,2.99972977260412,25.1982434319211
3.384,3,2.99973517715204,25.2227333423585
3.386,3,2.999740473609,25.1687729576009
3.388,3,2.99974566413682,25.1540067348371
3.39,3,2.99975075085408,25.2372954918031
3.392,3,2.999755735837,25.2132499762034
3.394,3,2.99976062112026,25.2100449360829
3.396,3,2.99976540869785,25.2182685574675
3.398,3,2.9997701005239,25.2317744093139
3.4,3,2.99977469851342,25.2467638217691
3.402,3,2.99977920454315,25.2610648869257
3.404,3,2.99978362045229,25.1978885426223
3.406,3,2.99978794804324,25.1753346908481
3.408,3,2.99979218908238,25.1766671085225
3.41,3,2.99979634530073,25.1906044044408
3.412,3,2.99980041839472,25.2098871835299
3.414,3,2.99980441002682,25.230117090299
3.416,3,2.99980832182628,25.2488554026502
3.418,3,2.99981215538976,25.2649489855857
3.42,3,2.99981591228196,25.2780440010558
3.422,3,2.99981959403632,25.2882477260448
3.424,3,2.9998232021556,25.2959027205778
3.426,3,2.99982673811249,25.2257442728049
3.428,3,2.99983020335024,25.1967182476917
3.43,3,2.99983359928323,25.1924891694538
3.432,3,2.99983692729757,25.2018994488391
3.434,3,2.99984018875162,25.2176536041112
3.436,3,2.99984338497658,25.1595365829474
3.438,3,2.99984651727705,25.1434655963583
3.44,3,2.99984958693151,25.1514000920226
3.442,3,2.99985259519288,25.1713514323355
3.444,3,2.99985554328902,25.1957411484072
3.446,3,2.99985843242324,25.2200902795142
3.448,3,2.99986126377478,25.1663156897462
3.45,3,2.99986403849928,25.1518910572272
3.452,3,2.9998667577293,25.1598718446451
3.454,3,2.99986942257471,25.179011739685
3.456,3,2.99987203412322,25.277911661182
3.458,3,2.99987459344075,25.409579344843
3.46,3,2.99987710157194,25.4700251090267
3.462,3,2.9998795595405,25.4865289208522
3.464,3,2.99988196834969,25.4022746934892
3.466,3,2.99988432898269,25.2726108948267
3.468,3,2.99988664240304,25.1315315914037
3.47,3,2.99988890955498,25.0739883207373
3.472,3,2.99989113136388,25.0666665383394
3.474,3,2.9998933087366,25.086845954837
3.476,3,2.99989544256187,25.1196976395929
3.478,3,2.99989753371063,25.0803650474765
3.48,3,2.99989958303642,25.1578229294231
3.482,3,2.99990159137569,25.1385119641634
3.484,3,2.99990355954818,25.145207776755
3.486,3,2.99990548835721,25.1651097966715
3.488,3,2.99990737859007,25.1900892393941
3.49,3,2.99990923101827,25.1396117216593
3.492,3,2.9999110463979,25.1295806948393
3.494,3,2.99991282546994,25.1421061384766
3.496,3,2.99991456896055,25.1654226916971
3.498,3,2.99991627758134,25.1921919140586
3.5,3,2.99991795202971,25.2181601155957
3.502,3,2.99991959298911,25.2411382465654
3.504,3,2.99992120112933,25.1845552755999
3.506,3,2.99992277710675,25.1668330129546
3.508,3,2.99992432156461,25.1715807611822
3.51,3,2.99992583513332,25.1878411457016
3.512,3,2.99992731843065,25.1329364224208
3.514,3,2.99992877206204,25.1212035937646
3.516,3,2.9999301966208,25.1336484074595
3.518,3,2.99993159268838,25.1577567126321
3.52,3,2.99993296083461,25.1857047063569
3.522,3,2.99993430161792,25.1372427838865
3.524,3,2.99993561558556,25.1285202961274
3.526,3,2.99993690327385,25.1418481222061
3.528,3,2.99993816520838,25.0899190607685
3.53,3,2.99993940190421,25.0840185262967
3.532,3,2.99994061386612,25.1032431929335
3.534,3,2.9999418015888,25.1339674535884
3.536,3,2.99994296555703,25.1677910425012
3.538,3,2.99994410624588,25.1999289678513
3.54,3,2.99994522412097,25.2279961955059
3.542,3,2.99994631963855,25.2511227646859
3.544,3,2.99994739324578,25.2693324276018
3.546,3,2.99994844538086,25.2074242106744
3.548,3,2.99994947647324,25.2603043212577
3.55,3,2.99995048694378,25.2177737501443
3.552,3,2.9999514772049,25.2042658266934
3.554,3,2.99995244766081,25.2075662294207
3.556,3,2.99995339870759,25.2195032524064
3.558,3,2.99995433073344,25.2348672652615
3.56,3,2.99995524411877,25.2505422139241
3.562,3,2.99995613923639,25.1891369833728
3.564,3,2.99995701645167,25.1683912503163
3.566,3,2.99995787612263,25.1713730639389
3.568,3,2.99995871860018,25.1867123344828
3.57,3,2.99995954422818,25.2071267914815
3.572,3,2.99996035334361,25.2282325592869
3.574,3,2.99996114627674,25.2476238847012
3.576,3,2.9999619233512,25.2641872062685
3.578,3,2.99996268488418,25.2019089577054
3.58,3,2.9999634311865,25.1794371799275
3.582,3,2.99996416256277,25.2561073784589
3.584,3,2.99996487931151,25.3023750443938
3.586,3,2.99996558172528,25.2521664419169
3.588,3,2.99996627009078,25.231170097607
3.59,3,2.99996694468896,25.1521233414105
3.592,3,2.99996760579518,25.2013229993558
3.594,3,2.99996825367928,25.3140490349186
3.596,3,2.99996888860569,25.2981244809182
3.598,3,2.99996951083358,25.2151739180563
3.6,3,2.99997012061691,25.1803702695594
3.602,3,2.99997071820457,25.174673989187
3.604,3,2.99997130384048,25.1850602304671
3.606,3,2.99997187776367,25.2029967420007
3.608,3,2.9999724402084,25.2231888656205
3.61,3,2.99997299140423,25.2425908200097
3.612,3,2.99997353157614,25.2596565526204
3.614,3,2.99997406094462,25.1980933519229
3.616,3,2.99997457972573,25.1763794295603
3.618,3,2.99997508813121,25.1780565938864
3.62,3,2.99997558636859,25.2677394929165
3.622,3,2.99997607464122,25.2440986912817
3.624,3,2.99997655314839,25.2380648022965
3.626,3,2.99997702208543,25.2420146050221
3.628,3,2.99997748164372,25.2508979757745
3.63,3,2.99997793201084,25.261535217658
3.632,3,2.99997837337063,25.2720577863624
3.634,3,2.99997880590321,25.2814806743503
3.636,3,2.99997922978515,25.2136882828356
3.638,3,2.99997964518945,25.2628126572732
3.64,3,2.99998005228566,25.2937308473041
3.642,3,2.99998045123994,25.3118898262395
3.644,3,2.99998084221515,25.2457543372503
3.646,3,2.99998122537084,25.2168984772394
3.648,3,2.99998160086343,25.2107684238045
3.65,3,2.99998196884616,25.2173609953174
3.652,3,2.99998232946923,25.2300867288887
3.654,3,2.99998268287985,25.1691278246786
3.656,3,2.99998302922225,25.1505949018149
3.658,3,2.99998336863781,25.1565130357531
3.66,3,2.99998370126505,25.1748846057878
3.662,3,2.99998402723975,25.1980832633083
3.664,3,2.99998434669496,25.2215661533649
3.666,3,2.99998465976106,25.2428829305206
3.668,3,2.99998496656583,25.2609408344136
3.67,3,2.99998526723452,25.2754788328812
3.672,3,2.99998556188983,25.2867051418707
3.674,3,2.99998585065203,25.2950576347263
3.676,3,2.99998613363899,25.2253545062222
3.678,3,2.99998641096621,25.1966097300277
3.68,3,2.99998668274689,25.1925413266113
3.682,3,2.99998694909195,25.2020321316113
3.684,3,2.99998721011011,25.2178161286309
3.686,3,2.99998746590791,25.2353978965152
3.688,3,2.99998771658975,25.2522030017268
3.69,3,2.99998796225796,25.1912364680462
3.692,3,2.9999882030128,25.2462163591152
3.694,3,2.99998843895254,25.2061958367555
3.696,3,2.99998867017349,25.1951689890599
3.698,3,2.99998889677002,25.1249912288292
3.7,3,2.99998911883462,25.105898832995
3.702,3,2.99998933645793,25.1159299758805
3.704,3,2.99998954972877,25.1405000282728
3.706,3,2.99998975873419,25.2460963140962
3.708,3,2.99998996355951,25.2330767754795
3.71,3,2.99999016428832,25.2337940629049
3.712,3,2.99999036100255,25.1660662435332
3.714,3,2.9999905537825,25.0685273199764
3.716,3,2.99999074270685,25.0404184600148
3.718,3,2.99999092785271,25.0521045935496
3.72,3,2.99999110929566,25.0838564152008
3.722,3,2.99999128710975,25.0474747528358
3.724,3,2.99999146136755,25.0540533224559
3.726,3,2.9999916321402,25.0828894113553
3.728,3,2.9999917994974,25.0450484924306
3.73,3,2.99999196350745,25.0510884350893
3.732,3,2.9999921242373,25.0799299457024
3.734,3,2.99999228175255,25.1180829229149
3.736,3,2.9999924361175,25.1574353134149
3.738,3,2.99999258739515,25.1178443993726
3.74,3,2.99999273564725,25.1157665602082
3.742,3,2.9999928809343,25.1338961184347
3.744,3,2.99999302331562,25.0853122168681
3.746,3,2.99999316284931,25.1573489479168
3.748,3,2.99999329959232,25.1351941543215
3.75,3,2.99999343360047,25.1407010657137
3.752,3,2.99999356492846,25.1604139469268
3.754,3,2.99999369362989,25.1857560009146
3.756,3,2.9999938197573,25.2115984220745
3.758,3,2.99999394336215,25.1594581812851
3.76,3,2.99999406449491,25.1465818079063
3.762,3,2.99999418320501,25.1559121435045
3.764,3,2.99999429954091,25.1761624371118
3.766,3,2.99999441355009,25.2002367307415
3.768,3,2.99999452527909,25.2239739794562
3.77,3,2.99999463477351,25.2451887401216
3.772,3,2.99999474207804,25.2629646735802
3.774,3,2.99999484723648,25.2771525778515
3.776,3,2.99999495029175,25.2880270213292
3.778,3,2.99999505128591,-4935.78390633372
3.78,3,2.99999515026019,-7091.43351847672
3.782,3,2.99999524725499,-7538.45158334864
3.784,3,2.99999534230989,-7030.21669002741
3.786,3,2.99999543546369,-6062.94414338444
3.788,3,2.99999552675442,-4946.29869539256
3.79,3,2.99999561621933,-3860.21470559993
3.792,3,2.99999570389494,-2897.54286590733
3.794,3,2.99999578981704,-2095.76314174731
3.796,3,2.9999958740207,-1458.9807864239
3.798,3,2.99999595654029,-972.948774038404
3.8,3,2.99999603740948,-615.267693375192
3.802,3,2.99999611666129,-361.326239366945
3.804,3,2.99999619432807,-187.762742875293
3.806,3,2.99999627044151,-74.1875566691816
3.808,3,2.99999634503268,-3.80812095605724
3.81,3,2.99999641813202,36.5927641224479
3.812,3,2.99999648976938,56.9456987630704
3.814,3,2.99999655997399,64.6758232384333
3.816,3,2.99999662877452,64.9124143984061
3.818,3,2.99999669619902,61.1300327959092
3.82,3,2.99999676227504,55.5780033744045
3.822,3,2.99999682702954,49.6303445007731
3.824,3,2.99999689048895,44.0587426996114
3.826,3,2.99999695267917,39.2375531083566
3.828,3,2.99999701362559,35.2166237584652
3.83,3,2.99999707335308,32.1706483202334
3.832,3,2.99999713188602,29.8694542477035
3.834,3,2.9999971892483,28.1925033267203
3.836,3,2.99999724546333,26.9382142052551
3.838,3,2.99999730055406,26.1087846061089
3.84,3,2.99999735454298,25.5877555038736
3.842,3,2.99999740745212,25.2825919463877
3.844,3,2.99999745930308,25.1226483551374
3.846,3,2.99999751011702,25.0559232097891
3.848,3,2.99999755991468,24.9697896031187
3.85,3,2.99999760871639,24.9575071869965
3.852,3,2.99999765654206,24.9858151432738
3.854,3,2.99999770341122,25.1086713006764
3.856,3,2.99999774934299,25.1941171100971
3.858,3,2.99999779435613,25.2511822082079
3.86,3,2.99999783846901,25.2117834281131
3.862,3,2.99999788169963,25.2005366260537
3.864,3,2.99999792406564,25.1297118195591
3.866,3,2.99999796558432,25.1098085089658
3.868,3,2.99999800627264,25.1190213949547
3.87,3,2.99999804614718,25.1428500342732
3.872,3,2.99999808522424,25.1721201377288
3.874,3,2.99999812351976,25.2014028374097
3.876,3,2.99999816104936,25.1521032492229
3.878,3,2.99999819782837,25.1414674411168
3.88,3,2.99999823387181,25.2281961525506
3.882,3,2.99999826919437,25.2068829216805
3.884,3,2.99999830381048,25.2057631644626
3.886,3,2.99999833773427,25.215521272143
3.888,3,2.99999837097959,25.2301164726481
3.89,3,2.99999840356,25.2458503678019
3.892,3,2.9999984354888,25.2606385523993
3.894,3,2.99999846677902,25.2734629399522
3.896,3,2.99999849744344,25.208275578532
3.898,3,2.99999852749457,25.1836242742419
3.9,3,2.99999855694468,25.1830201615019
3.902,3,2.99999858580578,25.1952978600688
3.904,3,2.99999861408967,25.1375335831255
3.906,3,2.99999864180788,25.1995212097741
3.908,3,2.99999866897172,25.2435448218535
3.91,3,2.99999869559228,25.2736448967513
3.912,3,2.99999872168044,25.2933500528947
3.914,3,2.99999874724683,25.229868802361
3.916,3,2.99999877230189,25.203996046606
3.918,3,2.99999879685585,25.2007300311623
3.92,3,2.99999882091874,25.2098404841994
3.922,3,2.99999884450036,25.2246510204794
3.924,3,2.99999886761036,25.1653402355168
3.926,3,2.99999889025815,25.2237588430163
3.928,3,2.99999891245299,25.2634872621395
3.93,3,2.99999893420393,25.2136299422821
3.932,3,2.99999895551985,25.1966243052195
3.934,3,2.99999897640945,25.2745127999043
3.936,3,2.99999899688126,25.3196135304735
3.938,3,2.99999901694364,25.2670813367496
3.94,3,2.99999903660476,25.2433739907066
3.942,3,2.99999905587267,25.2373761446994
3.944,3,2.99999907475521,25.2414131336584
3.946,3,2.99999909326011,25.2504023557717
3.948,3,2.99999911139491,25.2611449543257
3.95,3,2.99999912916701,25.1960632999644
3.952,3,2.99999914658367,25.1726736632508
3.954,3,2.999999163652,25.3252209008172
3.956,3,2.99999918037896,25.4051256834131
3.958,3,2.99999919677138,25.4384105426827
3.96,3,2.99999921283595,25.4435521382405
3.962,3,2.99999922857923,25.3574811091695
3.964,3,2.99999924400765,25.2312695243887
3.966,3,2.99999925912749,25.096111203458
3.968,3,2.99999927394494,25.1209198259586
3.97,3,2.99999928846604,25.1528768904299
3.972,3,2.99999930269672,25.109792617598
3.974,3,2.99999931664279,25.1066467658147
3.976,3,2.99999933030993,25.1251069373392
3.978,3,2.99999934370373,25.0775667792827
3.98,3,2.99999935682966,24.9995266528428
3.982,3,2.99999936969307,24.9886248270174
3.984,3,2.99999938229921,25.0145977390027
3.986,3,2.99999939465322,25.057669182906
3.988,3,2.99999940676016,25.1056067430568
3.99,3,2.99999941862495,25.1514077144225
3.992,3,2.99999943025245,25.1158501442729
3.994,3,2.99999944164741,25.1161197469389
3.996,3,2.99999945281446,25.1354661250034
3.998,3,2.99999946375817,25.1630750074102
4,3,2.999999474483,25.1923646470482
4.002,3,2.99999948499334,25.2196597106224
4.004,3,2.99999949529348,25.1674984150844
4.006,3,2.99999950538761,25.1538172758476
4.008,3,2.99999951527986,25.1620043906903
4.01,3,2.99999952497426,25.181043827587
4.012,3,2.99999953447477,25.2039907071476
4.014,3,2.99999954378528,25.2267563055003
4.016,3,2.99999955290957,25.247178368518
4.018,3,2.99999956185138,25.2643352597145
4.02,3,2.99999957061435,25.2780578134242
4.022,3,2.99999957920207,25.2128958667779
4.024,3,2.99999958761803,25.2635010273876
4.026,3,2.99999959586566,25.2194419293912
4.028,3,2.99999960394835,25.2049543383971
4.03,3,2.99999961186938,25.2076644198332
4.032,3,2.999999619632,25.2192769869717
4.034,3,2.99999962723936,25.2344903284331
4.036,3,2.99999963469457,25.2501221398717
4.038,3,2.99999964200068,25.2644342854716
4.04,3,2.99999964916066,25.2766302207338
4.042,3,2.99999965617745,25.2864940822596
4.044,3,2.9999996630539,25.2941409361143
4.046,3,2.99999966979282,25.2998509464896
4.048,3,2.99999967639697,25.3039646583454
4.05,3,2.99999968286903,25.3068212017915
4.052,3,2.99999968921165,25.3087254817299
4.054,3,2.99999969542741,25.3099340609498
4.056,3,2.99999970151887,25.3106524040419
4.058,3,2.99999970748849,25.3110384510183
4.06,3,2.99999971333872,25.3112092132836
4.062,3,2.99999971907194,25.3112483301647
4.064,3,2.99999972469051,25.3112133918124
4.066,3,2.9999997301967,25.3111424147934
4.068,3,2.99999973559276,25.3110592267706
4.07,3,2.99999974088091,25.3109777380549
4.072,3,2.99999974606329,25.3109051980397
4.074,3,2.99999975114202,25.3108445889678
4.076,3,2.99999975611918,25.3107963234625
4.078,3,2.9999997609968,25.3107594032766
4.08,3,2.99999976577686,25.3864310940743
4.082,3,2.99999977046133,25.4193039111609
4.084,3,2.9999997750521,25.4261115509127
4.086,3,2.99999977955106,25.4183491068613
4.088,3,2.99999978396003,25.3278849625007
4.09,3,2.99999978828083,25.353649785447
4.092,3,2.99999979251522,25.3631471786286
4.094,3,2.99999979666491,25.3630332707569
4.096,3,2.99999980073162,25.3578057693978
4.098,3,2.99999980471698,25.2746686681224
4.1,3,2.99999980862264,25.3095925768015
4.102,3,2.99999981245019,25.3283219524868
4.104,3,2.99999981620119,25.3365677362083
4.106,3,2.99999981987716,25.3384097442688
4.108,3,2.99999982347962,25.2609564825814
4.11,3,2.99999982701003,25.224565488557
4.112,3,2.99999983046983,25.1379620097259
4.114,3,2.99999983386043,25.1088311021223
4.116,3,2.99999983718322,25.1889191308218
4.118,3,2.99999984043956,25.2436404300606
4.12,3,2.99999984363077,25.2037362581222
4.122,3,2.99999984675815,25.1930142002421
4.124,3,2.99999984982299,25.1989105436046
4.126,3,2.99999985282653,25.2130860283995
4.128,3,2.99999985577,25.2302769646806
4.13,3,2.9999998586546,25.2473790905341
4.132,3,2.99999986148151,25.2627459496697
4.134,3,2.99999986425188,25.2756709001327
4.136,3,2.99999986696684,25.2860181605403
4.138,3,2.9999998696275,25.2939697387978
4.14,3,2.99999987223495,25.2998591275763
4.142,3,2.99999987479025,25.2283687605589
4.144,3,2.99999987729445,25.1983735170701
4.146,3,2.99999987974856,25.1934642739768
4.148,3,2.99999988215359,25.202415644131
4.15,3,2.99999988451052,25.21787415827
4.152,3,2.99999988682031,25.2352766483385
4.154,3,2.9999998890839,25.2519981276546
4.156,3,2.99999989130222,25.1910072241236
4.158,3,2.99999989347618,25.1702978287519
4.16,3,2.99999989560665,25.1731108462198
4.162,3,2.99999989769452,25.1881886008361
4.164,3,2.99999989974063,25.2083179134436
4.166,3,2.99999990174582,25.1534551628871
4.168,3,2.9999999037109,25.1397195959685
4.17,3,2.99999990563668,25.1492690746946
4.172,3,2.99999990752395,25.1702918620825
4.174,3,2.99999990937347,25.1953574591629
4.176,3,2.999999911186,25.2201048449646
4.178,3,2.99999991296228,25.2422400884543
4.18,3,2.99999991470303,25.1850989345545
4.182,3,2.99999991640897,25.1670253865516
4.184,3,2.99999991808079,25.1715668396236
4.186,3,2.99999991971918,25.1877185996369
4.188,3,2.99999992132479,25.2084669692407
4.19,3,2.9999999228983,25.2296185121314
4.192,3,2.99999992444033,25.2488974571876
4.194,3,2.99999992595153,25.1895762422524
4.196,3,2.9999999274325,25.1698983727288
4.198,3,2.99999992888385,25.1733008341689
4.2,3,2.99999993030617,25.1886741347739
4.202,3,2.99999993170005,25.2089131149917
4.204,3,2.99999993306604,25.3054479315468
4.206,3,2.99999993440472,25.3574378804719
4.208,3,2.99999993571663,25.3805448864659
4.21,3,2.9999999370023,25.3859706666808
4.212,3,2.99999993826225,25.305734230981
4.214,3,2.99999993949701,25.187740918202
4.216,3,2.99999994070707,25.1369596757871
4.218,3,2.99999994189292,25.1270284465591
4.22,3,2.99999994305507,25.1398590000158
4.222,3,2.99999994419396,25.0878611066495
4.224,3,2.99999994531008,25.0821269822793
4.226,3,2.99999994640388,25.1016270682522
4.228,3,2.99999994747581,25.1326576901896
4.23,3,2.99999994852629,25.1667739022742
4.232,3,2.99999994955576,25.1991682447561
4.234,3,2.99999995056465,25.2274472767874
4.236,3,2.99999995155336,25.1750420404746
4.238,3,2.99999995252229,25.1604863037477
4.24,3,2.99999995347184,25.1675488683457
4.242,3,2.99999995440241,25.1854414665083
4.244,3,2.99999995531436,25.2073428113496
4.246,3,2.99999995620807,25.2292200813733
4.248,3,2.99999995708391,25.2489253144738
4.25,3,2.99999995794223,25.2655275685893
4.252,3,2.99999995878339,25.2788367084429
4.254,3,2.99999995960772,25.2890763694757
4.256,3,2.99999996041556,25.2966687416152
4.258,3,2.99999996120725,25.3021002174259
4.26,3,2.99999996198311,25.3058434178995
4.262,3,2.99999996274345,25.3840158927478
4.264,3,2.99999996348858,25.3427616044533
4.266,3,2.99999996421881,25.3175984001863
4.268,3,2.99999996493443,25.3034986213533
4.27,3,2.99999996563574,25.2966895569778
4.272,3,2.99999996632303,25.2944399975566
4.274,3,2.99999996699657,25.294843631498
4.276,3,2.99999996765663,25.2966221359182
4.278,3,2.9999999683035,25.2989582028042
4.28,3,2.99999996893743,25.3013610066597
4.282,3,2.99999996955868,25.3035622480573
4.284,3,2.99999997016751,25.3054387606458
4.286,3,2.99999997076416,25.3069569204239
4.288,3,2.99999997134888,25.3081341667621
4.29,3,2.9999999719219,25.3090134453049
4.292,3,2.99999997248346,25.3096470633145
4.294,3,2.99999997303379,25.3100871572354
4.296,3,2.99999997357312,25.3103806267713
4.298,3,2.99999997410165,25.310566950529
4.3,3,2.99999997461962,25.3106777537367
4.302,3,2.99999997512723,25.2350384351648
4.304,3,2.99999997562468,25.202172661348
4.306,3,2.99999997611219,25.1953578640866
4.308,3,2.99999997658995,25.2031062850578
4.31,3,2.99999997705815,25.2178552118977
4.312,3,2.99999997751698,25.2348812133039
4.314,3,2.99999997796664,25.2514409732125
4.316,3,2.99999997840731,25.2661177459948
4.318,3,2.99999997883917,25.2783419529922
4.32,3,2.99999997926238,25.2880519480694
4.322,3,2.99999997967713,25.2954630037007
4.324,3,2.99999998008359,25.3009168014139
4.326,3,2.99999998048192,25.3047887026132
4.328,3,2.99999998087228,25.3831338981201
4.33,3,2.99999998125484,25.4177576731557
4.332,3,2.99999998162974,25.4256515476603
4.334,3,2.99999998199714,25.4185136946547
4.336,3,2.9999999823572,25.3283663439258
4.338,3,2.99999998271006,25.2785536560852
4.34,3,2.99999998305586,25.3308630211936
4.342,3,2.99999998339474,25.3567631763693
4.344,3,2.99999998372684,25.3660254505955
4.346,3,2.99999998405231,25.2898031833611
4.348,3,2.99999998437126,25.2512215118595
4.35,3,2.99999998468384,25.236518016907
4.352,3,2.99999998499016,25.311696683803
4.354,3,2.99999998529036,25.3516826065726
4.356,3,2.99999998558455,25.3689569761525
4.358,3,2.99999998587286,25.2967175032306
4.36,3,2.9999999861554,25.259577078942
4.362,3,2.99999998643229,25.2448174090855
4.364,3,2.99999998670365,25.2434480881447
4.366,3,2.99999998696957,25.249353773224
4.368,3,2.99999998723018,25.2585556918989
4.37,3,2.99999998748558,25.2686070002304
4.372,3,2.99999998773587,25.2024202690366
4.374,3,2.99999998798115,25.253512904983
4.376,3,2.99999998822153,25.2863984392467
4.378,3,2.9999999884571,25.3063301042219
4.38,3,2.99999998868795,25.2416885506025
4.382,3,2.9999999889142,25.2140305479814
4.384,3,2.99999998913591,25.2088222565979
4.386,3,2.99999998935319,25.2160983992747
4.388,3,2.99999998956613,25.2293132326278
4.39,3,2.99999998977481,25.2443903796993
4.392,3,2.99999998997931,25.2589724751177
4.394,3,2.99999999017972,25.2718514092273
4.396,3,2.99999999037613,25.2825511019262
4.398,3,2.99999999056861,25.291032785352
4.4,3,2.99999999075724,25.297494696858
4.402,3,2.99999999094209,25.3022418819565
4.404,3,2.99999999112325,25.3056062304838
4.406,3,2.99999999130078,25.3079011897093
4.408,3,2.99999999147477,25.3093994371451
4.41,3,2.99999999164527,25.3103249992987
4.412,3,2.99999999181237,25.3108538509722
4.414,3,2.99999999197612,25.3111189773336
4.416,3,2.9999999921366,25.3112173159664
4.418,3,2.99999999229387,25.3112170161857
4.42,3,2.99999999244799,25.3111641510657
4.422,3,2.99999999259903,25.3110884751931
4.424,3,2.99999999274705,25.3110081053226
4.426,3,2.99999999289211,25.3109331647565
4.428,3,2.99999999303427,25.3108685154842
4.43,3,2.99999999317358,25.2351168165771
4.432,3,2.99999999331011,25.2021833845777
4.434,3,2.99999999344391,25.1953314529988
4.436,3,2.99999999357503,25.2030626802741
4.438,3,2.99999999370353,25.2178067428943
4.44,3,2.99999999382946,25.1591360166751
4.442,3,2.99999999395287,25.1428093236705
4.444,3,2.99999999407381,25.1506722457972
4.446,3,2.99999999419233,25.0949583402956
4.448,3,2.99999999430849,25.0865423345653
4.45,3,2.99999999442232,25.1041766384744
4.452,3,2.99999999453387,25.209659693121
4.454,3,2.99999999464319,25.2758748466041
4.456,3,2.99999999475033,25.3146168136875
4.458,3,2.99999999485532,25.2591872238935
4.46,3,2.99999999495822,25.2347140768382
4.462,3,2.99999999505905,25.153463680122
4.464,3,2.99999999515787,25.1256571324976
4.466,3,2.99999999525471,25.1290917420311
4.468,3,2.99999999534962,25.1488454468037
4.47,3,2.99999999544263,25.0996521158166
4.472,3,2.99999999553377,25.0942496844158
4.474,3,2.9999999956231,25.112730169443
4.476,3,2.99999999571064,25.1421212984424
4.478,3,2.99999999579642,25.1744292968398
4.48,3,2.9999999958805,25.2051039256883
4.482,3,2.99999999596289,25.1561812443994
4.484,3,2.99999999604363,25.1453439245903
4.486,3,2.99999999612276,25.1558836768365
4.488,3,2.9999999962003,25.176781652276
4.49,3,2.99999999627629,25.2011401818377
4.492,3,2.99999999635077,25.2249398207649
4.494,3,2.99999999642375,25.246092523759
4.496,3,2.99999999649528,25.2637461676167
4.498,3,2.99999999656537,25.2777917355577
4.5,3,2.99999999663406,25.2128282839572
4.502,3,2.99999999670138,25.187847036465
4.504,3,2.99999999676736,25.1866502249929
4.506,3,2.99999999683201,25.1982536181381
4.508,3,2.99999999689537,25.2155369912765
4.51,3,2.99999999695746,25.234143182392
4.512,3,2.99999999701831,25.2516183549852
4.514,3,2.99999999707795,25.2667657275056
4.516,3,2.99999999713639,25.2791769094796
4.518,3,2.99999999719366,25.2889041944634
4.52,3,2.99999999724979,25.2205414382104
4.522,3,2.99999999730479,25.2686853095029
4.524,3,2.9999999973587,25.2228021608538
4.526,3,2.99999999741152,25.2070103274148
4.528,3,2.99999999746329,25.2088220565802
4.53,3,2.99999999751403,25.2955402773831
4.532,3,2.99999999756374,25.3432737717789
4.534,3,2.99999999761247,25.2898102201687
4.536,3,2.99999999766022,25.2633630144991
4.538,3,2.99999999770702,25.3296303297811
4.54,3,2.99999999775288,25.3630946564907
4.542,3,2.99999999779782,25.3757653257868
4.544,3,2.99999999784186,25.3760980772546
4.546,3,2.99999999788502,25.3698192941215
4.548,3,2.99999999792732,25.3606348698694
4.55,3,2.99999999796878,25.3508075968976
4.552,3,2.9999999980094,25.341607463933
4.554,3,2.99999999804921,25.3336497446221
4.556,3,2.99999999808823,25.3271398873241
4.558,3,2.99999999812646,25.3220445407746
4.56,3,2.99999999816394,25.3182063151522
4.562,3,2.99999999820066,25.3154172158678
4.564,3,2.99999999823664,25.3134627936395
4.566,3,2.99999999827191,25.3121463227773
4.568,3,2.99999999830647,25.311299944025
4.57,3,2.99999999834034,25.3107877570234
4.572,3,2.99999999837354,25.3105043150242
4.574,3,2.99999999840607,25.3103708166069
4.576,3,2.99999999843794,25.3103304452774
4.578,3,2.99999999846919,25.3860426323505
4.58,3,2.9999999984998,25.418975382066
4.582,3,2.99999999852981,25.425847402979
4.584,3,2.99999999855921,25.3424464402454
4.586,3,2.99999999858803,25.2948413398669
4.588,3,2.99999999861626,25.2710213636554
4.59,3,2.99999999864394,25.3379336935267
4.592,3,2.99999999867106,25.3709224389029
4.594,3,2.99999999869764,25.3068680349436
4.596,3,2.99999999872369,25.2730901487657
4.598,3,2.99999999874921,25.2587897291908
4.6,3,2.99999999877423,25.2562862720814
4.602,3,2.99999999879874,25.2603201471662
4.604,3,2.99999999882277,25.3431405791716
4.606,3,2.99999999884631,25.3083988569154
4.608,3,2.99999999886939,25.2900996811023
4.61,3,2.999999998892,25.2066749636443
4.612,3,2.99999999891416,25.1724573046542
4.614,3,2.99999999893588,25.2435533753846
4.616,3,2.99999999895716,25.21238897693
4.618,3,2.99999999897802,25.205473059015
4.62,3,2.99999999899845,25.2121692317828
4.622,3,2.99999999901849,25.225462613036
4.624,3,2.99999999903812,25.2409616835046
4.626,3,2.99999999905735,25.2561071511809
4.628,3,2.99999999907621,25.2695692767922
4.63,3,2.99999999909468,25.2808051701056
4.632,3,2.99999999911279,25.289745077285
4.634,3,2.99999999913053,25.2208794920041
4.636,3,2.99999999914792,25.1930229679008
4.638,3,2.99999999916496,25.1897821880519
4.64,3,2.99999999918166,25.1999866057506
4.642,3,2.99999999919803,25.2163529930556
4.644,3,2.99999999921407,25.2343897025883
4.646,3,2.99999999922979,25.2515368916995
4.648,3,2.99999999924519,25.2665174204599
4.65,3,2.99999999926029,25.2031652290245
4.652,3,2.99999999927508,25.2556957435152
4.654,3,2.99999999928958,25.2891325305591
4.656,3,2.99999999930379,25.2333893670072
4.658,3,2.99999999931772,25.2112951659052
4.66,3,2.99999999933136,25.2093235169945
4.662,3,2.99999999934473,25.2182759953347
4.664,3,2.99999999935784,25.2321697464485
4.666,3,2.99999999937068,25.2473269722153
4.668,3,2.99999999938327,25.2616619362799
4.67,3,2.9999999993956,25.274143658459
4.672,3,2.99999999940769,25.2844053181053
4.674,3,2.99999999941954,25.2924704344031
4.676,3,2.99999999943115,25.2985683381409
4.678,3,2.99999999944252,25.30301546674
4.68,3,2.99999999945367,25.3061434725739
4.682,3,2.9999999994646,25.3082593879924
4.684,3,2.99999999947531,25.3096268148405
4.686,3,2.9999999994858,25.3104601809517
4.688,3,2.99999999949609,25.3109265309377
4.69,3,2.99999999950616,25.3111511575894
4.692,3,2.99999999951604,25.2355258076566
4.694,3,2.99999999952572,25.2783182979886
4.696,3,2.99999999953521,25.3043299227092
4.698,3,2.9999999995445,25.2431276705754
4.7,3,2.99999999955361,25.2171615002721
4.702,3,2.99999999956254,25.2882452147983
4.704,3,2.99999999957129,25.3283622378269
4.706,3,2.99999999957986,25.3480081394329
4.708,3,2.99999999958826,25.2791007569103
4.71,3,2.9999999995965,25.1697768199261
4.712,3,2.99999999960457,25.1253911553196
4.714,3,2.99999999961248,25.195710792964
4.716,3,2.99999999962023,25.1688542667356
4.718,3,2.99999999962782,25.1685320503139
4.72,3,2.99999999963527,25.1823899778975
4.722,3,2.99999999964256,25.2024411684503
4.724,3,2.99999999964971,25.2238156916414
4.726,3,2.99999999965672,25.1680873296319
4.728,3,2.99999999966358,25.1524460736059
4.73,3,2.99999999967031,25.159723368054
4.732,3,2.9999999996769,25.1785028081048
4.734,3,2.99999999968337,25.2015618434831
4.736,3,2.9999999996897,25.2246269636033
4.738,3,2.99999999969591,25.2454188920545
4.74,3,2.99999999970199,25.2629466523307
4.742,3,2.99999999970795,25.2770040069631
4.744,3,2.99999999971379,25.2121245858328
4.746,3,2.99999999971951,25.2629565140718
4.748,3,2.99999999972512,25.2947709896861
4.75,3,2.99999999973062,25.3133052185511
4.752,3,2.99999999973601,25.2472301227171
4.754,3,2.99999999974129,25.2182608107153
4.756,3,2.99999999974646,25.2119358066909
4.758,3,2.99999999975153,25.2183092126509
4.76,3,2.9999999997565,25.2308244997974
4.762,3,2.99999999976137,25.2453794861883
4.764,3,2.99999999976614,25.2595855397437
4.766,3,2.99999999977082,25.2722034577559
4.768,3,2.9999999997754,25.2827292284299
4.77,3,2.9999999997799,25.291100594622
4.772,3,2.9999999997843,25.2217980737625
4.774,3,2.99999999978861,25.1936179111308
4.776,3,2.99999999979284,25.1901458456442
4.778,3,2.99999999979698,25.2001910481084
4.78,3,2.99999999980104,25.216452362707
4.782,3,2.99999999980502,25.2344232390969
4.784,3,2.99999999980892,25.2515320154396
4.786,3,2.99999999981274,25.2664925434193
4.788,3,2.99999999981649,25.2788310603225
4.79,3,2.99999999982016,25.2885537335537
4.792,3,2.99999999982376,25.2959220250531
4.794,3,2.99999999982728,25.3013077169386
4.796,3,2.99999999983074,25.305104721657
4.798,3,2.99999999983412,25.3076798741531
4.8,3,2.99999999983744,25.3093493662358
4.802,3,2.99999999984069,25.3103711794394
4.804,3,2.99999999984388,25.3109467952768
4.806,3,2.999999999847,25.3112276834938
4.808,3,2.99999999985006,25.3870226153034
4.81,3,2.99999999985306,25.3442038471703
4.812,3,2.999999999856,25.3180641039492
4.814,3,2.99999999985888,25.3033976622802
4.816,3,2.9999999998617,25.2962964122346
4.818,3,2.99999999986446,25.3696287761843
4.82,3,2.99999999986718,25.4029125645906
4.822,3,2.99999999986983,25.411557099162
4.824,3,2.99999999987244,25.406210571444
4.826,3,2.99999999987499,25.3939315594031
4.828,3,2.99999999987749,25.4548668893782
4.83,3,2.99999999987994,25.4731277985829
4.832,3,2.99999999988234,25.3911331097534
4.834,3,2.99999999988469,25.3394726661157
4.836,3,2.999999999887,25.3090854075547
4.838,3,2.99999999988926,25.3687392304139
4.84,3,2.99999999989147,25.3948172872409
4.842,3,2.99999999989364,25.4004186300925
4.844,3,2.99999999989577,25.3188498492029
4.846,3,2.99999999989785,25.1988516578559
4.848,3,2.9999999998999,25.2216037270365
4.85,3,2.9999999999019,25.2425271152841
4.852,3,2.99999999990386,25.2604103780824
4.854,3,2.99999999990578,25.2749076102241
4.856,3,2.99999999990767,25.2104696419671
4.858,3,2.99999999990952,25.1860013757487
4.86,3,2.99999999991132,25.1852602501081
4.862,3,2.9999999999131,25.2729427219059
4.864,3,2.99999999991484,25.3234206532933
4.866,3,2.99999999991654,25.3490788031252
4.868,3,2.99999999991821,25.3589704550751
4.87,3,2.99999999991984,25.3594789957634
4.872,3,2.99999999992145,25.3549341826873
4.874,3,2.99999999992302,25.348143429124
4.876,3,2.99999999992456,25.3408253395689
4.878,3,2.99999999992607,25.3339483360126
4.88,3,2.99999999992755,25.3279852566881
4.882,3,2.999999999929,25.3230980226636
4.884,3,2.99999999993041,25.319266790094
4.886,3,2.99999999993181,25.2406778372129
4.888,3,2.99999999993317,25.281381621759
4.89,3,2.99999999993451,25.2302782733765
4.892,3,2.99999999993582,25.210965117815
4.894,3,2.9999999999371,25.2105089228754
4.896,3,2.99999999993836,25.2201524605965
4.898,3,2.99999999993959,25.2342294913468
4.9,3,2.9999999999408,25.2492811548594
4.902,3,2.99999999994198,25.2633669620452
4.904,3,2.99999999994314,25.2755475521452
4.906,3,2.99999999994428,25.2098111689167
4.908,3,2.9999999999454,25.1847155643597
4.91,3,2.99999999994649,25.1837668405385
4.912,3,2.99999999994756,25.1957870949819
4.914,3,2.99999999994861,25.2135361785467
4.916,3,2.99999999994963,25.2325881631247
4.918,3,2.99999999995064,25.2504545112179
4.92,3,2.99999999995163,25.1902264112779
4.922,3,2.9999999999526,25.170000813065
4.924,3,2.99999999995354,25.2488000276583
4.926,3,2.99999999995447,25.2212251938378
4.928,3,2.99999999995538,25.2153511657541
4.93,3,2.99999999995628,25.2216279538813
4.932,3,2.99999999995715,25.2337641768636
4.934,3,2.99999999995801,25.2478269081947
4.936,3,2.99999999995885,25.2615289358714
4.938,3,2.99999999995967,25.1979873793781
4.94,3,2.99999999996048,25.1752290382463
4.942,3,2.99999999996127,25.1764628477736
4.944,3,2.99999999996204,25.1903677246327
4.946,3,2.9999999999628,25.2096565769359
4.948,3,2.99999999996355,25.2299124819584
4.95,3,2.99999999996427,25.3243837685317
4.952,3,2.99999999996499,25.3734045317424
4.954,3,2.99999999996569,25.3176535771101
4.956,3,2.99999999996637,25.2872386775423
4.958,3,2.99999999996705,25.1976361124315
4.96,3,2.99999999996771,25.161016466066
4.962,3,2.99999999996835,25.1562620224622
4.964,3,2.99999999996898,25.1689676482072
4.966,3,2.9999999999696,25.1897291514689
4.968,3,2.99999999997021,25.1370381281603
4.97,3,2.99999999997081,25.2017797606097
4.972,3,2.99999999997139,25.1713500066681
4.974,3,2.99999999997196,25.1688761921035
4.976,3,2.99999999997253,25.1815529019714
4.978,3,2.99999999997307,25.2010568722569
4.98,3,2.99999999997361,25.2222762370341
4.982,3,2.99999999997414,25.1666170811849
4.984,3,2.99999999997466,25.1511578342371
4.986,3,2.99999999997517,25.1586593217597
4.988,3,2.99999999997566,25.1776633208179
4.99,3,2.99999999997615,25.2009249472361
4.992,3,2.99999999997663,25.2241609499366
4.994,3,2.99999999997709,25.2450899882853
4.996,3,2.99999999997755,25.2627233183439
4.998,3,2.999999999978,25.276859005954
5,1,2.99999999997844,25.2120356637274
5.002,1,2.95999999997887,25.2629062700233
5.004,1,2.92079999997929,25.2190474103518
5.006,1,2.88238399997971,25.2047055257771
5.008,1,2.84473631998011,25.1318189383851
5.01,1,2.80784159358051,25.0349093849371
5.012,1,2.7716847617089,24.7076583975029
5.014,1,2.73625106647472,23.911390989481
5.016,1,2.70152604514523,22.9436280761696
5.018,1,2.66749552424232,21.9799365242326
5.02,1,2.63414561375748,21.0378294864607
5.022,1,2.60146270148233,20.1245148337966
5.024,1,2.56943344745268,19.3166930937069
5.026,1,2.53804477850363,18.5691510550234
5.028,1,2.50728388293355,17.8518312420048
5.03,1,2.47713820527488,17.0700249952655
5.032,1,2.44759544116939,16.330995161799
5.034,1,2.418643532346,15.6877134335182
5.036,1,2.39027066169908,15.0832759358236
5.038,1,2.3624652484651,14.4835072179045
5.04,1,2.33521594349579,13.9454227368716
5.042,1,2.30851162462588,13.4933356783246
5.044,1,2.28234139213336,13.056023537481
5.046,1,2.25669456429069,12.6697504994436
5.048,1,2.23156067300488,12.273116692159
5.05,1,2.20692945954478,11.9101046133691
5.052,1,2.18279087035389,11.6008478112306
5.054,1,2.15913505294681,11.2750773313719
5.056,1,2.13595235188787,10.9726538614973
5.058,1,2.11323330485012,10.7125272361157
5.06,1,2.09096863875311,10.424928235576
5.062,1,2.06914926597805,10.1510655909006
5.064,1,2.04776628065849,9.98725537713998
5.066,1,2.02681095504532,9.89829357040101
5.068,1,2.00627473594441,9.78232289606019
5.07,1,1.98614924122553,9.6633966873177
5.072,1,1.96642625640101,9.55463210628204
5.074,1,1.94709773127299,9.46202043419369
5.076,1,1.92815577664753,9.3871620501146
5.078,1,1.90959266111458,9.25345919417853
5.08,1,1.89140080789229,9.17727477532031
5.082,1,1.87357279173445,9.06357990893055
5.084,1,1.85610133589976,8.9411053541176
5.086,1,1.83897930918176,8.82603714125561
5.088,1,1.82219972299813,8.72627483669337
5.09,1,1.80575572853816,8.64451993059869
5.092,1,1.7896406139674,8.58043562384099
5.094,1,1.77384780168805,8.53209831371921
5.096,1,1.75837084565429,8.49692815098276
5.098,1,1.74320342874121,8.39655107281364
5.1,1,1.72833936016638,8.34701079478497
5.102,1,1.71377257296305,8.32946660420784
5.104,1,1.69949712150379,8.33071456935235
5.106,1,1.68550717907372,8.26616060104256
5.108,1,1.67179703549224,8.24859056446364
5.11,1,1.6583610947824,8.18210797577933
5.112,1,1.64519387288675,8.17180524235512
5.114,1,1.63228999542901,8.11677605531133
5.116,1,1.61964419552043,8.11902838501631
5.118,1,1.60725131161003,8.07590254226299
5.12,1,1.59510628537783,8.01283698300086
5.122,1,1.58320415967027,8.02106261902246
5.124,1,1.57154007647686,7.99079063269751
5.126,1,1.56010927494733,7.94297907884913
5.128,1,1.54890708944838,7.96623299221466
5.13,1,1.53792894765941,7.94938569139018
5.132,1,1.52717036870622,7.91281880950085
5.134,1,1.5166269613321,7.86934626887102
5.136,1,1.50629442210546,7.90218105177982
5.138,1,1.49616853366335,7.89676403346597
5.14,1,1.48624516299008,7.87148543473781
5.142,1,1.47652025973028,7.83811135299438
5.144,1,1.46698985453567,7.80371457372251
5.146,1,1.45765005744496,7.84786622626712
5.148,1,1.44849705629606,7.85384412725043
5.15,1,1.43952711517014,7.83887743117318
5.152,1,1.43073657286674,7.81422003346317
5.154,1,1.4221218414094,7.7868290504858
5.156,1,1.41367940458121,7.76068387590147
5.158,1,1.40540581648959,7.81348232099875
5.16,1,1.3972977001598,7.82746432818777
5.162,1,1.3893517461566,7.819369078318
5.164,1,1.38156471123347,7.80030099733851
5.166,1,1.3739334170088,7.77726404419498
5.168,1,1.36645474866862,7.75438450738134
5.17,1,1.35912565369525,7.73384702620139
5.172,1,1.35194314062135,7.71658531916843
5.174,1,1.34490427780892,7.77847286546624
5.176,1,1.33800619225274,7.80075656131095
5.178,1,1.33124606840769,7.79972380052457
5.18,1,1.32462114703953,7.78636041607569
5.182,1,1.31812872409874,7.6920422231
5.184,1,1.31176614961677,7.63956591816729
5.186,1,1.30553082662443,7.69027822122302
5.188,1,1.29942021009194,7.71530763518974
5.19,1,1.2934318058901,7.72417238799622
5.192,1,1.2875631697723,7.72354307603499
5.194,1,1.28181190637686,7.71791355041553
5.196,1,1.27617566824932,7.71017347594805
5.198,1,1.27065215488433,7.70207195179712
5.2,1,1.26523911178665,7.69457728767353
5.202,1,1.25993432955091,7.68814590070069
5.204,1,1.2547356429599,7.758615133192
5.206,1,1.2496409301007,7.78743454411272
5.208,1,1.24464811149868,7.7912015182161
5.21,1,1.23975514926871,7.78123851291677
5.212,1,1.23496004628334,7.76493786320899
5.214,1,1.23026084535767,7.74686673178282
5.216,1,1.22565562845052,7.80533402978057
5.218,1,1.22114251588151,7.8231429265412
5.22,1,1.21671966556388,7.81751471528247
5.222,1,1.2123852722526,7.72424618301672
5.224,1,1.20813756680755,7.66915116356075
5.226,1,1.20397481547139,7.6398482791469
5.228,1,1.19989531916197,7.62719008148581
5.23,1,1.19589741277873,7.624656300735
5.232,1,1.19197946452315,7.62777102804599
5.234,1,1.18813987523269,7.63359018149821
5.236,1,1.18437707772804,7.64027703287404
5.238,1,1.18068953617348,7.64676658313224
5.24,1,1.17707574545001,7.65251043764861
5.242,1,1.17353423054101,7.65728978449296
5.244,1,1.17006354593019,7.66108314418617
5.246,1,1.16666227501158,7.66397637669991
5.248,1,1.16332902951135,7.74180302004366
5.25,1,1.16006244892112,7.77620476040256
5.252,1,1.1568611999427,7.78405662007593
5.254,1,1.15372397594385,7.70127796952745
5.256,1,1.15064949642497,7.72974204274098
5.258,1,1.14763650649647,7.73901356910521
5.26,1,1.14468377636654,7.73713638675102
5.262,1,1.14179010083921,7.72949987895739
5.264,1,1.13895429882243,7.71954613800499
5.266,1,1.13617521284598,7.709339221483
5.268,1,1.13345170858906,7.70000469165873
5.27,1,1.13078267441728,7.69205660775901
5.272,1,1.12816702092893,7.68563223425037
5.274,1,1.12560368051035,7.68065437764457
5.276,1,1.12309160690015,7.67693911215454
5.278,1,1.12062977476214,7.67426375407979
5.28,1,1.1182171792669,7.67240693163716
5.282,1,1.11585283568156,7.67116982108991
5.284,1,1.11353577896793,7.67038524464658
5.286,1,1.11126506338857,7.74561831589391
5.288,1,1.1090397621208,7.77826058471151
5.29,1,1.10685896687838,7.78497137595271
5.292,1,1.10472178754082,7.77719293191866
5.294,1,1.10262735179,7.76245639357941
5.296,1,1.1005748047542,7.74546417222079
5.298,1,1.09856330865912,7.72894626457589
5.3,1,1.09659204248593,7.71431151758548
5.302,1,1.09466020163622,7.70212528112763
5.304,1,1.09276699760349,7.69244734674921
5.306,1,1.09091165765142,7.68506203637033
5.308,1,1.08909342449839,7.67962807549979
5.31,1,1.08731155600843,7.67577090290566
5.312,1,1.08556532488826,7.67313517626512
5.314,1,1.08385401839049,7.67141087183992
5.316,1,1.08217693802268,7.67034272830249
5.318,1,1.08053339926223,7.66972987743758
5.32,1,1.07892273127698,7.66942027884606
5.322,1,1.07734427665144,7.66930293336353
5.324,1,1.07579739111841,7.6692996805743
5.326,1,1.07428144329605,7.66935758411487
5.328,1,1.07279581443013,7.6694423819331
5.33,1,1.07133989814152,7.74523206849924
5.332,1,1.06991310017869,7.77820925090805
5.334,1,1.06851483817512,7.78510368765637
5.336,1,1.06714454141162,7.77741010648544
5.338,1,1.06580165058338,7.76269738354882
5.34,1,1.06448561757172,7.74569407602951
5.342,1,1.06319590522028,7.72914756654341
5.344,1,1.06193198711588,7.71447770107578
5.346,1,1.06069334737356,7.70225633746379
5.348,1,1.05947948042609,7.69254673821575
5.35,1,1.05828989081757,7.68513473428748
5.352,1,1.05712409300121,7.67967936516957
5.354,1,1.05598161114119,7.6758057154097
5.356,1,1.05486197891837,7.67315776713384
5.358,1,1.05376473934,7.6714247163888
5.36,1,1.0526894445532,7.74604946050595
5.362,1,1.05163565566213,7.77832481133218
5.364,1,1.05060294254889,7.78483361955031
5.366,1,1.04959088369791,7.70126215461213
5.368,1,1.04859906602396,7.72930505263675
5.37,1,1.04762708470348,7.73839513364003
5.372,1,1.04667454300941,7.73648224005366
5.374,1,1.04574105214922,7.72889125238792
5.376,1,1.04482623110624,7.7190218522286
5.378,1,1.04392970648411,7.70891165193983
5.38,1,1.04305111235443,7.69967089153905
5.382,1,1.04219009010734,7.69180575112555
5.384,1,1.04134628830519,7.6854503624179
5.386,1,1.04051936253909,7.68052723918455
5.388,1,1.03970897528831,7.75255262378099
5.39,1,1.03891479578254,7.78280013527545
5.392,1,1.03813649986689,7.78778598379946
5.394,1,1.03737376986955,7.77880999349241
5.396,1,1.03662629447216,7.76327531468347
5.398,1,1.03589376858272,7.74577669307751
5.4,1,1.03517589321106,7.72895792350547
5.402,1,1.03447237534684,7.71416160342732
5.404,1,1.03378292783991,7.70190401061998
5.406,1,1.03310726928311,7.69220986689144
5.408,1,1.03244512389745,7.68483935185787
5.41,1,1.0317962214195,7.67943525808448
5.412,1,1.03116029699111,7.67561304122217
5.414,1,1.03053709105128,7.67301153362909
5.416,1,1.02992634923026,7.67131767815988
5.418,1,1.02932782224565,7.74597388581487
5.42,1,1.02874126580074,7.77827347221724
5.422,1,1.02816644048473,7.7848002700391
5.424,1,1.02760311167503,7.7012416887909
5.426,1,1.02705104944153,7.72929347641541
5.428,1,1.0265100284527,7.66269052228727
5.43,1,1.02597982788365,7.70358805673081
5.432,1,1.02546023132597,7.72207051603357
5.434,1,1.02495102669945,7.72677690170669
5.436,1,1.02445200616546,7.64797433656472
5.438,1,1.02396296604216,7.68381935346343
5.44,1,1.02348370672131,7.7015588558952
5.442,1,1.02301403258689,7.70789350971772
5.444,1,1.02255375193515,7.70752178616735
5.446,1,1.02210267689645,7.70361084703112
5.448,1,1.02166062335852,7.69819875921613
5.45,1,1.02122741089135,7.69252039652257
5.452,1,1.02080286267352,7.68726048550407
5.454,1,1.02038680542005,7.68274282924729
5.456,1,1.01997906931165,7.67906682498255
5.458,1,1.01957948792541,7.67620240452191
5.46,1,1.01918789816691,7.67405343511488
5.462,1,1.01880414020357,7.67249804569013
5.464,1,1.0184280573995,7.67141266945461
5.466,1,1.01805949625151,7.67068503099477
5.468,1,1.01769830632648,7.67021995670501
5.47,1,1.01734434019995,7.66994078508268
5.472,1,1.01699745339595,7.6697882916385
5.474,1,1.01665750432803,7.74541731236163
5.476,1,1.01632435424147,7.77829054340173
5.478,1,1.01599786715664,7.78512152905901
5.48,1,1.01567790981351,7.70169343661953
5.482,1,1.01536435161724,7.72977021637534
5.484,1,1.01505706458489,7.66313353593771
5.486,1,1.01475592329319,7.70396936350243
5.488,1,1.01446080482733,7.72238128664953
5.49,1,1.01417158873078,7.72701938995335
5.492,1,1.01388815695617,7.72385540105828
5.494,1,1.01361039381704,7.71684353671292
5.496,1,1.0133381859407,7.70847199240885
5.498,1,1.01307142222189,7.70020169232055
5.5,1,1.01280999377745,7.61710270482144
5.502,1,1.0125537939019,7.65370373700243
5.504,1,1.01230271802386,7.59911972839509
5.506,1,1.01205666366339,7.57700114535935
5.508,1,1.01181553039012,7.57437644796609
5.51,1,1.01157921978232,7.65810403791033
5.512,1,1.01134763538667,7.62821405901464
5.514,1,1.01112068267894,7.61639106857904
5.516,1,1.01089826902536,7.61536844799696
5.518,1,1.01068030364485,7.6202056143868
5.52,1,1.01046669757195,7.62768986488814
5.522,1,1.01025736362052,7.63584689951429
5.524,1,1.01005221634811,7.64355760188894
5.526,1,1.00985117202114,7.65026929990562
5.528,1,1.00965414858072,7.65578590139882
5.53,1,1.00946106560911,7.66012079948815
5.532,1,1.00927184429692,7.6633977649617
5.534,1,1.00908640741099,7.66578720732694
5.536,1,1.00890467926277,7.66746758554911
5.538,1,1.00872658567751,7.66860403744597
5.54,1,1.00855205396396,7.66933829942505
5.542,1,1.00838101288468,7.66978564122031
5.544,1,1.00821339262699,7.59433692594406
5.546,1,1.00804912477445,7.63726404724381
5.548,1,1.00788814227896,7.58767570095093
5.55,1,1.00773037943338,7.56935033208876
5.552,1,1.00757577184471,7.56950331702473
5.554,1,1.00742425640782,7.65519295194942
5.556,1,1.00727577127966,7.62663646648279
5.558,1,1.00713025585407,7.61568020937551
5.56,1,1.00698765073699,7.61518989811337
5.562,1,1.00684789772225,7.62032851898553
5.564,1,1.0067109397678,7.62796137764265
5.566,1,1.00657672097245,7.63617085429463
5.568,1,1.006445186553,7.64387754619338
5.57,1,1.00631628282194,7.65055552854963
5.572,1,1.0061899571655,7.65602590290207
5.574,1,1.00606615802219,7.66031246504813
5.576,1,1.00594483486174,7.66354474071143
5.578,1,1.00582593816451,7.7415947658027
5.58,1,1.00570941940122,7.77613616927143
5.582,1,1.0055952310132,7.78406926829629
5.584,1,1.00548332639293,7.77703160467832
5.586,1,1.00537365986507,7.76270597975564
5.588,1,1.00526618666777,7.6702093104347
5.59,1,1.00516086293442,7.62085908108502
5.592,1,1.00505764567573,7.59938561006111
5.594,1,1.00495649276221,7.59489563432151
5.596,1,1.00485736290697,7.59990456018436
5.598,1,1.00476021564883,7.60948402818453
5.6,1,1.00466501133585,7.62055509646633
5.602,1,1.00457171110914,7.63132882934674
5.604,1,1.00448027688695,7.64088069539166
5.606,1,1.00439067134921,7.64883831920391
5.608,1,1.00430285792223,7.65516049213529
5.61,1,1.00421680076379,7.65998665388095
5.612,1,1.00413246474851,7.66353880537832
5.614,1,1.00404981545354,7.5903621417011
5.616,1,1.00396881914447,7.63489303767498
5.618,1,1.00388944276158,7.66209276600106
5.62,1,1.00381165390635,7.67736684782343
5.622,1,1.00373542082822,7.68477457177833
5.624,1,1.00366071241166,7.68725676698965
5.626,1,1.00358749816342,7.61116872361615
5.628,1,1.00351574820015,7.65209371734238
5.63,1,1.00344543323615,7.59997418810186
5.632,1,1.00337652457143,7.6547842744313
5.634,1,1.00330899408,7.60980285927893
5.636,1,1.0032428141984,7.66744900393545
5.638,1,1.00317795791443,7.62272984294605
5.64,1,1.00311439875614,7.67923998182958
5.642,1,1.00305211078102,7.63275136904855
5.644,1,1.0029910685654,7.61163001700575
5.646,1,1.00293124719409,7.60611931987839
5.648,1,1.00287262225021,7.60947625417324
5.65,1,1.00281516980521,7.61723017646475
5.652,1,1.0027588664091,7.62656333248433
5.654,1,1.00270368908092,7.63581740514214
5.656,1,1.0026496152993,7.6441159694483
5.658,1,1.00259662299332,7.65108601228381
5.66,1,1.00254469053345,7.65665975937328
5.662,1,1.00249379672278,7.66093888170478
5.664,1,1.00244392078832,7.6641053655433
5.666,1,1.00239504237256,7.66636606068788
5.668,1,1.00234714152511,7.66792065914928
5.67,1,1.0023001986946,7.66894532752753
5.672,1,1.00225419472071,7.6695863015065
5.674,1,1.0022091108263,7.66995942444197
5.676,1,1.00216492860977,7.67015290093461
5.678,1,1.00212163003758,7.59453257522024
5.68,1,1.00207919743683,7.56164996474094
5.682,1,1.00203761348809,7.55480088789287
5.684,1,1.00199686121833,7.56250911180664
5.686,1,1.00195692399396,7.57721865362898
5.688,1,1.00191778551408,7.59420959014996
5.69,1,1.0018794298038,7.61074004947394
5.692,1,1.00184184120772,7.62539348710264
5.694,1,1.00180500438357,7.63759984285732
5.696,1,1.0017689042959,7.64729667261185
5.698,1,1.00173352620998,7.6546983608617
5.7,1,1.00169885568578,7.66014574081488
5.702,1,1.00166487857206,7.6640134304278
5.704,1,1.00163158100062,7.59095817101459
5.706,1,1.00159894938061,7.63549497514366
5.708,1,1.001566970393,7.5869395272301
5.71,1,1.00153563098514,7.56923756689216
5.712,1,1.00150491836544,7.56973408857135
5.714,1,1.00147481999813,7.57988520658982
5.716,1,1.00144532359816,7.59418237061434
5.718,1,1.0014164171262,7.60927917167294
5.72,1,1.00138808878368,7.62331235214604
5.722,1,1.001360327008,7.63539338076309
5.724,1,1.00133312046784,7.64524115399381
5.726,1,1.00130645805849,7.65292619827505
5.728,1,1.00128032889732,7.65869957175473
5.73,1,1.00125472231937,7.66288381533472
5.732,1,1.00122962787298,7.66580775167923
5.734,1,1.00120503531552,7.667771099451
5.736,1,1.00118093460921,7.66902847774055
5.738,1,1.00115731591703,7.66978532822689
5.74,1,1.00113416959869,7.59450167677503
5.742,1,1.00111148620671,7.56180163372008
5.744,1,1.00108925648258,7.55503493440435
5.746,1,1.00106747135293,7.5627639833252
5.748,1,1.00104612192587,7.57745947442578
5.75,1,1.00102519948735,7.5944191509103
5.752,1,1.00100469549761,7.61091225927216
5.754,1,1.00098460158765,7.62552878459207
5.756,1,1.0009649095559,7.63770210503103
5.758,1,1.00094561136478,7.64737122717381
5.76,1,1.00092669913749,7.65475078322528
5.762,1,1.00090816515474,7.66018118820302
5.764,1,1.00089000185164,7.66403632808319
5.766,1,1.00087220181461,7.66667103480351
5.768,1,1.00085475777832,7.66839496000148
5.77,1,1.00083766262275,7.66946310336394
5.772,1,1.0008209093703,7.67007615618495
5.774,1,1.00080449118289,7.67038604457856
5.776,1,1.00078840135923,7.67050369810146
5.778,1,1.00077263333205,7.67050723825338
5.78,1,1.00075718066541,7.67044958268824
5.782,1,1.0007420370521,7.59466606969296
5.784,1,1.00072719631106,7.63738218852717
5.786,1,1.00071265238484,7.58766967366603
5.788,1,1.00069839933714,7.64497760950597
5.79,1,1.0006844313504,7.67799486781774
5.792,1,1.00067074272339,7.69480143657689
5.794,1,1.00065732786892,7.62560665430482
5.796,1,1.00064418131154,7.59308331509599
5.798,1,1.00063129768531,7.58332345772443
5.8,1,1.0006186717316,7.58666456139228
5.802,1,1.00060629829697,7.59666146648008
5.804,1,1.00059417233103,7.68491956991777
5.806,1,1.00058228888441,7.65479871632411
5.808,1,1.00057064310672,7.64022882082933
5.81,1,1.00055923024459,7.63538883289581
5.812,1,1.0005480456397,7.63621461046993
5.814,1,1.0005370847269,7.63997992630055
5.816,1,1.00052634303237,7.64494100968532
5.818,1,1.00051581617172,7.65005004822593
5.82,1,1.00050549984828,7.65473373594883
5.822,1,1.00049538985132,7.65872836118207
5.824,1,1.00048548205429,7.6619613181339
5.826,1,1.00047577241321,7.66446906636263
5.828,1,1.00046625696494,7.66634262167784
5.83,1,1.00045693182564,7.66769310689379
5.832,1,1.00044779318913,7.66863139868532
5.834,1,1.00043883732535,7.66925729939409
5.836,1,1.00043006057884,7.66965485632765
5.838,1,1.00042145936726,7.669891420925
5.84,1,1.00041303017992,7.67001879491085
5.842,1,1.00040476957632,7.67007537613129
5.844,1,1.00039667418479,7.67008862564361
5.846,1,1.0003887407011,7.67007746260896
5.848,1,1.00038096588708,7.67005438432279
5.85,1,1.00037334656933,7.67002723044849
5.852,1,1.00036587963795,7.67000058341239
5.854,1,1.00035856204519,7.66997683658428
5.856,1,1.00035139080429,7.66995697989232
5.858,1,1.0003443629882,7.6699411572342
5.86,1,1.00033747572844,7.66992904719449
5.862,1,1.00033072621387,7.66992011197072
5.864,1,1.00032411168959,7.66991375145977
5.866,1,1.0003176294558,7.66990939156705
5.868,1,1.00031127686668,7.66990652872681
5.87,1,1.00030505132935,7.66990474668004
5.872,1,1.00029895030276,7.66990371680335
5.874,1,1.00029297129671,7.66990318963573
5.876,1,1.00028711187077,7.66990298254662
5.878,1,1.00028136963336,7.66990296656512
5.88,1,1.00027574224069,7.66990305406151
5.882,1,1.00027022739588,7.66990318809765
5.884,1,1.00026482284796,7.66990333372031
5.886,1,1.000259526391,7.66990347114862
5.888,1,1.00025433586318,7.66990359064404
5.89,1,1.00024924914592,7.59420477110733
5.892,1,1.000244264163,7.6370115776323
5.894,1,1.00023937887974,7.58738399612652
5.896,1,1.00023459130214,7.5690664967935
5.898,1,1.0002298994761,7.56925169125692
5.9,1,1.00022530148658,7.5792844173947
5.902,1,1.00022079545685,7.59357774927636
5.904,1,1.00021637954771,7.60873218073467
5.906,1,1.00021205195675,7.6228500761185
5.908,1,1.00020781091762,7.6350219003346
5.91,1,1.00020365469927,7.64495475027796
5.912,1,1.00019958160528,7.65271342517288
5.914,1,1.00019558997318,7.58284814137226
5.916,1,1.00019167817371,7.55418738054248
5.918,1,1.00018784461024,7.55032596100954
5.92,1,1.00018408771803,7.56006888936784
5.922,1,1.00018040596367,7.57610419495894
5.924,1,1.0001767978444,7.59391203380098
5.926,1,1.00017326188751,7.61090744072857
5.928,1,1.00016979664976,7.62579227191966
5.93,1,1.00016640071677,7.63808265040544
5.932,1,1.00016307270243,7.57207771299557
5.934,1,1.00015981124838,7.54653832369177
5.936,1,1.00015661502341,7.54509618034385
5.938,1,1.00015348272295,7.5566452480865
5.94,1,1.00015041306849,7.57398150396488
5.942,1,1.00014740480712,7.59269252288908
5.944,1,1.00014445671097,7.61028987479858
5.946,1,1.00014156757676,7.54985770232983
5.948,1,1.00013873622522,7.52948279063971
5.95,1,1.00013596150072,7.53247770876865
5.952,1,1.0001332422707,7.54763805247595
5.954,1,1.00013057742529,7.56778884909768
5.956,1,1.00012796587678,7.58861179804556
5.958,1,1.00012540655925,7.53203908454699
5.96,1,1.00012289842806,7.51548069961379
5.962,1,1.0001204404595,7.52189257654861
5.964,1,1.00011803165031,7.53991958537115
5.966,1,1.0001156710173,7.56236069685158
5.968,1,1.00011335759696,7.58494060028698
5.97,1,1.00011109044502,7.60536596174961
5.972,1,1.00010886863612,7.54692768120171
5.974,1,1.0001066912634,7.52790511285354
5.976,1,1.00010455743813,7.53177682367507
5.978,1,1.00010246628937,7.54747385604451
5.98,1,1.00010041696358,7.56792702562591
5.982,1,1.00009840862431,7.58889756519125
5.984,1,1.00009644045182,7.60807426198202
5.986,1,1.00009451164278,7.62440180089318
5.988,1,1.00009262140993,7.63759867863776
5.99,1,1.00009076898173,7.64782377889874
5.992,1,1.0000889536021,7.65545512262529
5.994,1,1.00008717453005,7.66095026763734
5.996,1,1.00008543103945,7.66476402241241
5.998,1,1.00008372241866,7.66730484165549
6,1,1.00008204797029,7.59321723326581
6.002,1,1.00008040701088,7.56128170106732
6.004,1,1.00007879887067,7.55497396139709
6.006,1,1.00007722289325,7.56295374969429
6.008,1,1.00007567843539,7.57776420818896
6.01,1,1.00007416486668,7.51905619267148
6.012,1,1.00007268156935,7.50264060476983
6.014,1,1.00007122793796,7.51039588898516
6.016,1,1.0000698033792,7.53027389273417
6.018,1,1.00006840731162,7.55465396375147
6.02,1,1.00006703916538,7.57902836264222
6.022,1,1.00006569838208,7.60099408035627
6.024,1,1.00006438441444,7.6195075372641
6.026,1,1.00006309672615,7.63435301141714
6.028,1,1.00006183479162,7.64577749323915
6.03,1,1.00006059809579,7.65425031874742
6.032,1,1.00005938613388,7.6603130591036
6.034,1,1.0000581984112,7.66449235099403
6.036,1,1.00005703444297,7.66725489094506
6.038,1,1.00005589375411,7.66898935372757
6.04,1,1.00005477587903,7.67000445151948
6.042,1,1.00005368036145,7.67053579102408
6.044,1,1.00005260675422,7.59505782729523
6.046,1,1.00005155461914,7.56219928525799
6.048,1,1.00005052352676,7.55530882616675
6.05,1,1.00004951305622,7.56294485318262
6.052,1,1.0000485227951,7.57757289299278
6.054,1,1.00004755233919,7.59448540985371
6.056,1,1.00004660129241,7.61094683276677
6.058,1,1.00004566926656,7.62554305084151
6.06,1,1.00004475588123,7.63770413524477
6.062,1,1.00004386076361,7.64736653264451
6.064,1,1.00004298354833,7.65474296633157
6.066,1,1.00004212387737,7.66017247793183
6.068,1,1.00004128139982,7.66402800112401
6.07,1,1.00004045577182,7.66666373406772
6.072,1,1.00003964665639,7.66838892701143
6.074,1,1.00003885372326,7.66945834177996
6.076,1,1.00003807664879,7.59437362479973
6.078,1,1.00003731511582,7.56179229369172
6.08,1,1.0000365688135,7.55508981452202
6.082,1,1.00003583743723,7.63854660745221
6.084,1,1.00003512068849,7.68614139574606
6.086,1,1.00003441827472,7.6342178922746
6.088,1,1.00003372990922,7.61005386556968
6.09,1,1.00003305531104,7.60307634572515
6.092,1,1.00003239420482,7.60595148591922
6.094,1,1.00003174632072,7.61379639176646
6.096,1,1.00003111139431,7.62351696203584
6.098,1,1.00003048916642,7.63327827231208
6.1,1,1.00002987938309,7.5663989851565
6.102,1,1.00002928179543,7.54095385235151
6.104,1,1.00002869615952,7.54011313268082
6.106,1,1.00002812223633,7.55247469225289
6.108,1,1.0000275597916,7.57065579374699
6.11,1,1.00002700859577,7.59014552670858
6.112,1,1.00002646842386,7.60840947468362
6.114,1,1.00002593905538,7.6242172432096
6.116,1,1.00002542027427,7.63715518962974
6.118,1,1.00002491186879,7.64728599589382
6.12,1,1.00002441363141,7.65492013823314
6.122,1,1.00002392535878,7.66046957633481
6.124,1,1.00002344685161,7.66435972302374
6.126,1,1.00002297791458,7.66698117790123
6.128,1,1.00002251835628,7.66866742719564
6.13,1,1.00002206798916,7.59398967230252
6.132,1,1.00002162662937,7.56166323178379
6.134,1,1.00002119409679,7.55510940056353
6.136,1,1.00002077021485,7.56294460323125
6.138,1,1.00002035481055,7.57767887003375
6.14,1,1.00001994771434,7.59463756860712
6.142,1,1.00001954876006,7.61110859857488
6.144,1,1.00001915778486,7.62569397357593
6.146,1,1.00001877462916,7.56213546319735
6.148,1,1.00001839913658,7.53888179242433
6.15,1,1.00001803115384,7.53941408495288
6.152,1,1.00001767053077,7.55257674073505
6.154,1,1.00001731712015,7.57117492245022
6.156,1,1.00001697077775,7.59083581054292
6.158,1,1.00001663136219,7.60912289175336
6.16,1,1.00001629873495,7.5491736660181
6.162,1,1.00001597276025,7.52912377772761
6.164,1,1.00001565330505,7.53232743453173
6.166,1,1.00001534023894,7.54761391112837
6.168,1,1.00001503343417,7.56783434564354
6.17,1,1.00001473276548,7.58868993583937
6.172,1,1.00001443811017,7.6078258327453
6.174,1,1.00001414934797,7.62415613575876
6.176,1,1.00001386636101,7.63737873352544
6.178,1,1.00001358903379,7.64763925565552
6.18,1,1.00001331725311,7.65530769836858
6.182,1,1.00001305090805,7.66083717509866
6.184,1,1.00001278988989,7.66468039765362
6.186,1,1.00001253409209,7.66724518282574
6.188,1,1.00001228341025,7.59317624138441
6.19,1,1.00001203774205,7.56125470831418
6.192,1,1.00001179698721,7.5549570971881
6.194,1,1.00001156104746,7.56294395055064
6.196,1,1.00001132982651,7.57775914334109
6.198,1,1.00001110322998,7.5190541520748
6.2,1,1.00001088116538,7.50264037813104
6.202,1,1.00001066354207,7.51039665193396
6.204,1,1.00001045027123,7.5302751080404
6.206,1,1.00001024126581,7.55465530031297
6.208,1,1.00001003644049,7.57902963194489
6.21,1,1.00000983571168,7.6009951885207
6.212,1,1.00000963899745,7.61950845013666
6.214,1,1.0000094462175,7.63435373006141
6.216,1,1.00000925729315,7.6457780373918
6.218,1,1.00000907214729,7.57855179847714
6.22,1,1.00000889070434,7.62742115082284
6.222,1,1.00000871289025,7.58197271271898
6.224,1,1.00000853863245,7.56641764405664
6.226,1,1.0000083678598,7.56833722371401
6.228,1,1.0000082005026,7.57938499461098
6.23,1,1.00000803649255,7.59420963129216
6.232,1,1.0000078757627,7.53388607751422
6.234,1,1.00000771824745,7.59084433618964
6.236,1,1.0000075638825,7.55331896561147
6.238,1,1.00000741260485,7.62051547992612
6.24,1,1.00000726435275,7.66121973631841
6.242,1,1.0000071190657,7.68378072357001
6.244,1,1.00000697668438,7.69444086958863
6.246,1,1.00000683715069,7.62200434367707
6.248,1,1.00000670040768,7.58810801020444
6.25,1,1.00000656639953,7.5781071023419
6.252,1,1.00000643507154,7.58183450927064
6.254,1,1.00000630637011,7.59251410191223
6.256,1,1.0000061802427,7.60584663154712
6.258,1,1.00000605663785,7.61927786410364
6.26,1,1.00000593550509,7.63143611646291
6.262,1,1.00000581679499,7.64171563244785
6.264,1,1.00000570045909,7.64997884103905
6.266,1,1.00000558644991,7.65635138964359
6.268,1,1.00000547472091,7.6610868752971
6.27,1,1.00000536522649,7.66448208995137
6.272,1,1.00000525792196,7.66682756530044
6.274,1,1.00000515276352,7.66838182068143
6.276,1,1.00000504970825,7.66936079130721
6.278,1,1.00000494871409,7.66993639418516
6.28,1,1.00000484973981,7.6702401078749
6.282,1,1.00000475274501,7.67036887236303
6.284,1,1.00000465769011,7.67039164375278
6.286,1,1.00000456453631,7.74605456886003
6.288,1,1.00000447324558,7.70318406566354
6.29,1,1.00000438378067,7.75273941269127
6.292,1,1.00000429610506,7.69528833668852
6.294,1,1.00000421018296,7.73784846294349
6.296,1,1.0000041259793,7.75383606521321
6.298,1,1.00000404345971,7.75407703570866
6.3,1,1.00000396259052,7.74589797181888
6.302,1,1.00000388333871,7.73403650797933
6.304,1,1.00000380567193,7.72138223355311
6.306,1,1.00000372955849,7.70955415192184
6.308,1,1.00000365496732,7.62363507121613
6.31,1,1.00000358186798,7.65808768456434
6.312,1,1.00000351023062,7.60192544063088
6.314,1,1.000003440026,7.65438733271514
6.316,1,1.00000337122548,7.60819301497413
6.318,1,1.00000330380097,7.5896523961977
6.32,1,1.00000323772496,7.58768687445056
6.322,1,1.00000317297046,7.5947533389088
6.324,1,1.00000310951105,7.60593831092133
6.326,1,1.00000304732083,7.61821539724712
6.328,1,1.00000298637441,7.62986310930169
6.33,1,1.00000292664692,7.64002564999819
6.332,1,1.00000286811398,7.64839328085222
6.334,1,1.0000028107517,7.65497799690335
6.336,1,1.00000275453667,7.65996216065692
6.338,1,1.00000269944594,7.66360097768909
6.34,1,1.00000264545702,7.66616330640238
6.342,1,1.00000259254788,7.66789874975371
6.344,1,1.00000254069692,7.66902200869182
6.346,1,1.00000248988298,7.66970798395329
6.348,1,1.00000244008532,7.5943941747413
6.35,1,1.00000239128361,7.56168866131174
6.352,1,1.00000234345794,7.55493019507096
6.354,1,1.00000229658878,7.56267397130241
6.356,1,1.00000225065701,7.57738619897342
6.358,1,1.00000220564387,7.59436203155137
6.36,1,1.00000216153099,7.61086939194821
6.362,1,1.00000211830037,7.62549774742198
6.364,1,1.00000207593436,7.63768043905574
6.366,1,1.00000203441568,7.57165777867683
6.368,1,1.00000199372736,7.62184930285237
6.37,1,1.00000195385282,7.57765577850482
6.372,1,1.00000191477576,7.56319590594046
6.374,1,1.00000187648024,7.56601742722214
6.376,1,1.00000183895064,7.57777507657772
6.378,1,1.00000180217163,7.59313711964313
6.38,1,1.00000176612819,7.60890488631624
6.382,1,1.00000173080563,7.62333277242367
6.384,1,1.00000169618952,7.63562224638121
6.386,1,1.00000166226573,7.64555857648885
6.388,1,1.00000162902041,7.65325951178164
6.39,1,1.00000159644,7.65900846177304
6.392,1,1.0000015645112,7.66314919629741
6.394,1,1.00000153322098,7.66602374115477
6.396,1,1.00000150255656,7.66793943561624
6.398,1,1.00000147250543,7.66915479060078
6.4,1,1.00000144305532,7.66987676728765
6.402,1,1.00000141419421,7.67026441380233
6.404,1,1.00000138591033,7.67043553316013
6.406,1,1.00000135819212,7.67047430940606
6.408,1,1.00000133102828,7.67043869200315
6.41,1,1.00000130440772,7.67036692250659
6.412,1,1.00000127831956,7.67028295974059
6.414,1,1.00000125275317,7.59450186452536
6.416,1,1.00000122769811,7.5615365612664
6.418,1,1.00000120314414,7.55465458432803
6.42,1,1.00000117908126,7.56235970518865
6.422,1,1.00000115549964,7.57708233827613
6.424,1,1.00000113238964,7.5940937089684
6.426,1,1.00000110974185,7.61064650099816
6.428,1,1.00000108754701,7.62532107949919
6.43,1,1.00000106579607,7.63754585410902
6.432,1,1.00000104448015,7.57155891576893
6.434,1,1.00000102359055,7.62177924464814
6.436,1,1.00000100311874,7.57760799370599
6.438,1,1.00000098305636,7.56316471370062
6.44,1,1.00000096339524,7.56599816084083
6.442,1,1.00000094412733,7.65346298836805
6.444,1,1.00000092524478,7.62602379278593
6.446,1,1.00000090673989,7.69142267125677
6.448,1,1.00000088860509,7.64847123442703
6.45,1,1.00000087083299,7.70338336688322
6.452,1,1.00000085341633,7.65365982551381
6.454,1,1.000000836348,7.62874999730865
6.456,1,1.00000081962104,7.61952957487781
6.458,1,1.00000080322862,7.61958490977653
6.46,1,1.00000078716405,7.62458070402791
6.462,1,1.00000077142077,7.63171773235101
6.464,1,1.00000075599235,7.63929209027518
6.466,1,1.00000074087251,7.64635207727575
6.468,1,1.00000072605506,7.65244100409443
6.47,1,1.00000071153395,7.65741119953949
6.472,1,1.00000069730328,7.66129433830937
6.474,1,1.00000068335721,7.66421459784326
6.476,1,1.00000066969007,7.66633322308632
6.478,1,1.00000065629626,7.66781530948697
6.48,1,1.00000064317034,7.66881171135019
6.482,1,1.00000063030693,7.6694508007468
6.484,1,1.00000061770079,7.66983629219426
6.486,1,1.00000060534678,7.67004851635904
6.488,1,1.00000059323984,7.67014740710034
6.49,1,1.00000058137505,7.59447718959732
6.492,1,1.00000056974754,7.56157344269074
6.494,1,1.00000055835259,7.55472064812535
6.496,1,1.00000054718554,7.56243480906511
6.498,1,1.00000053624183,7.65285376762849
6.5,1,1.00000052551699,7.62704987006127
6.502,1,1.00000051500665,7.61752051730602
6.504,1,1.00000050470652,7.6176094136967
6.506,1,1.00000049461239,7.62281807689797
6.508,1,1.00000048472014,7.6302425732637
6.51,1,1.00000047502574,7.638115804207
6.512,1,1.00000046552523,7.64545124788232
6.514,1,1.00000045621472,7.65177595907744
6.516,1,1.00000044709043,7.65693751427278
6.518,1,1.00000043814862,7.66096943871572
6.52,1,1.00000042938565,7.66400109846872
6.522,1,1.00000042079793,7.66620019489586
6.524,1,1.00000041238197,7.6677383186417
6.526,1,1.00000040413433,7.59307328115755
6.528,1,1.00000039605165,7.56084406586105
6.53,1,1.00000038813061,7.55442292447582
6.532,1,1.000000380368,7.56239663108065
6.534,1,1.00000037276064,7.57725883216316
6.536,1,1.00000036530543,7.59432720256919
6.538,1,1.00000035799932,7.61088734248549
6.54,1,1.00000035083933,7.62554206884642
6.542,1,1.00000034382255,7.63773444733492
6.544,1,1.0000003369461,7.6474105393507
6.546,1,1.00000033020718,7.65478993184727
6.548,1,1.00000032360303,7.66021638580193
6.55,1,1.00000031713097,7.66406594509577
6.552,1,1.00000031078835,7.6666947531132
6.554,1,1.00000030457258,7.6684131921643
6.556,1,1.00000029848113,7.66947661081942
6.558,1,1.00000029251151,7.67008581124985
6.56,1,1.00000028666128,7.67039269259605
6.562,1,1.00000028092805,7.67050808659999
6.564,1,1.00000027530949,7.67050998882794
6.566,1,1.0000002698033,7.67045118843544
6.568,1,1.00000026440724,7.67036582420334
6.57,1,1.00000025911909,7.67027472099511
6.572,1,1.00000025393671,7.67018954923732
6.574,1,1.00000024885798,7.67011594630007
6.576,1,1.00000024388082,7.67005577628496
6.578,1,1.0000002390032,7.67000870737223
6.58,1,1.00000023422314,7.66997326960547
6.582,1,1.00000022953867,7.66994753124207
6.584,1,1.0000002249479,7.66992950496605
6.586,1,1.00000022044894,7.66991736996937
6.588,1,1.00000021603996,7.66990957393424
6.59,1,1.00000021171916,7.66990486091185
6.592,1,1.00000020748478,7.66990225693735
6.594,1,1.00000020333509,7.66990103452889
6.596,1,1.00000019926838,7.66990066943138
6.598,1,1.00000019528302,7.66990079749374
6.6,1,1.00000019137736,7.66990117587423
6.602,1,1.00000018754981,7.66990165038213
6.604,1,1.00000018379881,7.59420321163747
6.606,1,1.00000018012284,7.56131145744133
6.608,1,1.00000017652038,7.55449091440918
6.61,1,1.00000017298997,7.56224494597748
6.612,1,1.00000016953017,7.57700498499251
6.614,1,1.00000016613957,7.59404393533879
6.616,1,1.00000016281678,7.61061634555877
6.618,1,1.00000015956044,7.62530436088511
6.62,1,1.00000015636923,7.63753795019719
6.622,1,1.00000015324185,7.64725540970025
6.624,1,1.00000015017701,7.5789732527349
6.626,1,1.00000014717347,7.55153906614117
6.628,1,1.00000014423,7.54859304563407
6.63,1,1.0000001413454,7.55899510521906
6.632,1,1.00000013851849,7.57548784400159
6.634,1,1.00000013574812,7.59360042190694
6.636,1,1.00000013303316,7.61078907341857
6.638,1,1.0000001303725,7.62578862681713
6.64,1,1.00000012776505,7.63814053601553
6.642,1,1.00000012520975,7.64786161195373
6.644,1,1.00000012270555,7.65522047121768
6.646,1,1.00000012025144,7.66059348412775
6.648,1,1.00000011784641,7.58867841236659
6.65,1,1.00000011548948,7.55834926071444
6.652,1,1.00000011317969,7.6288863961361
6.654,1,1.0000001109161,7.67054572667742
6.656,1,1.00000010869778,7.61699661237951
6.658,1,1.00000010652382,7.66936438463073
6.66,1,1.00000010439335,7.69734062321478
6.662,1,1.00000010230548,7.70954992351289
6.664,1,1.00000010025937,7.71214713499853
6.666,1,1.00000009825418,7.70936275619993
6.668,1,1.0000000962891,7.70398367022833
6.67,1,1.00000009436332,7.69775195659479
6.672,1,1.00000009247605,7.61598174171251
6.674,1,1.00000009062653,7.65340192252304
6.676,1,1.000000088814,7.59928447953247
6.678,1,1.00000008703772,7.57739841336817
6.68,1,1.00000008529696,7.57485848736771
6.682,1,1.00000008359103,7.65858370283054
6.684,1,1.00000008191921,7.62864511680914
6.686,1,1.00000008028082,7.61675366489983
6.688,1,1.0000000786752,7.69135767087263
6.69,1,1.0000000771017,7.72901982720286
6.692,1,1.00000007555967,7.66756821977754
6.694,1,1.00000007404847,7.63503217340962
6.696,1,1.0000000725675,7.62112535409548
6.698,1,1.00000007111615,7.61852436118569
6.7,1,1.00000006969383,7.62220844851982
6.702,1,1.00000006829995,7.62888019466271
6.704,1,1.00000006693395,7.63648651351491
6.706,1,1.00000006559528,7.64384044170915
6.708,1,1.00000006428337,7.65033398921984
6.71,1,1.0000000629977,7.65572788624054
6.712,1,1.00000006173775,7.6600030830225
6.714,1,1.00000006050299,7.66325983334926
6.716,1,1.00000005929293,7.66565211011334
6.718,1,1.00000005810708,7.74304625090062
6.72,1,1.00000005694493,7.7013957572015
6.722,1,1.00000005580604,7.67607920601451
6.724,1,1.00000005468991,7.66197070941474
6.726,1,1.00000005359612,7.65523090530094
6.728,1,1.00000005252419,7.65308534904201
6.73,1,1.00000005147371,7.65360124668563
6.732,1,1.00000005044424,7.65548533942178
6.734,1,1.00000004943535,7.65791301409655
6.736,1,1.00000004844664,7.6603909298659
6.738,1,1.00000004747771,7.66265107417364
6.74,1,1.00000004652816,7.66457203339622
6.742,1,1.00000004559759,7.66612254487852
6.744,1,1.00000004468564,7.66732250080639
6.746,1,1.00000004379193,7.66821710632618
6.748,1,1.00000004291609,7.66886060212261
6.75,1,1.00000004205777,7.59360777569658
6.752,1,1.00000004121661,7.5610123933344
6.754,1,1.00000004039228,7.55437939498429
6.756,1,1.00000003958444,7.56224443365972
6.758,1,1.00000003879275,7.57706371326781
6.76,1,1.00000003801689,7.59412845500469
6.762,1,1.00000003725655,7.61070627567905
6.764,1,1.00000003651142,7.62538830016322
6.766,1,1.00000003578119,7.63761041062744
6.768,1,1.00000003506557,7.64731459794352
6.77,1,1.00000003436426,7.65471844015472
6.772,1,1.00000003367697,7.66016498687346
6.774,1,1.00000003300343,7.66403033268819
6.776,1,1.00000003234337,7.59097215535363
6.778,1,1.0000000316965,7.5598071057442
6.78,1,1.00000003106257,7.55405573133197
6.782,1,1.00000003044132,7.56242280447082
6.784,1,1.00000002983249,7.57749216906353
6.786,1,1.00000002923584,7.59464797156461
6.788,1,1.00000002865112,7.5355241547855
6.79,1,1.0000000280781,7.5929604527194
6.792,1,1.00000002751654,7.55548112482114
6.794,1,1.00000002696621,7.54678987528707
6.796,1,1.00000002642688,7.55430649072287
6.798,1,1.00000002589835,7.56972343136159
6.8,1,1.00000002538038,7.587831308344
6.802,1,1.00000002487277,7.60558684196562
6.804,1,1.00000002437532,7.6214021018793
6.806,1,1.00000002388781,7.63462188609008
6.808,1,1.00000002341006,7.56945408026513
6.81,1,1.00000002294185,7.5446199995347
6.812,1,1.00000002248302,7.54374326432978
6.814,1,1.00000002203336,7.5557273404486
6.816,1,1.00000002159269,7.57338614072027
6.818,1,1.00000002116084,7.59232790333297
6.82,1,1.00000002073762,7.61008427644617
6.822,1,1.00000002032287,7.62545610499321
6.824,1,1.00000001991641,7.63803933337619
6.826,1,1.00000001951808,7.57219482149388
6.828,1,1.00000001912772,7.54672941443842
6.83,1,1.00000001874516,7.54530785921763
6.832,1,1.00000001837026,7.55684701287513
6.834,1,1.00000001800286,7.57415806908402
6.836,1,1.0000000176428,7.59283822502965
6.838,1,1.00000001728994,7.61040474028499
6.84,1,1.00000001694414,7.62564370633076
6.842,1,1.00000001660526,7.56243865799734
6.844,1,1.00000001627316,7.53934353237013
6.846,1,1.00000001594769,7.53991479074942
6.848,1,1.00000001562874,7.55304880580684
6.85,1,1.00000001531616,7.5715851250642
6.852,1,1.00000001500984,7.59117254213973
6.854,1,1.00000001470964,7.60938721383912
6.856,1,1.00000001441545,7.62507220880657
6.858,1,1.00000001412714,7.63786030949317
6.86,1,1.0000000138446,7.64784162406755
6.862,1,1.00000001356771,7.65534121773513
6.864,1,1.00000001329635,7.66077735434375
6.866,1,1.00000001303043,7.58887779346691
6.868,1,1.00000001276982,7.5585372342377
6.87,1,1.00000001251442,7.47765189943631
6.872,1,1.00000001226413,7.45349759711886
6.874,1,1.00000001201885,7.46197674676996
6.876,1,1.00000001177847,7.48701950014037
6.878,1,1.0000000115429,7.51842250146592
6.88,1,1.00000001131205,7.55011749457264
6.882,1,1.0000000110858,7.50314109232086
6.884,1,1.00000001086409,7.49455166793957
6.886,1,1.00000001064681,7.50727828191205
6.888,1,1.00000001043387,7.53011474073585
6.89,1,1.00000001022519,7.55608799538167
6.892,1,1.00000001002069,7.58117036145656
6.894,1,1.00000000982028,7.60330216709501
6.896,1,1.00000000962387,7.62167638460943
6.898,1,1.00000000943139,7.63623355836069
6.9,1,1.00000000924276,7.6473187131643
6.902,1,1.00000000905791,7.57975957634201
6.904,1,1.00000000887675,7.62833222150785
6.906,1,1.00000000869922,7.65833457496086
6.908,1,1.00000000852523,7.6754739613396
6.91,1,1.00000000835473,7.68406310356282
6.912,1,1.00000000818763,7.6115465434822
6.914,1,1.00000000802388,7.57863967854928
6.916,1,1.0000000078634,7.57010085145765
6.918,1,1.00000000770613,7.57539803883745
6.92,1,1.00000000755201,7.58754990728773
6.922,1,1.00000000740097,7.60215741454485
6.924,1,1.00000000725295,7.61663258823505
6.926,1,1.00000000710789,7.62960855804831
6.928,1,1.00000000696574,7.64050446142446
6.93,1,1.00000000682642,7.57351695365815
6.932,1,1.00000000668989,7.54731160127733
6.934,1,1.00000000655609,7.54543804074053
6.936,1,1.00000000642497,7.5567233325286
6.938,1,1.00000000629647,7.57391123397188
6.94,1,1.00000000617054,7.59255008429207
6.942,1,1.00000000604713,7.61012301335196
6.944,1,1.00000000592619,7.62539320463217
6.946,1,1.00000000580767,7.63792844708941
6.948,1,1.00000000569151,7.64776821037637
6.95,1,1.00000000557768,7.65519957321248
6.952,1,1.00000000546613,7.66061330825678
6.954,1,1.00000000535681,7.66441691103238
6.956,1,1.00000000524967,7.59128765797778
6.958,1,1.00000000514468,7.56005357126782
6.96,1,1.00000000504178,7.5542410604548
6.962,1,1.00000000494095,7.56255724384079
6.964,1,1.00000000484213,7.57758620490672
6.966,1,1.00000000474529,7.59471118290315
6.968,1,1.00000000465038,7.61126360917693
6.97,1,1.00000000455737,7.62587708651746
6.972,1,1.00000000446623,7.63801440572315
6.974,1,1.0000000043769,7.64763350882822
6.976,1,1.00000000428936,7.65496050809851
6.978,1,1.00000000420358,7.66034219029297
6.98,1,1.0000000041195,7.66415546045932
6.982,1,1.00000000403711,7.59105716628531
6.984,1,1.00000000395637,7.55986233575866
6.986,1,1.00000000387724,7.55408963089851
6.988,1,1.0000000037997,7.56244198468957
6.99,1,1.00000000372371,7.5775016077765
6.992,1,1.00000000364923,7.59465128445179
6.994,1,1.00000000357625,7.61122279203269
6.996,1,1.00000000350472,7.62585047219556
6.998,1,1.00000000343463,7.63799799120744
7,1,1.00000000336593,7.64762415299246
7.002,1,1.00000000329862,7.57925692172446
7.004,1,1.00000000323264,7.6274482933852
7.006,1,1.00000000316799,7.58163567076652
7.008,1,1.00000000310463,7.64161859789361
7.01,1,1.00000000304254,7.6006947900962
7.012,1,1.00000000298169,7.58570450171972
7.014,1,1.00000000292205,7.58602169096262
7.016,1,1.00000000286361,7.59446966532415
7.018,1,1.00000000280634,7.6064192688174
7.02,1,1.00000000275021,7.61905659516898
7.022,1,1.00000000269521,7.63081336767231
7.024,1,1.00000000264131,7.64094027367971
7.026,1,1.00000000258848,7.64919863404457
7.028,1,1.00000000253671,7.57994668319682
7.03,1,1.00000000248598,7.62759823736236
7.032,1,1.00000000243626,7.58148298012177
7.034,1,1.00000000238753,7.56562069191996
7.036,1,1.00000000233978,7.56745511526448
7.038,1,1.00000000229298,7.57854454063218
7.04,1,1.00000000224713,7.5934743373502
7.042,1,1.00000000220218,7.60897834416862
7.044,1,1.00000000215814,7.62325834105149
7.046,1,1.00000000211498,7.63547630517138
7.048,1,1.00000000207268,7.56968999170733
7.05,1,1.00000000203122,7.62020175106093
7.052,1,1.0000000019906,7.57634158595388
7.054,1,1.00000000195079,7.56218916926475
7.056,1,1.00000000191177,7.56527398982609
7.058,1,1.00000000187354,7.57724540715373
7.06,1,1.00000000183606,7.59277370958084
7.062,1,1.00000000179934,7.53296707676177
7.064,1,1.00000000176336,7.51459274659636
7.066,1,1.00000000172809,7.59582289965111
7.068,1,1.00000000169353,7.6464470836534
7.07,1,1.00000000165966,7.60005655392135
7.072,1,1.00000000162646,7.58221434959164
7.074,1,1.00000000159393,7.58135533474425
7.076,1,1.00000000156206,7.58963669696679
7.078,1,1.00000000153082,7.60197445616472
7.08,1,1.0000000015002,7.6152574361988
7.082,1,1.00000000147019,7.62773343925399
7.084,1,1.00000000144079,7.63854782247898
7.086,1,1.00000000141197,7.6474088776044
7.088,1,1.00000000138374,7.65435384880496
7.09,1,1.00000000135606,7.65959170492676
7.092,1,1.00000000132894,7.66340235562077
7.094,1,1.00000000130236,7.59037699318783
7.096,1,1.00000000127631,7.63498709861913
7.098,1,1.00000000125079,7.58652086105031
7.1,1,1.00000000122577,7.56890778919951
7.102,1,1.00000000120126,7.56948425480611
7.104,1,1.00000000117723,7.57970265727998
7.106,1,1.00000000115369,7.59405371490105
7.108,1,1.00000000113061,7.60919195034
7.11,1,1.000000001108,7.62325583241331
7.112,1,1.00000000108584,7.63535880968523
7.114,1,1.00000000106412,7.645221698173
7.116,1,1.00000000104284,7.65291672226329
7.118,1,1.00000000102198,7.65869635231559
7.12,1,1.00000000100154,7.66288424970449
7.122,1,1.00000000098151,7.66581009142354
7.124,1,1.00000000096188,7.59207530655896
7.126,1,1.00000000094265,7.56044060681724
7.128,1,1.00000000092379,7.55437628650577
7.13,1,1.00000000090532,7.56254485643238
7.132,1,1.00000000088721,7.57749633120741
7.134,1,1.00000000086947,7.59458886296632
7.136,1,1.00000000085208,7.61113606109621
7.138,1,1.00000000083504,7.62575933923247
7.14,1,1.00000000081833,7.63791350550543
7.142,1,1.00000000080197,7.6475515500769
7.144,1,1.00000000078593,7.65489673811903
7.146,1,1.00000000077021,7.66029441258169
7.148,1,1.00000000075481,7.66412092544633
7.15,1,1.00000000073971,7.66673201854874
7.152,1,1.00000000072492,7.66843733389012
7.154,1,1.00000000071042,7.66949137216749
7.156,1,1.00000000069621,7.5943951963295
7.158,1,1.00000000068229,7.6375045439031
7.16,1,1.00000000066864,7.66368854397389
7.162,1,1.00000000065527,7.67826353300384
7.164,1,1.00000000064216,7.60951107717729
7.166,1,1.00000000062932,7.57881216036065
7.168,1,1.00000000061673,7.57143360861265
7.17,1,1.0000000006044,7.57721792781434
7.172,1,1.00000000059231,7.58944992367218
7.174,1,1.00000000058046,7.60391263151283
7.176,1,1.00000000056885,7.6181373638268
7.178,1,1.00000000055748,7.63083128055449
7.18,1,1.00000000054633,7.64145611270939
7.182,1,1.0000000005354,7.6499290606883
7.184,1,1.00000000052469,7.65641835742259
7.186,1,1.0000000005142,7.58551056714103
7.188,1,1.00000000050391,7.55603116120017
7.19,1,1.00000000049384,7.55155125856927
7.192,1,1.00000000048396,7.56084347392493
7.194,1,1.00000000047428,7.57656200669002
7.196,1,1.0000000004648,7.59415575508745
7.198,1,1.0000000004555,7.61101295265786
7.2,1,1.00000000044639,7.62581367571519
7.202,1,1.00000000043746,7.63805709448622
7.204,1,1.00000000042871,7.64772855766126
7.206,1,1.00000000042014,7.65507409486748
7.208,1,1.00000000041174,7.66045445109825
7.21,1,1.0000000004035,7.58855701687445
7.212,1,1.00000000039543,7.55824925097726
7.214,1,1.00000000038752,7.55310874237265
7.216,1,1.00000000037977,7.56189499894565
7.218,1,1.00000000037218,7.57723996838909
7.22,1,1.00000000036473,7.59456761718683
7.222,1,1.00000000035744,7.61124227879842
7.224,1,1.00000000035029,7.62592303838994
7.226,1,1.00000000034328,7.63809169785401
7.228,1,1.00000000033642,7.64771988345086
7.23,1,1.00000000032969,7.65504320075726
7.232,1,1.0000000003231,7.66041475825579
7.234,1,1.00000000031663,7.66421546766861
7.236,1,1.0000000003103,7.6668034711855
7.238,1,1.00000000030409,7.5927905051745
7.24,1,1.00000000029801,7.56093688936595
7.242,1,1.00000000029205,7.5547068598329
7.244,1,1.00000000028621,7.56275444577084
7.246,1,1.00000000028049,7.57762072511132
7.248,1,1.00000000027488,7.59465555268035
7.25,1,1.00000000026938,7.61116540038477
7.252,1,1.00000000026399,7.62576586725258
7.254,1,1.00000000025871,7.63790722605381
7.256,1,1.00000000025354,7.64753906131843
7.258,1,1.00000000024847,7.65488217109102
7.26,1,1.0000000002435,7.66028017510892
7.262,1,1.00000000023863,7.66410826887776
7.264,1,1.00000000023386,7.66672145408635
7.266,1,1.00000000022918,7.66842892762898
7.268,1,1.0000000002246,7.66948494634418
7.27,1,1.0000000002201,7.67008937837403
7.272,1,1.0000000002157,7.5946944474268
7.274,1,1.00000000021139,7.56191604340192
7.276,1,1.00000000020716,7.55509626950023
7.278,1,1.00000000020302,7.56279096502333
7.28,1,1.00000000019896,7.57746547558358
7.282,1,1.00000000019498,7.59441337275705
7.284,1,1.00000000019108,7.6109007705607
7.286,1,1.00000000018726,7.62551538484791
7.288,1,1.00000000018351,7.6376890088081
7.29,1,1.00000000017984,7.64735958533657
7.292,1,1.00000000017624,7.65474106588332
7.294,1,1.00000000017272,7.66017345608321
7.296,1,1.00000000016926,7.66403041763201
7.298,1,1.00000000016588,7.66666667902122
7.3,1,1.00000000016256,7.66839186308175
7.302,1,1.00000000015931,7.66946098333516
7.304,1,1.00000000015612,7.6700747662821
7.306,1,1.000000000153,7.59468626348712
7.308,1,1.00000000014994,7.63761101241221
7.31,1,1.00000000014694,7.66368607473394
7.312,1,1.000000000144,7.67820322083995
7.314,1,1.00000000014112,7.60942587519657
7.316,1,1.0000000001383,7.57872209599492
7.318,1,1.00000000013554,7.57134984057429
7.32,1,1.00000000013282,7.57714578461072
7.322,1,1.00000000013017,7.5893910991881
7.324,1,1.00000000012756,7.60386671443862
7.326,1,1.00000000012501,7.61810286093803
7.328,1,1.00000000012251,7.63080626911493
7.33,1,1.00000000012006,7.64143863072957
7.332,1,1.00000000011766,7.64991731888917
7.334,1,1.00000000011531,7.65641083521072
7.336,1,1.000000000113,7.6612049549417
7.338,1,1.00000000011074,7.66461977984145
7.34,1,1.00000000010853,7.66696212210963
7.342,1,1.00000000010636,7.66850142667781
7.344,1,1.00000000010423,7.66946062075139
7.346,1,1.00000000010214,7.67001582581522
7.348,1,1.0000000001001,7.67030082361174
7.35,1,1.0000000000981,7.59471469853087
7.352,1,1.00000000009614,7.63753126697581
7.354,1,1.00000000009422,7.58785759933484
7.356,1,1.00000000009233,7.64516770135629
7.358,1,1.00000000009048,7.60246843570634
7.36,1,1.00000000008867,7.58635640476812
7.362,1,1.0000000000869,7.58601113011852
7.364,1,1.00000000008516,7.5941069148412
7.366,1,1.00000000008346,7.60590452955794
7.368,1,1.00000000008179,7.69421053447541
7.37,1,1.00000000008015,7.66319824095261
7.372,1,1.00000000007855,7.64732402148568
7.374,1,1.00000000007698,7.64108828755719
7.376,1,1.00000000007544,7.71630624434214
7.378,1,1.00000000007393,7.67613452181419
7.38,1,1.00000000007245,7.65409964926591
7.382,1,1.000000000071,7.64391026975393
7.384,1,1.00000000006958,7.64104266952687
7.386,1,1.00000000006819,7.6423621313912
7.388,1,1.00000000006683,7.64578394831399
7.39,1,1.00000000006549,7.64998904085176
7.392,1,1.00000000006418,7.6541967572857
7.394,1,1.0000000000629,7.65799058783931
7.396,1,1.00000000006164,7.66118929449763
7.398,1,1.00000000006041,7.6637549758277
7.4,1,1.0000000000592,7.66572989952615
7.402,1,1.00000000005802,7.66719490856589
7.404,1,1.00000000005686,7.6682434357369
7.406,1,1.00000000005572,7.66896640539077
7.408,1,1.0000000000546,7.66944443048243
7.41,1,1.00000000005351,7.6697446696538
7.412,1,1.00000000005244,7.66992047928878
7.414,1,1.00000000005139,7.67001259021404
7.416,1,1.00000000005036,7.59435206354289
7.418,1,1.00000000004936,7.63716475100174
7.42,1,1.00000000004837,7.58752518765935
7.422,1,1.0000000000474,7.64488628212958
7.424,1,1.00000000004646,7.67794089877184
7.426,1,1.00000000004553,7.694772713874
7.428,1,1.00000000004462,7.70129314568219
7.43,1,1.00000000004372,7.70167191051315
7.432,1,1.00000000004285,7.62303958071981
7.434,1,1.00000000004199,7.66143633046107
7.436,1,1.00000000004115,7.60704663889184
7.438,1,1.00000000004033,7.6599482304901
7.44,1,1.00000000003952,7.61343952603689
7.442,1,1.00000000003873,7.59421346343407
7.444,1,1.00000000003796,7.59143229732586
7.446,1,1.0000000000372,7.59769419415008
7.448,1,1.00000000003645,7.60815991238595
7.45,1,1.00000000003572,7.61983422258542
7.452,1,1.00000000003501,7.63100075710676
7.454,1,1.00000000003431,7.64079444809793
7.456,1,1.00000000003362,7.64888952750317
7.458,1,1.00000000003295,7.65527993898773
7.46,1,1.00000000003229,7.66013069723731
7.462,1,1.00000000003165,7.66368174731136
7.464,1,1.00000000003101,7.66618930621828
7.466,1,1.00000000003039,7.66789297971693
7.468,1,1.00000000002979,7.66899986815181
7.47,1,1.00000000002919,7.66967929969129
7.472,1,1.00000000002861,7.67006375000531
7.474,1,1.00000000002803,7.67025296984189
7.476,1,1.00000000002747,7.67031941570999
7.478,1,1.00000000002692,7.67031383940382
7.48,1,1.00000000002639,7.67027041055911
7.482,1,1.00000000002586,7.67021108464148
7.484,1,1.00000000002534,7.67014913748904
7.486,1,1.00000000002483,7.67009190660854
7.488,1,1.00000000002434,7.6700428389499
7.49,1,1.00000000002385,7.67000296678143
7.492,1,1.00000000002337,7.66997193295973
7.494,1,1.00000000002291,7.66994867474274
7.496,1,1.00000000002245,7.66993185804503
7.498,1,1.000000000022,7.66992013576726
7.5,3,1.00000000002156,7.66991228682437
7.502,3,1.04000000002113,7.66990727783952
7.504,3,1.07920000002071,7.6699042775139
7.506,3,1.11761600002029,7.74560156202096
7.508,3,1.15526368001989,8.00558976026711
7.51,3,1.19215840641949,8.48958162855147
7.512,3,1.2283152382911,9.12094518674367
7.514,3,1.26374893352528,9.76857562480553
7.516,3,1.29847395485477,10.5123589887107
7.518,3,1.33250447575768,11.3097024353368
7.52,3,1.36585438624252,12.1326088935096
7.522,3,1.39853729851767,13.0393260122118
7.524,3,1.43056655254732,13.8255434497802
7.526,3,1.46195522149637,14.6213106132568
7.528,3,1.49271611706644,15.3436307090448
7.53,3,1.52286179472511,16.031196922122
7.532,3,1.55240455883061,16.7080708918705
7.534,3,1.581356467654,17.236739956544
7.536,3,1.60972933830092,17.7856050677691
7.538,3,1.6375347515349,18.2910680850056
7.54,3,1.6647840565042,18.799200416689
7.542,3,1.69148837537412,19.258605400866
7.544,3,1.71765860786664,19.6466870524174
7.546,3,1.7433054357093,20.0341352288876
7.548,3,1.76843932699512,20.3830060282344
7.55,3,1.79307054045522,20.6768748410026
7.552,3,1.81720912964611,20.9881113077567
7.554,3,1.84086494705319,21.3535894799438
7.556,3,1.86404764811213,21.6362196700715
7.558,3,1.88676669514988,21.8467800584973
7.56,3,1.90903136124689,22.0738295939369
7.562,3,1.93085073402195,22.2872624060653
7.564,3,1.95223371934151,22.5480685972423
7.566,3,1.97318904495468,22.7326952608451
7.568,3,1.99372526405559,22.8584803655036
7.57,3,2.01385075877447,23.0161750252527
7.572,3,2.03357374359898,23.0996214018972
7.574,3,2.052902268727,23.2866399066451
7.576,3,2.07184422335246,23.43472713594
7.578,3,2.09040733888542,23.547440220819
7.58,3,2.10859919210771,23.6301671449824
7.582,3,2.12642720826555,23.6887403472428
7.584,3,2.14389866410024,23.8043525330803
7.586,3,2.16102069081824,23.9389679738275
7.588,3,2.17780027700187,23.9947311989429
7.59,3,2.19424427146184,24.0786449920811
7.592,3,2.2103593860326,24.1692869723369
7.594,3,2.22615219831195,24.1788715624334
7.596,3,2.24162915434571,24.2199885494343
7.598,3,2.25679657125879,24.27386082185
7.6,3,2.27166063983362,24.3292173517503
7.602,3,2.28622742703695,24.379901831132
7.604,3,2.30050287849621,24.4230927718094
7.606,3,2.31449282092628,24.4580253124805
7.608,3,2.32820296450776,24.4851066933455
7.61,3,2.3416389052176,24.5053289371074
7.612,3,2.35480612711325,24.5198979692604
7.614,3,2.36771000457098,24.6057136678714
7.616,3,2.38035580447956,24.6453501687167
7.618,3,2.39274868838997,24.7321504406268
7.62,3,2.40489371462217,24.7598331158885
7.622,3,2.41679584032973,24.8289604820409
7.624,3,2.42845992352314,24.8376650303136
7.626,3,2.43989072505267,24.8889913793479
7.628,3,2.45109291055162,24.8822794464798
7.63,3,2.46207105234059,24.920982316992
7.632,3,2.47282963129378,24.9043820481502
7.634,3,2.4833730386679,24.9356309259561
7.636,3,2.49370557789454,24.9136103586315
7.638,3,2.50383146633665,24.9410582847805
7.64,3,2.51375483700992,24.9921742732625
7.642,3,2.52347974026972,25.0508653484151
7.644,3,2.53301014546433,25.0321040361188
7.646,3,2.54234994255504,24.9738960526915
7.648,3,2.55150294370394,24.9760985501159
7.65,3,2.56047288482986,24.9345961862977
7.652,3,2.56926342713326,24.9495850179118
7.654,3,2.5778781585906,24.9932161456629
7.656,3,2.58632059541879,24.9721144766072
7.658,3,2.59459418351041,24.9942782429174
7.66,3,2.6027022998402,25.0373240685493
7.662,3,2.6106482538434,25.0872559510995
7.664,3,2.61843528876653,25.1359314644182
7.666,3,2.6260665829912,25.1034340716137
7.668,3,2.63354525133138,25.1065608067563
7.67,3,2.64087434630475,25.1283740641996
7.672,3,2.64805685937865,25.0822993504653
7.674,3,2.65509572219108,25.0802724442866
7.676,3,2.66199380774726,25.1019322892858
7.678,3,2.66875393159231,25.05838547318
7.68,3,2.67537885296047,25.0600666707791
7.682,3,2.68187127590126,25.0856979413553
7.684,3,2.68823385038323,25.1215699101594
7.686,3,2.69446917337557,25.1593618937648
7.688,3,2.70057978990806,25.1187488102921
7.69,3,2.7065681941099,25.1160366790333
7.692,3,2.7124368302277,25.1338013671151
7.694,3,2.71818809362314,25.0850322649495
7.696,3,2.72382433175068,25.0056000400979
7.698,3,2.72934784511567,24.9176575973879
7.7,3,2.73476088821335,24.9852548333553
7.702,3,2.74006567044909,25.0534167853821
7.704,3,2.7452643570401,25.0394536166076
7.706,3,2.7503590698993,25.0587775914045
7.708,3,2.75535188850132,25.093943383066
7.71,3,2.76024485073129,25.1340854553386
7.712,3,2.76503995371666,25.0972201456343
7.714,3,2.76973915464233,25.0986311564864
7.716,3,2.77434437154948,25.12031219878
7.718,3,2.77885748411849,25.1506615785902
7.72,3,2.78328033443612,25.1826376334296
7.722,3,2.7876147277474,25.1366262188385
7.724,3,2.79186243319245,25.1292712173639
7.726,3,2.79602518452861,25.0675551693058
7.728,3,2.80010468083803,25.0586433495158
7.73,3,2.80410258722127,25.0787668001803
7.732,3,2.80802053547685,25.1123860240335
7.734,3,2.81186012476731,25.0741843184839
7.736,3,2.81562292227196,25.0771562955643
7.738,3,2.81931046382652,25.1017891434901
7.74,3,2.82292425454999,25.0598416883147
7.742,3,2.82646576945899,25.062231957469
7.744,3,2.82993645406981,25.0880276064096
7.746,3,2.83333772498842,25.1237572945724
7.748,3,2.83667097048865,25.1612575266189
7.75,3,2.83993755107888,25.1203017870188
7.752,3,2.8431388000573,25.117253675644
7.754,3,2.84627602405615,25.13471910323
7.756,3,2.84935050357503,25.085699855641
7.758,3,2.85236349350353,25.0817672800229
7.76,3,2.85531622363346,25.1022634698542
7.762,3,2.85820989916079,25.0580634957017
7.764,3,2.86104570117757,25.0594282012159
7.766,3,2.86382478715402,25.0849537296683
7.768,3,2.86654829141094,25.0451438488545
7.77,3,2.86921732558272,25.0501245112899
7.772,3,2.87183297907107,25.0784963392315
7.774,3,2.87439631948965,25.0408414508554
7.776,3,2.87690839309985,25.0473958051053
7.778,3,2.87937022523786,25.0768760527678
7.78,3,2.8817828207331,25.1156710177095
7.782,3,2.88414716431844,25.0799048499057
7.784,3,2.88646422103207,25.0836108847033
7.786,3,2.88873493661143,25.1079980966656
7.788,3,2.8909602378792,25.1410057846544
7.79,3,2.89314103312162,25.1753522629765
7.792,3,2.89527821245918,25.207022735308
7.794,3,2.89737264821,25.2341405858497
7.796,3,2.8994251952458,25.2561545112411
7.798,3,2.90143669134088,25.1975753709112
7.8,3,2.90340795751407,25.1775037001634
7.802,3,2.90533979836378,25.1799455673713
7.804,3,2.90723300239651,25.1184519435772
7.806,3,2.90908834234858,25.1803343298911
7.808,3,2.91090657550161,25.2261954959797
7.81,3,2.91268844399158,25.1832887640404
7.812,3,2.91443467511174,25.1729837998204
7.814,3,2.91614598160951,25.1810794627106
7.816,3,2.91782306197732,25.2738864200985
7.818,3,2.91946660073777,25.2513047182456
7.82,3,2.92107726872302,25.2451243448297
7.822,3,2.92265572334856,25.1726003740873
7.824,3,2.92420260888158,25.1475581225369
7.826,3,2.92571855670395,25.2260040572284
7.828,3,2.92720418556987,25.2761896410328
7.83,3,2.92866010185848,25.2306545047833
7.832,3,2.93008689982131,25.2142732395335
7.834,3,2.93148516182488,25.2150538574426
7.836,3,2.93285545858838,25.1492093906205
7.838,3,2.93419834941662,25.2057362283334
7.84,3,2.93551438242828,25.2462346988591
7.842,3,2.93680409477972,25.2741896550439
7.844,3,2.93806801288412,25.2169983306324
7.846,3,2.93930665262644,25.1957496870436
7.848,3,2.94052051957391,25.1200642569081
7.85,3,2.94171010918243,25.0985213925311
7.852,3,2.94287590699879,25.1079740468263
7.854,3,2.94401838885881,25.1330208624086
7.856,3,2.94513802108163,25.0882116915601
7.858,3,2.94623526066,25.0862760600248
7.86,3,2.9473105554468,25.1073920403956
7.862,3,2.94836434433786,25.1387152924167
7.864,3,2.94939705745111,25.1723896762265
7.866,3,2.95040911630208,25.2039941770613
7.868,3,2.95140093397604,25.2313757577009
7.87,3,2.95237291529652,25.1781042663749
7.872,3,2.95332545699059,25.2384833224561
7.874,3,2.95425894785078,25.2021049055779
7.876,3,2.95517376889376,25.1934238213619
7.878,3,2.95607029351589,25.2003680030145
7.88,3,2.95694888764557,25.2149583595221
7.882,3,2.95780990989266,25.2321857176112
7.884,3,2.95865371169481,25.2491188775505
7.886,3,2.95948063746091,25.1885250147058
7.888,3,2.96029102471169,25.1682723093967
7.89,3,2.96108520421746,25.1715287490302
7.892,3,2.96186350013311,25.186999087233
7.894,3,2.96262623013045,25.2074551293725
7.896,3,2.96337370552784,25.1528517474374
7.898,3,2.96410623141728,25.1393140330147
7.9,3,2.96482410678894,25.1490090360042
7.902,3,2.96552762465316,25.1701350830821
7.904,3,2.96621707216009,25.1952712126633
7.906,3,2.96689273071689,25.1443658015672
7.908,3,2.96755487610255,25.1336374091195
7.91,3,2.9682037785805,25.145390629221
7.912,3,2.96883970300889,25.1679712593763
7.914,3,2.96946290894871,25.1940965471181
7.916,3,2.97007365076974,25.1438344992604
7.918,3,2.97067217775435,25.1335015915534
7.92,3,2.97125873419926,25.1454790924792
7.922,3,2.97183355951527,25.1681705802971
7.924,3,2.97239688832497,25.1943353061966
7.926,3,2.97294895055847,25.1440707225575
7.928,3,2.9734899715473,25.133713148443
7.93,3,2.97402017211635,25.0699576995048
7.932,3,2.97453976867403,25.1354202495141
7.934,3,2.97504897330055,25.1119243167953
7.936,3,2.97554799383453,25.1190127611543
7.938,3,2.97603703395784,25.1417094804195
7.94,3,2.97651629327869,25.2461875193303
7.942,3,2.97698596741311,25.2325627193903
7.944,3,2.97744624806485,25.2330080111118
7.946,3,2.97789732310355,25.1652127412849
7.948,3,2.97833937664148,25.0677220898092
7.95,3,2.97877258910865,24.9640195243291
7.952,3,2.97919713732648,25.0186375764384
7.954,3,2.97961319457995,25.0765841613838
7.956,3,2.98002093068835,25.0548875348392
7.958,3,2.98042051207458,25.0685646908456
7.96,3,2.98081210183309,25.0997535978407
7.962,3,2.98119585979643,25.0615027950705
7.964,3,2.9815719426005,25.065700209246
7.966,3,2.98194050374849,25.0921171421081
7.968,3,2.98230169367352,25.1277744836819
7.97,3,2.98265565980005,25.1648396591763
7.972,3,2.98300254660405,25.1232984010352
7.974,3,2.98334249567197,25.1953412494178
7.976,3,2.98367564575853,25.1694400277814
7.978,3,2.98400213284336,25.1695693764181
7.98,3,2.98432209018649,25.1835657027374
7.982,3,2.98463564838276,25.1278757317256
7.984,3,2.98494293541511,25.1162236717757
7.986,3,2.98524407670681,25.1292030507009
7.988,3,2.98553919517267,25.1540351301877
7.99,3,2.98582841126922,25.1827363526208
7.992,3,2.98611184304383,25.2106679412001
7.994,3,2.98638960618296,25.2354324165043
7.996,3,2.9866618140593,25.2560640016013
7.998,3,2.98692857777811,25.1967567174224
8,3,2.98719000622255,25.176377591415
8.002,3,2.9874462060981,25.1787666630772
8.004,3,2.98769728197614,25.1930601590703
8.006,3,2.98794333633661,25.2122904941081
8.008,3,2.98818446960988,25.2322552399715
8.01,3,2.98842078021768,25.2506411391296
8.012,3,2.98865236461333,25.1906716492473
8.014,3,2.98887931732106,25.1705400011128
8.016,3,2.98910173097464,25.1736371773644
8.018,3,2.98931969635515,25.1888145013045
8.02,3,2.98953330242805,25.2089351313076
8.022,3,2.98974263637948,25.2297057518202
8.024,3,2.9899477836519,25.2487729752841
8.026,3,2.99014882797886,25.2650500719609
8.028,3,2.99034585141928,25.2025340441748
8.03,3,2.9905389343909,25.1798737867264
8.032,3,2.99072815570308,25.1807014770922
8.034,3,2.99091359258902,25.1939714714642
8.036,3,2.99109532073724,25.2125661229232
8.038,3,2.99127341432249,25.2321647128747
8.04,3,2.99144794603604,25.2503643089375
8.042,3,2.99161898711532,25.266021720221
8.044,3,2.99178660737301,25.2787782902162
8.046,3,2.99195087522555,25.2887290814724
8.048,3,2.99211185772104,25.2962017014935
8.05,3,2.99226962056662,25.2259165016893
8.052,3,2.99242422815529,25.1968058928959
8.054,3,2.99257574359218,25.1925230636124
8.056,3,2.99272422872034,25.2019013372171
8.058,3,2.99286974414593,25.2176382403322
8.06,3,2.99301234926301,25.1595135365006
8.062,3,2.99315210227775,25.1434407280343
8.064,3,2.9932890602322,25.1513767066619
8.066,3,2.99342327902755,25.2470300634235
8.068,3,2.993554813447,25.2286167045375
8.07,3,2.99368371717806,25.2268981478333
8.072,3,2.9938100428345,25.1585521130935
8.074,3,2.99393384197781,25.1371240839371
8.076,3,2.99405516513826,25.218526954194
8.078,3,2.99417406183549,25.2710271642279
8.08,3,2.99429058059878,25.2272357244015
8.082,3,2.99440476898681,25.2121216345154
8.084,3,2.99451667360707,25.1380913594244
8.086,3,2.99462634013493,25.1156518355166
8.088,3,2.99473381333223,25.1986345932733
8.09,3,2.99483913706559,25.2539405114486
8.092,3,2.99494235432427,25.2133314865172
8.094,3,2.99504350723779,25.2012865833351
8.096,3,2.99514263709303,25.2056611217065
8.098,3,2.99523978435117,25.1426599927963
8.1,3,2.99533498866415,25.125650406895
8.102,3,2.99542828889087,25.1348427213381
8.104,3,2.99551972311305,25.1570988893906
8.106,3,2.99560932865079,25.1084253131303
8.108,3,2.99569714207777,25.1024341399498
8.11,3,2.99578319923622,25.1197929289623
8.112,3,2.99586753525149,25.1478888927161
8.114,3,2.99595018454646,25.178937058135
8.116,3,2.99603118085553,25.2084950340324
8.118,3,2.99611055723842,25.2343411716294
8.12,3,2.99618834609365,25.1799582930679
8.122,3,2.99626457917178,25.1638628442889
8.124,3,2.99633928758835,25.1697711688049
8.126,3,2.99641250183658,25.1868289830809
8.128,3,2.99648425179985,25.2081482709384
8.13,3,2.99655456676385,25.2296356870516
8.132,3,2.99662347542857,25.249092027759
8.134,3,2.99669100592,25.2655451161775
8.136,3,2.9967571858016,25.2787729876073
8.138,3,2.99682204208557,25.213276686873
8.14,3,2.99688560124386,25.1879670636377
8.142,3,2.99694788921898,25.1865833129368
8.144,3,2.9970089314346,25.1980936322897
8.146,3,2.99706875280591,25.2153431675801
8.148,3,2.99712737774979,25.2339504456701
8.15,3,2.99718483019479,25.1757463025242
8.152,3,2.9972411335909,25.2337279441581
8.154,3,2.99729631091908,25.2722394581437
8.156,3,2.9973503847007,25.296568383624
8.158,3,2.99740337700669,25.2352349336973
8.16,3,2.99745530946655,25.2099777894085
8.162,3,2.99750620327722,25.206449649414
8.164,3,2.99755607921168,25.2148558314912
8.166,3,2.99760495762744,25.2287958489615
8.168,3,2.9976528584749,25.1686118170414
8.17,3,2.9976998013054,25.2262419089296
8.172,3,2.99774580527929,25.1896058976843
8.174,3,2.9977908891737,25.182021064372
8.176,3,2.99783507139023,25.1906751842798
8.178,3,2.99787836996243,25.2071339387457
8.18,3,2.99792080256318,25.2261297835036
8.182,3,2.99796238651191,25.2446036138381
8.184,3,2.99800313878167,25.1852768895448
8.186,3,2.99804307600604,25.1660204114836
8.188,3,2.99808221448592,25.2457292199088
8.19,3,2.9981205701962,25.3703403019693
8.192,3,2.99815815879228,25.430896158387
8.194,3,2.99819499561643,25.4513205450576
8.196,3,2.9982310957041,25.3726317323306
8.198,3,2.99826647379002,25.2488611078787
8.2,3,2.99830114431422,25.1132681101602
8.202,3,2.99833512142794,24.9847538047541
8.204,3,2.99836841899938,24.9483966956093
8.206,3,2.99840105061939,24.9647669695331
8.208,3,2.998433029607,25.0076362966973
8.21,3,2.99846436901486,25.0604041342488
8.212,3,2.99849508163457,25.1132419734345
8.214,3,2.99852518000187,25.0852033347688
8.216,3,2.99855467640184,25.0925068209865
8.218,3,2.9985835828738,25.1179342340222
8.22,3,2.99861191121632,25.1505159095163
8.222,3,2.998639672992,25.1836966222842
8.224,3,2.99866687953216,25.1382230245732
8.226,3,2.99869354194151,25.1309971936872
8.228,3,2.99871967110268,25.1448785912381
8.23,3,2.99874527768063,25.1686445216663
8.232,3,2.99877037212702,25.1196364566143
8.234,3,2.99879496468448,25.1123604353666
8.236,3,2.99881906539079,25.1280544452661
8.238,3,2.99884268408297,25.0787484365504
8.24,3,2.99886583040131,25.1510479524546
8.242,3,2.99888851379329,25.2053540792081
8.244,3,2.99891074351742,25.2447061624572
8.246,3,2.99893252864707,25.196501797028
8.248,3,2.99895387807413,25.1820680109265
8.25,3,2.99897480051265,25.1870655716182
8.252,3,2.99899530450239,25.2019308689512
8.254,3,2.99901539841235,25.2205905898466
8.256,3,2.9990350904441,25.2394318922905
8.258,3,2.99905438863522,25.2565104537015
8.26,3,2.99907330086251,25.2709635186347
8.262,3,2.99909183484526,25.2825901839218
8.264,3,2.99910999814836,25.2158633628993
8.266,3,2.99912779818539,25.1896423200297
8.268,3,2.99914524222168,25.1876072506644
8.27,3,2.99916233737725,25.1986692222022
8.272,3,2.9991790906297,25.215622885791
8.274,3,2.99919550881711,25.2340447952376
8.276,3,2.99921159864077,25.2514314175421
8.278,3,2.99922736666795,25.2665500242054
8.28,3,2.99924281933459,25.2789671570173
8.282,3,2.9992579629479,25.2130193991054
8.284,3,2.99927280368894,25.2631933656357
8.286,3,2.99928734761516,25.2946336335921
8.288,3,2.99930160066286,25.3129818879318
8.29,3,2.9993155686496,25.2468395401923
8.292,3,2.99932925727661,25.2935718354709
8.294,3,2.99934267213108,25.320178737284
8.296,3,2.99935581868846,25.3334285948468
8.298,3,2.99936870231469,25.3382486427834
8.3,3,2.9993813282684,25.3380981176073
8.302,3,2.99939370170303,25.2596131748542
8.304,3,2.99940582766897,25.2228046579812
8.306,3,2.99941771111559,25.2875501744216
8.308,3,2.99942935689328,25.3243562086004
8.31,3,2.99944076975541,25.3426320391767
8.312,3,2.9994519543603,25.2735247217759
8.314,3,2.9994629152731,25.316042345604
8.316,3,2.99947365696763,25.3381841946665
8.318,3,2.99948418382828,25.3472761768673
8.32,3,2.99949450015172,25.2728135874753
8.322,3,2.99950461014868,25.2368469985843
8.324,3,2.99951451794571,25.224956597768
8.326,3,2.99952422758679,25.3027762991381
8.328,3,2.99953374303506,25.3450508529038
8.33,3,2.99954306817436,25.2885011521425
8.332,3,2.99955220681087,25.2605375826751
8.334,3,2.99956116267465,25.2505762998443
8.336,3,2.99956993942116,25.2511971440731
8.338,3,2.99957854063274,25.2573992026966
8.34,3,2.99958696982008,25.2659650984604
8.342,3,2.99959523042368,25.2749459943026
8.344,3,2.99960332581521,25.2075628755058
8.346,3,2.9996112592989,25.1818111137852
8.348,3,2.99961903411292,25.1807991786001
8.35,3,2.99962665343067,25.1930786246457
8.352,3,2.99963412036205,25.211233226908
8.354,3,2.99964143795481,25.2307287300701
8.356,3,2.99964860919572,25.2490150851131
8.358,3,2.9996556370118,25.189153002475
8.36,3,2.99966252427157,25.1692285093179
8.362,3,2.99966927378613,25.1725655815953
8.364,3,2.99967588831041,25.1879765826068
8.366,3,2.9996823705442,25.2083045106739
8.368,3,2.99968872313332,25.2292479042174
8.37,3,2.99969494867065,25.2484524396268
8.372,3,2.99970104969724,25.2648343879202
8.374,3,2.99970702870329,25.2780944728366
8.376,3,2.99971288812923,25.2883812330351
8.378,3,2.99971863036664,25.2960673261077
8.38,3,2.99972425775931,25.3016081321294
8.382,3,2.99972977260412,25.3054581953676
8.384,3,2.99973517715204,25.2323278350297
8.386,3,2.999740473609,25.2010673867535
8.388,3,2.99974566413682,25.1952176503364
8.39,3,2.99975075085408,25.2034944893311
8.392,3,2.999755735837,25.2184868593845
8.394,3,2.99976062112026,25.1598814082075
8.396,3,2.99976540869786,25.1435159532716
8.398,3,2.9997701005239,25.1512884656271
8.4,3,2.99977469851342,25.0954655343296
8.402,3,2.99977920454315,25.0869413369786
8.404,3,2.99978362045229,25.1044785721421
8.406,3,2.99978794804324,25.1341811514898
8.408,3,2.99979218908238,25.1674388792227
8.41,3,2.99979634530073,25.1993098392135
8.412,3,2.99980041839472,25.2272958239855
8.414,3,2.99980441002682,25.1747492799214
8.416,3,2.99980832182629,25.1601470908869
8.418,3,2.99981215538976,25.1672183656465
8.42,3,2.99981591228196,25.1851482274578
8.422,3,2.99981959403633,25.1313994654833
8.424,3,2.9998232021556,25.1961336154689
8.426,3,2.99982673811249,25.2419560416731
8.428,3,2.99983020335024,25.2731720674298
8.43,3,2.99983359928323,25.2178200077304
8.432,3,2.99983692729757,25.1974709810341
8.434,3,2.99984018875162,25.1220953501446
8.436,3,2.99984338497658,25.1005172127598
8.438,3,2.99984651727705,25.1854529972723
8.44,3,2.99984958693151,25.3188001766623
8.442,3,2.99985259519288,25.3891010084773
8.444,3,2.99985554328902,25.3431476055832
8.446,3,2.99985843242324,25.239741774937
8.448,3,2.99986126377478,25.1159075181053
8.45,3,2.99986403849928,25.0691015020302
8.452,3,2.9998667577293,25.0679872340239
8.454,3,2.99986942257471,25.0913462078974
8.456,3,2.99987203412322,25.1254491052532
8.458,3,2.99987459344075,25.1619149421827
8.46,3,2.99987710157194,25.196041686779
8.462,3,2.9998795595405,25.2255530307476
8.464,3,2.99988196834969,25.2496907469687
8.466,3,2.9998843289827,25.2685808974411
8.468,3,2.99988664240304,25.2071096959067
8.47,3,2.99988890955498,25.1845549508774
8.472,3,2.99989113136388,25.1849768890701
8.474,3,2.9998933087366,25.1976085663343
8.476,3,2.99989544256187,25.2155038942572
8.478,3,2.99989753371063,25.1587407342638
8.48,3,2.99989958303642,25.1434701862482
8.482,3,2.99990159137569,25.1518310302532
8.484,3,2.99990355954818,25.1719671715958
8.486,3,2.99990548835721,25.1963946542784
8.488,3,2.99990737859007,25.1450005067755
8.49,3,2.99990923101827,25.1339488726049
8.492,3,2.9999110463979,25.2211979146548
8.494,3,2.99991282546995,25.2008528273383
8.496,3,2.99991456896055,25.2008444397877
8.498,3,2.99991627758134,25.2116805988511
8.5,3,2.99991795202971,25.3029286033879
8.502,3,2.99991959298911,25.276649304673
8.504,3,2.99992120112933,25.2659959275599
8.506,3,2.99992277710675,25.264725884379
8.508,3,2.99992432156461,25.3442833886531
8.51,3,2.99992583513332,25.307689051994
8.512,3,2.99992731843065,25.2884720997667
8.514,3,2.99992877206204,25.2804175688444
8.516,3,2.9999301966208,25.2791098958513
8.518,3,2.99993159268838,25.281528772851
8.52,3,2.99993296083461,25.2856959476202
8.522,3,2.99993430161792,25.2903840474711
8.524,3,2.99993561558556,25.2948872125451
8.526,3,2.99993690327385,25.2988473240862
8.528,3,2.99993816520838,25.3021270270538
8.53,3,2.99993940190421,25.3047202360887
8.532,3,2.99994061386612,25.3066914606556
8.534,3,2.9999418015888,25.3081364852118
8.536,3,2.99994296555703,25.3091583167865
8.538,3,2.99994410624588,25.3098536471656
8.54,3,2.99994522412097,25.234607340015
8.542,3,2.99994631963855,25.2776925886315
8.544,3,2.99994739324578,25.3039220698496
8.546,3,2.99994844538086,25.3185751519809
8.548,3,2.99994947647324,25.3256093884512
8.55,3,2.99995048694378,25.3278869337423
8.552,3,2.9999514772049,25.3274033820332
8.554,3,2.99995244766081,25.3254953121827
8.556,3,2.99995339870759,25.3230159948629
8.558,3,2.99995433073344,25.3204767818533
8.56,3,2.99995524411877,25.2424573245032
8.562,3,2.99995613923639,25.2075902233682
8.564,3,2.99995701645167,25.2748725253722
8.566,3,2.99995787612263,25.3142824311825
8.568,3,2.99995871860018,25.2592419948042
8.57,3,2.99995954422818,25.2349709423226
8.572,3,2.99996035334361,25.2295018703955
8.574,3,2.99996114627674,25.3102968840465
8.576,3,2.9999619233512,25.3534156502093
8.578,3,2.99996268488418,25.3721894366786
8.58,3,2.9999634311865,25.3004304358197
8.582,3,2.99996416256277,25.2631797519772
8.584,3,2.99996487931151,25.2480057211175
8.586,3,2.99996558172528,25.3217997029005
8.588,3,2.99996627009078,25.3600501705809
8.59,3,2.99996694468896,25.375573333787
8.592,3,2.99996760579518,25.3017470928995
8.594,3,2.99996825367928,25.2632641884664
8.596,3,2.99996888860569,25.2474247924989
8.598,3,2.99996951083358,25.2452224130541
8.6,3,2.99997012061691,25.2505087846869
8.602,3,2.99997071820457,25.2592664845699
8.604,3,2.99997130384048,25.2690107788561
8.606,3,2.99997187776367,25.2026204935447
8.608,3,2.9999724402084,25.1778859134852
8.61,3,2.99997299140423,25.1778037508307
8.612,3,2.99997353157614,25.190874597169
8.614,3,2.99997406094462,25.2096687102725
8.616,3,2.99997457972573,25.2296596182079
8.618,3,2.99997508813121,25.2483156448274
8.62,3,2.99997558636859,25.2644186242023
8.622,3,2.99997607464122,25.2775709945123
8.624,3,2.99997655314839,25.2878519855137
8.626,3,2.99997702208543,25.2955872370327
8.628,3,2.99997748164372,25.3012016376912
8.63,3,2.99997793201084,25.3051310616717
8.632,3,2.99997837337063,25.3834731393796
8.634,3,2.99997880590321,25.3423628525292
8.636,3,2.99997922978515,25.3173157864183
8.638,3,2.99997964518945,25.3033058263988
8.64,3,2.99998005228566,25.3722626000321
8.642,3,2.99998045123994,25.402953334704
8.644,3,2.99998084221515,25.3345122872114
8.646,3,2.99998122537084,25.2956670232763
8.648,3,2.99998160086343,25.2764363822181
8.65,3,2.99998196884616,25.2695624299917
8.652,3,2.99998232946923,25.269955611879
8.654,3,2.99998268287985,25.2741848922455
8.656,3,2.99998302922225,25.2800422030104
8.658,3,2.99998336863781,25.2861895014314
8.66,3,2.99998370126505,25.291884709951
8.662,3,2.99998402723975,25.2967767653503
8.664,3,2.99998434669496,25.2250588277916
8.666,3,2.99998465976106,25.2709678365054
8.668,3,2.99998496656583,25.2993666794875
8.67,3,2.99998526723452,25.2399271669613
8.672,3,2.99998556188983,25.2909157006498
8.674,3,2.99998585065203,25.3200542186473
8.676,3,2.99998613363899,25.3346662471684
8.678,3,2.99998641096621,25.2643915483541
8.68,3,2.99998668274689,25.2314892038881
8.682,3,2.99998694909195,25.1460625623643
8.684,3,2.99998721011011,25.1167596629361
8.686,3,2.99998746590791,25.1959734663967
8.688,3,2.99998771658975,25.3252313032119
8.69,3,2.99998796225796,25.3927169325147
8.692,3,2.9999882030128,25.4963033952278
8.694,3,2.99998843895254,25.4575177510127
8.696,3,2.99998867017349,25.3466459555233
8.698,3,2.99998889677002,25.2082797565962
8.7,3,2.99998911883462,25.0689094806924
8.702,3,2.99998933645793,25.0184580341012
8.704,3,2.99998954972877,25.0203982983388
8.706,3,2.99998975873419,25.0500828171056
8.708,3,2.99998996355951,25.0916310876795
8.71,3,2.99999016428832,25.0597056542196
8.712,3,2.99999036100255,25.143152102926
8.714,3,2.9999905537825,25.1284822500914
8.716,3,2.99999074270685,25.1386426403999
8.718,3,2.99999092785271,25.1610399585923
8.72,3,2.99999110929566,25.1877515946457
8.722,3,2.99999128710975,25.2141273325845
8.724,3,2.99999146136755,25.1620218678338
8.726,3,2.9999916321402,25.1489110116439
8.728,3,2.9999917994974,25.157886435616
8.73,3,2.99999196350745,25.1777526321994
8.732,3,2.9999921242373,25.2014651757335
8.734,3,2.99999228175255,25.2248882932481
8.736,3,2.9999924361175,25.245845317061
8.738,3,2.99999258739515,25.2634190212689
8.74,3,2.99999273564725,25.2774542526907
8.742,3,2.9999928809343,25.288217515462
8.744,3,2.99999302331562,25.2961738424462
8.746,3,2.99999316284931,25.3018482269798
8.748,3,2.99999329959232,25.3057458191194
8.75,3,2.99999343360047,25.3083113319873
8.752,3,2.99999356492846,25.3099133617397
8.754,3,2.99999369362989,25.3108435392716
8.756,3,2.9999938197573,25.3113236740645
8.758,3,2.99999394336215,25.3115164544487
8.76,3,2.99999406449491,25.2358380704327
8.762,3,2.99999418320501,25.2028725457181
8.764,3,2.99999429954091,25.2716344022015
8.766,3,2.99999441355009,25.3121528102653
8.768,3,2.99999452527909,25.3336125405074
8.77,3,2.99999463477351,25.2670930970679
8.772,3,2.99999474207804,25.3116253754466
8.774,3,2.99999484723648,25.3352773946662
8.776,3,2.99999495029175,25.3454615034003
8.778,3,2.99999505128591,25.3474592648743
8.78,3,2.99999515026019,25.3448948181587
8.782,3,2.99999524725499,25.2644519423746
8.784,3,2.99999534230989,25.226121870058
8.786,3,2.99999543546369,25.2140297654989
8.788,3,2.99999552675442,25.2171214339862
8.79,3,2.99999561621933,25.303703014706
8.792,3,2.99999570389494,25.3505580214474
8.794,3,2.99999578981704,25.3716060430428
8.796,3,2.9999958740207,25.3768161819743
8.798,3,2.99999595654029,25.373067193425
8.8,3,2.99999603740948,25.3649111245274
8.802,3,2.99999611666129,25.3552101308448
8.804,3,2.99999619432807,25.3456428184958
8.806,3,2.99999627044151,25.3370910421664
8.808,3,2.99999634503268,25.2542258679717
8.81,3,2.99999641813202,25.2156134765437
8.812,3,2.99999648976938,25.2801068913355
8.814,3,2.99999655997399,25.3932120428255
8.816,3,2.99999662877452,25.4453754789523
8.818,3,2.99999669619902,25.3841969791811
8.82,3,2.99999676227504,25.3443204911695
8.822,3,2.99999682702954,25.319738086966
8.824,3,2.99999689048895,25.3814357352229
8.826,3,2.99999695267917,25.4073504840981
8.828,3,2.99999701362559,25.3359288549947
8.83,3,2.99999707335308,25.2953545073915
8.832,3,2.99999713188602,25.2752327468077
8.834,3,2.9999971892483,25.3437013530333
8.836,3,2.99999724546333,25.3769506743618
8.838,3,2.99999730055406,25.3881391666255
8.84,3,2.99999735454298,25.3864603582765
8.842,3,2.99999740745212,25.3780862764643
8.844,3,2.99999745930308,25.2912697832017
8.846,3,2.99999751011702,25.2468944235502
8.848,3,2.99999755991468,25.2295287463083
8.85,3,2.99999760871639,25.2282788083544
8.852,3,2.99999765654206,25.2357452974664
8.854,3,2.99999770341122,25.1714236365169
8.856,3,2.99999774934299,25.1508710727167
8.858,3,2.99999779435613,25.1556850582151
8.86,3,2.99999783846901,25.1735496040679
8.862,3,2.99999788169963,25.1966096709341
8.864,3,2.99999792406564,25.2201641008933
8.866,3,2.99999796558432,25.2416574008281
8.868,3,2.99999800627264,25.2599303832524
8.87,3,2.99999804614718,25.2746827911395
8.872,3,2.99999808522424,25.2861019914108
8.874,3,2.99999812351976,25.2946168642685
8.876,3,2.99999816104936,25.3007427382801
8.878,3,2.99999819782837,25.3049901761995
8.88,3,2.99999823387181,25.3078168090804
8.882,3,2.99999826919437,25.3096068779244
8.884,3,2.99999830381048,25.2349686507247
8.886,3,2.99999833773427,25.2783424733289
8.888,3,2.99999837097959,25.3046616838515
8.89,3,2.99999840356,25.319289613512
8.892,3,2.9999984354888,25.2505410062466
8.894,3,2.99999846677902,25.2955182994781
8.896,3,2.99999849744344,25.3209973094639
8.898,3,2.99999852749457,25.3335649747047
8.9,3,2.99999855694468,25.338007811153
8.902,3,2.99999858580578,25.3376799224075
8.904,3,2.99999861408967,25.3348405996263
8.906,3,2.99999864180788,25.2552434689438
8.908,3,2.99999866897172,25.293972113413
8.91,3,2.99999869559228,25.3162718877995
8.912,3,2.99999872168044,25.3276107352649
8.914,3,2.99999874724683,25.3319860144438
8.916,3,2.99999877230189,25.3322164310428
8.918,3,2.99999879685585,25.3302140268849
8.92,3,2.99999882091874,25.3272186911549
8.922,3,2.99999884450036,25.323989542797
8.924,3,2.99999886761036,25.3209544275249
8.926,3,2.99999889025815,25.3183223263819
8.928,3,2.99999891245299,25.3161648941172
8.93,3,2.99999893420393,25.3144734897749
8.932,3,2.99999895551985,25.3131975108027
8.934,3,2.99999897640945,25.3122689746057
8.936,3,2.99999899688126,25.3873162586764
8.938,3,2.99999901694364,25.4197687740036
8.94,3,2.99999903660476,25.4263064247969
8.942,3,2.99999905587267,25.3426818691467
8.944,3,2.99999907475521,25.2192353933531
8.946,3,2.99999909326011,25.0867391755597
8.948,3,2.99999911139491,25.0381933207887
8.95,3,2.99999912916701,25.0392018697092
8.952,3,2.99999914658367,25.0665337510346
8.954,3,2.999999163652,25.1052039311904
8.956,3,2.99999918037896,25.1461032046782
8.958,3,2.99999919677138,25.1841544551133
8.96,3,2.99999921283595,25.2169316050932
8.962,3,2.99999922857923,25.2436615802737
8.964,3,2.99999924400765,25.264529002405
8.966,3,2.99999925912749,25.2802109243264
8.968,3,2.99999927394494,25.2158812276342
8.97,3,2.99999928846604,25.1909365907313
8.972,3,2.99999930269672,25.1894543735848
8.974,3,2.99999931664279,25.2006288273786
8.976,3,2.99999933030993,25.2174490622811
8.978,3,2.99999934370373,25.235619589907
8.98,3,2.99999935682966,25.2527167470665
8.982,3,2.99999936969307,25.2675541512637
8.984,3,2.99999938229921,25.2797222409187
8.986,3,2.99999939465322,25.2892660847453
8.988,3,2.99999940676016,25.2964687164866
8.99,3,2.99999941862495,25.3017121207561
8.992,3,2.99999943025245,25.3053933433278
8.994,3,2.99999944164741,25.3078782738817
8.996,3,2.99999945281446,25.3094800775115
8.998,3,2.99999946375817,25.3104528979117
9,3,2.999999474483,25.3109943250377
9.002,3,2.99999948499334,25.311252292514
9.004,3,2.99999949529348,25.311333656281
9.006,3,2.99999950538761,25.3113128230138
9.008,3,2.99999951527986,25.2355406358154
9.01,3,2.99999952497426,25.2025544499852
9.012,3,2.99999953447477,25.1956377668818
9.014,3,2.99999954378528,25.2033042360691
9.016,3,2.99999955290957,25.2179899284684
9.018,3,2.99999956185138,25.2349689166863
9.02,3,2.99999957061435,25.2514949527456
9.022,3,2.99999957920207,25.2661484160891
9.024,3,2.99999958761803,25.2783571672588
9.026,3,2.99999959586566,25.2880574195561
9.028,3,2.99999960394835,25.2954627402313
9.03,3,2.99999961186938,25.3009135060151
9.032,3,2.999999619632,25.3047841158044
9.034,3,2.99999962723936,25.3074301577427
9.036,3,2.99999963469457,25.309162094762
9.038,3,2.99999964200068,25.3102356871439
9.04,3,2.99999964916066,25.3108522846781
9.042,3,2.99999965617745,25.3111643525423
9.044,3,2.9999996630539,25.3869821601462
9.046,3,2.99999966979282,25.3441795823647
9.048,3,2.99999967639697,25.3180508668307
9.05,3,2.99999968286903,25.3033916116793
9.052,3,2.99999968921165,25.3719937083992
9.054,3,2.99999969542741,25.3268229468825
9.056,3,2.99999970151887,25.301144524859
9.058,3,2.99999970748849,25.2883939594966
9.06,3,2.99999971333872,25.3594939964291
9.062,3,2.99999971907194,25.3925877498293
9.064,3,2.99999972469051,25.4021499743279
9.066,3,2.9999997301967,25.322522295805
9.068,3,2.99999973559276,25.2788955801458
9.07,3,2.99999974088091,25.3344696170091
9.072,3,2.99999974606329,25.3617545690029
9.074,3,2.99999975114202,25.4469615168328
9.076,3,2.99999975611918,25.4032455913347
9.078,3,2.9999997609968,25.3708002888228
9.08,3,2.99999976577686,25.3475668110566
9.082,3,2.99999977046133,25.3315382168703
9.084,3,2.9999997750521,25.3966322106059
9.086,3,2.99999977955106,25.4228580906987
9.088,3,2.99999978396003,25.5014696556044
9.09,3,2.99999978828083,25.4488572724933
9.092,3,2.99999979251522,25.3314676852874
9.094,3,2.99999979666491,25.2668230916725
9.096,3,2.99999980073162,25.2366827883262
9.098,3,2.99999980471698,25.3036141421129
9.1,3,2.99999980862264,25.2643013174992
9.102,3,2.99999981245019,25.2479170397853
9.104,3,2.99999981620119,25.24537554143
9.106,3,2.99999981987716,25.250465978519
9.108,3,2.99999982347962,25.3348223467436
9.11,3,2.99999982701003,25.3774194943761
9.112,3,2.99999983046983,25.3178471468226
9.114,3,2.99999983386043,25.3610744578682
9.116,3,2.99999983718322,25.3034513097916
9.118,3,2.99999984043956,25.2734398467438
9.12,3,2.99999984363077,25.2611132054524
9.122,3,2.99999984675815,25.2594328674957
9.124,3,2.99999984982299,25.3392939985793
9.126,3,2.99999985282653,25.3033539916411
9.128,3,2.99999985577,25.2849137874576
9.13,3,2.9999998586546,25.3533235348918
9.132,3,2.99999986148151,25.3098928832011
9.134,3,2.99999986425188,25.2868132343456
9.136,3,2.99999986696684,25.3525617185332
9.138,3,2.9999998696275,25.3834861622896
9.14,3,2.99999987223495,25.3927899812521
9.142,3,2.99999987479025,25.3139483127654
9.144,3,2.99999987729445,25.2715869232271
9.146,3,2.99999987974856,25.2528580616778
9.148,3,2.99999988215359,25.2485787499474
9.15,3,2.99999988451052,25.2524264246588
9.152,3,2.99999988682031,25.2602277343884
9.154,3,2.9999998890839,25.2693672009326
9.156,3,2.99999989130222,25.2783181560322
9.158,3,2.99999989347618,25.3619840888818
9.16,3,2.99999989560665,25.325833415731
9.162,3,2.99999989769452,25.3050622521194
9.164,3,2.99999989974063,25.2945416187234
9.166,3,2.99999990174582,25.2905250089442
9.168,3,2.9999999037109,25.2903728289724
9.17,3,2.99999990563668,25.3679951364077
9.172,3,2.99999990752395,25.3280286789683
9.174,3,2.99999990937347,25.3050062396376
9.176,3,2.999999911186,25.2932907331513
9.178,3,2.99999991296228,25.2887604633064
9.18,3,2.99999991470303,25.2885085486511
9.182,3,2.99999991640897,25.2905627560346
9.184,3,2.99999991808079,25.3693427848235
9.186,3,2.99999991971918,25.4055595453627
9.188,3,2.99999992132479,25.4155067216164
9.19,3,2.9999999228983,25.4104649625332
9.192,3,2.99999992444033,25.3222296467358
9.194,3,2.99999992595153,25.1983432238888
9.196,3,2.9999999274325,25.1433733143598
9.198,3,2.99999992888385,25.1305756478391
9.2,3,2.99999993030617,25.1415276953495
9.202,3,2.99999993170005,25.1640623890666
9.204,3,2.99999993306604,25.1148500554289
9.206,3,2.99999993440472,25.1079375151199
9.208,3,2.99999993571663,25.1242618611915
9.21,3,2.9999999370023,25.1513651843483
9.212,3,2.99999993826225,25.1815409682712
9.214,3,2.99999993949701,25.210376786555
9.216,3,2.99999994070707,25.2356521414187
9.218,3,2.99999994189292,25.2565344463021
9.22,3,2.99999994305507,25.2730133349071
9.222,3,2.99999994419396,25.2855178795938
9.224,3,2.99999994531008,25.294669117785
9.226,3,2.99999994640388,25.3011291505376
9.228,3,2.99999994747581,25.3055166276663
9.23,3,2.99999994852629,25.3083659720883
9.232,3,2.99999994955576,25.3101139507223
9.234,3,2.99999995056465,25.3111021522256
9.236,3,2.99999995155336,25.3115877018678
9.238,3,2.99999995252229,25.3117573110007
9.24,3,2.99999995347184,25.3117417179442
9.242,3,2.99999995440241,25.3116289123188
9.244,3,2.99999995531436,25.3114754055102
9.246,3,2.99999995620807,25.311315346964
9.248,3,2.99999995708391,25.3111675921157
9.25,3,2.99999995794223,25.3110409805327
9.252,3,2.99999995878339,25.3109381387993
9.254,3,2.99999995960772,25.3865570391213
9.256,3,2.99999996041556,25.3436903598776
9.258,3,2.99999996120725,25.3175757491679
9.26,3,2.99999996198311,25.3029709070744
9.262,3,2.99999996274345,25.3716435392258
9.264,3,2.99999996348858,25.3265449481746
9.266,3,2.99999996421881,25.3009324454921
9.268,3,2.99999996493443,25.2882379603335
9.27,3,2.99999996563574,25.3593832962567
9.272,3,2.99999996632303,25.3168132114958
9.274,3,2.99999996699657,25.2935094159621
9.276,3,2.99999996765663,25.2827785787289
9.278,3,2.9999999683035,25.2798108518084
9.28,3,2.99999996893743,25.2812753909254
9.282,3,2.99999996955868,25.3606576292673
9.284,3,2.99999997016751,25.3980526840754
9.286,3,2.99999997076416,25.4093690353814
9.288,3,2.99999997134888,25.405663098611
9.29,3,2.9999999719219,25.3943128984323
9.292,3,2.99999997248346,25.3800069252615
9.294,3,2.99999997303379,25.3655368492046
9.296,3,2.99999997357312,25.3524074112149
9.298,3,2.99999997410165,25.3412886375892
9.3,3,2.99999997461962,25.4080382656827
9.302,3,2.99999997512723,25.3583222953318
9.304,3,2.99999997562468,25.4028103819819
9.306,3,2.99999997611219,25.341740320663
9.308,3,2.99999997658995,25.3818108749641
9.31,3,2.99999997705815,25.4718557476425
9.312,3,2.99999997751698,25.5039614045645
9.314,3,2.99999997796664,25.5020046276359
9.316,3,2.99999997840731,25.4063796504032
9.318,3,2.99999997883917,25.2702477183991
9.32,3,2.99999997926238,25.2773506172136
9.322,3,2.99999997967713,25.2844277237193
9.324,3,2.99999998008359,25.2907925951091
9.326,3,2.99999998048192,25.2961495084376
9.328,3,2.99999998087228,25.2247413452567
9.33,3,2.99999998125484,25.1951479451643
9.332,3,2.99999998162974,25.2664702375966
9.334,3,2.99999998199714,25.3088635767074
9.336,3,2.9999999823572,25.3316476720853
9.338,3,2.99999998271006,25.2660283172807
9.34,3,2.99999998305586,25.2354467032268
9.342,3,2.99999998339474,25.2265658250428
9.344,3,2.99999998372684,25.2301324900266
9.346,3,2.99999998405231,25.2399842858912
9.348,3,2.99999998437126,25.1765161214557
9.35,3,2.99999998468384,25.1559160418735
9.352,3,2.99999998499016,25.160206773014
9.354,3,2.99999998529036,25.1773460393796
9.356,3,2.99999998558455,25.199644687283
9.358,3,2.99999998587286,25.2224935774124
9.36,3,2.9999999861554,25.2433807667846
9.362,3,2.99999998643229,25.2611604759774
9.364,3,2.99999998670365,25.2755284606717
9.366,3,2.99999998696957,25.3623581363348
9.368,3,2.99999998723018,25.4035564011582
9.37,3,2.99999998748558,25.3406585468869
9.372,3,2.99999998773587,25.3041623539812
9.374,3,2.99999998798115,25.3610447217413
9.376,3,2.99999998822153,25.3864044303176
9.378,3,2.9999999884571,25.3924530588509
9.38,3,2.99999998868795,25.3876078629224
9.382,3,2.9999999889142,25.3774321794263
9.384,3,2.99999998913591,25.3654185297376
9.386,3,2.99999998935319,25.3536105589586
9.388,3,2.99999998956613,25.3430776581046
9.39,3,2.99999998977481,25.3342641921229
9.392,3,2.99999998997931,25.2515384814708
9.394,3,2.99999999017972,25.2132656877267
9.396,3,2.99999999037613,25.2024729789761
9.398,3,2.99999999056861,25.2830970242673
9.4,3,2.99999999075724,25.2531102293801
9.402,3,2.99999999094209,25.2428031941934
9.404,3,2.99999999112325,25.2440068548045
9.406,3,2.99999999130078,25.3269282473645
9.408,3,2.99999999147477,25.2938404512356
9.41,3,2.99999999164527,25.2778600213724
9.412,3,2.99999999181237,25.2725786046454
9.414,3,2.99999999197612,25.2735232568711
9.416,3,2.9999999921366,25.2776944739396
9.418,3,2.99999999229387,25.2831744429808
9.42,3,2.99999999244799,25.2888113995664
9.422,3,2.99999999259903,25.2939757180659
9.424,3,2.99999999274705,25.2983783237049
9.426,3,2.99999999289211,25.3019402571521
9.428,3,2.99999999303427,25.3047023875729
9.43,3,2.99999999317358,25.2310665265063
9.432,3,2.99999999331011,25.275359944345
9.434,3,2.99999999344391,25.3781627731483
9.436,3,2.99999999357503,25.350619300029
9.438,3,2.99999999370353,25.3319913073658
9.44,3,2.99999999382946,25.2442567238938
9.442,3,2.99999999395287,25.204031832914
9.444,3,2.99999999407381,25.1931095925745
9.446,3,2.99999999419233,25.1988897819283
9.448,3,2.99999999430849,25.2130053814136
9.45,3,2.99999999442232,25.2301723458253
9.452,3,2.99999999453387,25.2472720151198
9.454,3,2.99999999464319,25.1869492146387
9.456,3,2.99999999475033,25.1669965675536
9.458,3,2.99999999485532,25.1705389117161
9.46,3,2.99999999495822,25.1862593899183
9.462,3,2.99999999505905,25.2069218142474
9.464,3,2.99999999515787,25.2281800309983
9.466,3,2.99999999525471,25.2476578279523
9.468,3,2.99999999534962,25.2642639068903
9.47,3,2.99999999544263,25.2776998045857
9.472,3,2.99999999553377,25.2881192620003
9.474,3,2.9999999956231,25.2202030482994
9.476,3,2.99999999571064,25.1929195003324
9.478,3,2.99999999579642,25.1899944485656
9.48,3,2.9999999958805,25.2003462661616
9.482,3,2.99999999596289,25.2167557514131
9.484,3,2.99999999604363,25.2347756905179
9.486,3,2.99999999612276,25.2518758419986
9.488,3,2.9999999962003,25.2667978367997
9.49,3,2.99999999627629,25.2790856762018
9.492,3,2.99999999635077,25.2887561981352
9.494,3,2.99999999642375,25.2960766996209
9.496,3,2.99999999649528,25.3014216436554
9.498,3,2.99999999656537,25.305185677122
9.5,3,2.99999999663406,25.3077352590534
9.502,3,2.99999999670138,25.309385650401
9.504,3,2.99999999676736,-4935.69387515016
9.506,3,2.99999999683201,-7091.31575616555
9.508,3,2.99999999689537,-7538.33065721473
9.51,3,2.99999999695746,-7030.1817107623
9.512,3,2.99999999701831,-6062.88274519219
9.514,3,2.99999999707795,-4946.2292701396
9.516,3,2.99999999713639,-3860.14785224083
9.518,3,2.99999999719366,-2897.55968098588
9.52,3,2.99999999724979,-2095.82291003875
9.522,3,2.99999999730479,-1458.98185995917
9.524,3,2.9999999973587,-972.91844502624
9.526,3,2.99999999741152,-615.223613584129
9.528,3,2.99999999746329,-361.279178032778
9.53,3,2.99999999751403,-187.718736521925
9.532,3,2.99999999756374,-74.073823595501
9.534,3,2.99999999761247,-3.66843394646595
9.536,3,2.99999999766022,36.7325034585145
9.538,3,2.99999999770702,57.1473731981184
9.54,3,2.99999999775288,64.8906175794471
9.542,3,2.99999999779782,65.1130050444324
9.544,3,2.99999999784186,61.3032523955028
9.546,3,2.99999999788502,55.7195323864479
9.548,3,2.99999999792732,49.8167063587837
9.55,3,2.99999999796878,44.2506166728722
9.552,3,2.9999999980094,39.4134289909879
9.554,3,2.99999999804921,35.4423099731532
9.556,3,2.99999999808823,32.4006195339379
9.558,3,2.99999999812646,30.0790130139897
9.56,3,2.99999999816394,28.3704953636313
9.562,3,2.99999999820066,27.1575063741662
9.564,3,2.99999999823664,26.3284551226804
9.566,3,2.99999999827191,25.7859471479899
9.568,3,2.99999999830647,25.4497701233019
9.57,3,2.99999999834034,25.3324889538259
9.572,3,2.99999999837354,25.2678013743956
9.574,3,2.99999999840607,25.2375415979751
9.576,3,2.99999999843794,25.2286255688082
9.578,3,2.99999999846919,25.231970202397
9.58,3,2.9999999984998,25.3172211517777
9.582,3,2.99999999852981,25.3620324667749
9.584,3,2.99999999855921,25.3808582904283
9.586,3,2.99999999858803,25.3082714547122
9.588,3,2.99999999861626,25.2698054840248
9.59,3,2.99999999864394,25.2533295172945
9.592,3,2.99999999867106,25.2502049393785
9.594,3,2.99999999869764,25.2545078305115
9.596,3,2.99999999872369,25.2623464393774
9.598,3,2.99999999874921,25.27129668637
9.6,3,2.99999999877423,25.2799563152522
9.602,3,2.99999999879874,25.2876063127228
9.604,3,2.99999999882277,25.2939629407809
9.606,3,2.99999999884631,25.2990025581118
9.608,3,2.99999999886939,25.3028425426934
9.61,3,2.999999998892,25.3056638805696
9.612,3,2.99999999891416,25.3076636115941
9.614,3,2.99999999893588,25.309027888609
9.616,3,2.99999999895716,25.3099186868492
9.618,3,2.99999999897802,25.2347701858336
9.62,3,2.99999999899845,25.2778915133592
9.622,3,2.99999999901849,25.304120599106
9.624,3,2.99999999903812,25.3187538763163
9.626,3,2.99999999905735,25.3257599132319
9.628,3,2.99999999907621,25.3280075660558
9.63,3,2.99999999909468,25.327496169471
9.632,3,2.99999999911279,25.3255640947187
9.634,3,2.99999999913053,25.3230651891965
9.636,3,2.99999999914792,25.3205106762876
9.638,3,2.99999999916496,25.318178633318
9.64,3,2.99999999918166,25.2404964591423
9.642,3,2.99999999919803,25.2060027302089
9.644,3,2.99999999921407,25.1979418793869
9.646,3,2.99999999922979,25.2047708608406
9.648,3,2.99999999924519,25.218865246873
9.65,3,2.99999999926029,25.2354425545333
9.652,3,2.99999999927508,25.2517076645755
9.654,3,2.99999999928958,25.2662010059068
9.656,3,2.99999999930379,25.2783191881123
9.658,3,2.99999999931772,25.2879748965812
9.66,3,2.99999999933136,25.2953646107613
9.662,3,2.99999999934473,25.3008167400061
9.664,3,2.99999999935784,25.3046976272282
9.666,3,2.99999999937068,25.3073576852703
9.668,3,2.99999999938327,25.3091042485537
9.67,3,2.9999999993956,25.234492431312
9.672,3,2.99999999940769,25.2022284192487
9.674,3,2.99999999941954,25.1957289839065
9.676,3,2.99999999943115,25.2036089307486
9.678,3,2.99999999944252,25.2183783792739
9.68,3,2.99999999945367,25.3110626061609
9.682,3,2.9999999994646,25.4361441561124
9.684,3,2.99999999947531,25.4904562903317
9.686,3,2.9999999994858,25.5016731164415
9.688,3,2.99999999949609,25.4131051465808
9.69,3,2.99999999950616,25.2800722971394
9.692,3,2.99999999951604,25.1364601733944
9.694,3,2.99999999952572,25.077079947663
9.696,3,2.99999999953521,25.0684735522721
9.698,3,2.9999999995445,25.0877896559633
9.7,3,2.99999999955361,25.1200878746768
9.702,3,2.99999999956254,25.1561205723001
9.704,3,2.99999999957129,25.1905882443463
9.706,3,2.99999999957986,25.2208196072184
9.708,3,2.99999999958826,25.2458084144398
9.71,3,2.9999999995965,25.2655355454673
9.712,3,2.99999999960457,25.2805101116736
9.714,3,2.99999999961248,25.2914726353576
9.716,3,2.99999999962023,25.2992139426698
9.718,3,2.99999999962782,25.3044736308348
9.72,3,2.99999999963527,25.3078909860125
9.722,3,2.99999999964256,25.3099887125477
9.724,3,2.99999999964971,25.3111757634209
9.726,3,2.99999999965672,25.3117600762756
9.728,3,2.99999999966358,25.3119653342062
9.73,3,2.99999999967031,25.2362493006782
9.732,3,2.9999999996769,25.2789220317692
9.734,3,2.99999999968337,25.2291112959284
9.736,3,2.9999999996897,25.2106025495385
9.738,3,2.99999999969591,25.2106110571585
9.74,3,2.99999999970199,25.2961912160642
9.742,3,2.99999999970795,25.343253640124
9.744,3,2.99999999971379,25.28943425444
9.746,3,2.99999999971951,25.2628344210387
9.748,3,2.99999999972512,25.2533736061918
9.75,3,2.99999999973062,25.2539852215668
9.752,3,2.99999999973601,25.2599071870602
9.754,3,2.99999999974129,25.2680762064085
9.756,3,2.99999999974646,25.2766371260261
9.758,3,2.99999999975153,25.3602609993146
9.76,3,2.9999999997565,25.3999568794124
9.762,3,2.99999999976137,25.3366131980895
9.764,3,2.99999999976614,25.3759774636242
9.766,3,2.99999999977082,25.3905225534632
9.768,3,2.9999999997754,25.314699365852
9.77,3,2.9999999997799,25.2738733326202
9.772,3,2.9999999997843,25.2557374778726
9.774,3,2.99999999978861,25.2514901759356
9.776,3,2.99999999979284,25.255067572341
9.778,3,2.99999999979698,25.2624640963183
9.78,3,2.99999999980104,25.3468659249091
9.782,3,2.99999999980502,25.3125997412376
9.784,3,2.99999999980892,25.2941395163876
9.786,3,2.99999999981274,25.2859291279909
9.788,3,2.99999999981649,25.3596932989254
9.79,3,2.99999999982016,25.3184890054842
9.792,3,2.99999999982376,25.3714469861142
9.794,3,2.99999999982728,25.393687512373
9.796,3,2.99999999983074,25.3973541522921
9.798,3,2.99999999983412,25.3907551391905
9.8,3,2.99999999983744,25.3036347625568
9.802,3,2.99999999984069,25.2578769948984
9.804,3,2.99999999984388,25.3143891860904
9.806,3,2.999999999847,25.3441562298535
9.808,3,2.99999999985006,25.3567246210414
9.81,3,2.99999999985306,25.3588820790974
9.812,3,2.999999999856,25.2795764798433
9.814,3,2.99999999985888,25.2403600820096
9.816,3,2.9999999998617,25.2263901251894
9.818,3,2.99999999986446,25.3029595043348
9.82,3,2.99999999986718,25.3445492929514
9.822,3,2.99999999986983,25.3633828886583
9.824,3,2.99999999987244,25.3682238677722
9.826,3,2.99999999987499,25.289427149495
9.828,3,2.99999999987749,25.3252087873148
9.83,3,2.99999999987994,25.3428542540116
9.832,3,2.99999999988234,25.4247867243138
9.834,3,2.99999999988469,25.4572122987033
9.836,3,2.999999999887,25.384341138898
9.838,3,2.99999999988926,25.338215787045
9.84,3,2.99999999989147,25.3109039402591
9.842,3,2.99999999989364,25.372018119498
9.844,3,2.99999999989577,25.3985512386437
9.846,3,2.99999999989785,25.3283277810774
9.848,3,2.9999999998999,25.2891425056863
9.85,3,2.9999999999019,25.27037451141
9.852,3,2.99999999990386,25.3400444471254
9.854,3,2.99999999990578,25.3742952507367
9.856,3,2.99999999990767,25.3105809048639
9.858,3,2.99999999990952,25.3523168129466
9.86,3,2.99999999991132,25.2947627797498
9.862,3,2.9999999999131,25.265645692947
9.864,3,2.99999999991484,25.3302641112689
9.866,3,2.99999999991654,25.3627866789497
9.868,3,2.99999999991821,25.3749855896755
9.87,3,2.99999999991984,25.3751437519247
9.872,3,2.99999999992145,25.3688660643195
9.874,3,2.99999999992302,25.3597763042237
9.876,3,2.99999999992456,25.3500842440998
9.878,3,2.99999999992607,25.3410275999516
9.88,3,2.99999999992755,25.3332036205026
9.882,3,2.999999999929,25.3268091052376
9.884,3,2.99999999993041,25.3218079070232
9.886,3,2.99999999993181,25.3180432369904
9.888,3,2.99999999993317,25.3153094534051
9.89,3,2.99999999993451,25.3133951617539
9.892,3,2.99999999993582,25.3121067638912
9.894,3,2.9999999999371,25.31127925823
9.896,3,2.99999999993836,25.3107791761438
9.898,3,2.99999999993959,25.3105030354982
9.9,3,2.9999999999408,25.310373556515
9.902,3,2.99999999994198,25.3103350579672
9.904,3,2.99999999994314,25.3860477883706
9.906,3,2.99999999994428,25.4189803189162
9.908,3,2.9999999999454,25.3501528180419
9.91,3,2.99999999994649,25.3852567527016
9.912,3,2.99999999994756,25.3966143650908
9.914,3,2.99999999994861,25.3941892646163
9.916,3,2.99999999994963,25.3846544403726
9.918,3,2.99999999995064,25.3722696942556
9.92,3,2.99999999995163,25.3595876685505
9.922,3,2.9999999999526,25.3479987963519
9.924,3,2.99999999995354,25.3381365796817
9.926,3,2.99999999995447,25.2544694760061
9.928,3,2.99999999995538,25.2911043627953
9.93,3,2.99999999995628,25.3882696792937
9.932,3,2.99999999995715,25.4324216378337
9.934,3,2.99999999995801,25.4439487537244
9.936,3,2.99999999995885,25.3612433995244
9.938,3,2.99999999995967,25.2364551009341
9.94,3,2.99999999996048,25.1015438936406
9.942,3,2.99999999996127,25.0502491767414
9.944,3,2.99999999996204,25.048602141339
9.946,3,2.9999999999628,25.0735902706074
9.948,3,2.99999999996355,25.1103142896475
9.95,3,2.99999999996427,25.1496714796368
9.952,3,2.99999999996499,25.1108493844077
9.954,3,2.99999999996569,25.1098718669395
9.956,3,2.99999999996637,25.1291699099074
9.958,3,2.99999999996705,25.1573744311102
9.96,3,2.99999999996771,25.1875442952623
9.962,3,2.99999999996835,25.2157844524438
9.964,3,2.99999999996898,25.2402084799979
9.966,3,2.9999999999696,25.260187156593
9.968,3,2.99999999997021,25.2001247963991
9.97,3,2.99999999997081,25.1790106407171
9.972,3,2.99999999997139,25.1807479161225
9.974,3,2.99999999997196,25.1944983264087
9.976,3,2.99999999997253,25.2132971416342
9.978,3,2.99999999997307,25.2329324449633
9.98,3,2.99999999997361,25.2510758448229
9.982,3,2.99999999997414,25.2666330659876
9.984,3,2.99999999997466,25.2792758762643
9.986,3,2.99999999997517,25.2891168999987
9.988,3,2.99999999997566,25.2964927147946
9.99,3,2.99999999997615,25.3018260933519
9.992,3,2.99999999997663,25.3055440424128
9.994,3,2.99999999997709,25.3837326001477
9.996,3,2.99999999997755,25.3425148472579
9.998,3,2.999999999978,25.393094395646
