Time [s],Voltage [V],Set Frequency [rad/s],Measured Frequency [rad/s]
0,1,0,0
0.002,1,0.02,0
0.004,1,0.0396,0
0.006,1,0.058808,0
0.008,1,0.07763184,0.0756989176765132
0.01,1,0.0960792032,0.184290023571238
0.012,1,0.114157619136,0.451099875090594
0.014,1,0.13187446675328,0.700241449186874
0.016,1,0.149236977418214,1.06677067986472
0.018,1,0.16625223786985,1.38401820576868
0.02,1,0.182927193112453,1.79507502467086
0.022,1,0.199268649250204,2.13988323768587
0.024,1,0.2152832762652,2.56673370231922
0.026,1,0.230977610739896,2.91950249403308
0.028,1,0.246358058525098,3.19795335967765
0.03,1,0.261430897354596,3.48499412983925
0.032,1,0.276202279407504,3.74828532906072
0.034,1,0.290678233819354,4.04862615250024
0.036,1,0.304864669142967,4.26338081378815
0.038,1,0.318767375760108,4.4870036139601
0.04,1,0.332392028244906,4.69328430311965
0.042,1,0.345744187680007,4.86995892827895
0.044,1,0.358829303926407,5.08910915390831
0.046,1,0.371652717847879,5.23357958956004
0.048,1,0.384219663490922,5.39967031891871
0.05,1,0.396535270221103,5.5608966934509
0.052,1,0.408604564816681,5.70361694307173
0.054,1,0.420432473520347,5.82238362951689
0.056,1,0.43202382404994,5.91665624960655
0.058,1,0.443383347568942,5.98856406943371
0.06,1,0.454515680617563,6.11714866861016
0.062,1,0.465425367005212,6.18756414845507
0.064,1,0.476116859665107,6.29571249741791
0.066,1,0.486594522471805,6.41330655140531
0.068,1,0.496862632022369,6.44863215817945
0.07,1,0.506925379381922,6.51230387837881
0.072,1,0.516786871794283,6.5848058648575
0.074,1,0.526451134358398,6.65486057277543
0.076,1,0.53592211167123,6.71669624630684
0.078,1,0.545203669437805,6.76804651736457
0.08,1,0.554299596049049,6.80873780500095
0.082,1,0.563213604128068,6.83972955372572
0.084,1,0.571949332045507,6.86249065445729
0.086,1,0.580510345404596,6.9543155836646
0.088,1,0.588900138496504,6.99820431816133
0.09,1,0.597122135726574,7.01220138017903
0.092,1,0.605179693012043,7.00887846780567
0.094,1,0.613076099151802,7.07234725884417
0.096,1,0.620814577168766,7.08946697546716
0.098,1,0.628398285625391,7.15588220086069
0.1,1,0.635830319912883,7.16632841556545
0.102,1,0.643113713514625,7.14590042947854
0.104,1,0.650251439244333,7.18672510944088
0.106,1,0.657246410459446,7.1804821325687
0.108,1,0.664101482250257,7.22545731501615
0.11,1,0.670819452605252,7.21760470947804
0.112,1,0.677403063553147,7.25805777136001
0.114,1,0.683855002282084,7.32027531038298
0.116,1,0.690177902236442,7.3122583298254
0.118,1,0.696374344191714,7.34328180752779
0.12,1,0.702446857307879,7.31636121104438
0.122,1,0.708397920161722,7.33690016553159
0.124,1,0.714229961758487,7.38071788356381
0.126,1,0.719945362523317,7.35692450325174
0.128,1,0.725546455272851,7.37512748221924
0.13,1,0.731035526167394,7.41392675129452
0.132,1,0.736414815644046,7.38417990312289
0.134,1,0.741686519331165,7.3965184371201
0.136,1,0.746852788944542,7.43007952658236
0.138,1,0.751915733165651,7.47164433463417
0.14,1,0.756877418502338,7.43767560060237
0.142,1,0.761739870132291,7.44248317180238
0.144,1,0.766505072729645,7.46749214388629
0.146,1,0.771174971275053,7.42510548784921
0.148,1,0.775751471849552,7.42666516459219
0.15,1,0.780236442412561,7.45150350366643
0.152,1,0.784631713564309,7.4863027977257
0.154,1,0.788939079293023,7.44727989594639
0.156,1,0.793160297707163,7.44844463160829
0.158,1,0.797297091753019,7.47092283716378
0.16,1,0.801351149917959,7.42684815685495
0.162,1,0.8053241269196,7.4273357687087
0.164,1,0.809217644381208,7.45153628676924
0.166,1,0.813033291493583,7.48599225312739
0.168,1,0.816772625663712,7.52251585300196
0.17,1,0.820437173150438,7.55653719961305
0.172,1,0.824028429687429,7.51016763134809
0.174,1,0.82754786109368,7.50120828492732
0.176,1,0.830996903871807,7.51308067124033
0.178,1,0.834376965794371,7.53488897500252
0.18,1,0.837689426478483,7.55984280970415
0.182,1,0.840935637948913,7.50831210852039
0.184,1,0.844116925189935,7.49678393044896
0.186,1,0.847234586686136,7.50772325794951
0.188,1,0.850289894952414,7.52956280151149
0.19,1,0.853284097053365,7.47936004814372
0.192,1,0.856218415112298,7.47139739811095
0.194,1,0.859094046810052,7.48674344887068
0.196,1,0.861912165873851,7.43730440503309
0.198,1,0.864673922556374,7.50959861535486
0.2,1,0.867380444105247,7.48826914907578
0.202,1,0.870032835223142,7.49482271313874
0.204,1,0.872632178518679,7.51559695929554
0.206,1,0.875179534948305,7.54190347042787
0.208,1,0.877675944249339,7.49286457080536
0.21,1,0.880122425364352,7.48418965552768
0.212,1,0.882519976857066,7.49789337458651
0.214,1,0.884869577319924,7.52217708822065
0.216,1,0.887172185773526,7.54970544758888
0.218,1,0.889428742058055,7.50054802460876
0.22,1,0.891640167216894,7.49105158507194
0.222,1,0.893807363872556,7.5036400144008
0.224,1,0.895931216595105,7.52676187448869
0.226,1,0.898012592263203,7.55321822239641
0.228,1,0.900052340417939,7.57884141356422
0.23,1,0.90205129360958,7.60149145015147
0.232,1,0.904010267737388,7.62032070386083
0.234,1,0.905930062382641,7.63525430750009
0.236,1,0.907811461134988,7.57093790875534
0.238,1,0.909655231912288,7.54641135825267
0.24,1,0.911462127274042,7.54552180102675
0.242,1,0.913232884728562,7.55732350578782
0.244,1,0.91496822703399,7.57472752873883
0.246,1,0.916668862493311,7.59340105200693
0.248,1,0.918335485243444,7.6109084818604
0.25,1,0.919968775538576,7.6260662257158
0.252,1,0.921569400027804,7.63847508563435
0.254,1,0.923138012027248,7.64819350950608
0.256,1,0.924675251786703,7.65551819768789
0.258,1,0.926181746750969,7.66084360583208
0.26,1,0.927658111815949,7.58887846474111
0.262,1,0.929104949579631,7.55850287127538
0.264,1,0.930522850588038,7.55330116505582
0.266,1,0.931912393576277,7.56203579912972
0.268,1,0.933274145704752,7.57733934655195
0.27,1,0.934608662790657,7.59463510050847
0.272,1,0.935916489534844,7.61128609515509
0.274,1,0.937198159744147,7.62594991079817
0.276,1,0.938454196549264,7.56240796571334
0.278,1,0.939685112618278,7.5391362327898
0.28,1,0.940891410365913,7.53963378215303
0.282,1,0.942073582158595,7.55275622930948
0.284,1,0.943232110515423,7.57131525659657
0.286,1,0.944367468305114,7.51524249907989
0.288,1,0.945480118939012,7.50060845189751
0.29,1,0.946570516560232,7.5095142357602
0.292,1,0.947639106229027,7.53009271238272
0.294,1,0.948686324104447,7.55486416388106
0.296,1,0.949712597622358,7.57942650458884
0.298,1,0.95071834566991,7.60145313960495
0.3,1,0.951703978756512,7.61995377085699
0.302,1,0.952669899181382,7.55904944708338
0.304,1,0.953616501197754,7.53751559105045
0.306,1,0.954544171173799,7.53909974357776
0.308,1,0.955453287750323,7.55285428521351
0.31,1,0.956344221995317,7.57174067346759
0.312,1,0.95721733755541,7.51580048092244
0.314,1,0.958072990804302,7.57688096570057
0.316,1,0.958911530988216,7.5429317341189
0.318,1,0.959733300368452,7.53736134022205
0.32,1,0.960538634361083,7.54747258422646
0.322,1,0.961327861673861,7.56494748465652
0.324,1,0.962101304440384,7.50892513444497
0.326,1,0.962859278351576,7.49494146380785
0.328,1,0.963602092784545,7.50475334384207
0.33,1,0.964330050928854,7.52628484062836
0.332,1,0.965043449910277,7.55194027328262
0.334,1,0.965742580912071,7.50156361978109
0.336,1,0.96642772929383,7.49131683988469
0.338,1,0.967099174707953,7.50347900110514
0.34,1,0.967757191213794,7.52638946242035
0.342,1,0.968402047389518,7.55276984612033
0.344,1,0.969034006441728,7.57839678542574
0.346,1,0.969653326312894,7.60109270359338
0.348,1,0.970260259786636,7.61998577649904
0.35,1,0.970855054590903,7.55928754746062
0.352,1,0.971437953499085,7.53784008350555
0.354,1,0.972009194429103,7.53943827497632
0.356,1,0.972569010540521,7.55316689059846
0.358,1,0.973117630329711,7.5720086019444
0.36,1,0.973655277723117,7.59171706144912
0.362,1,0.974182172168654,7.60994253220379
0.364,1,0.974698528725281,7.62557847760295
0.366,1,0.975204558150775,7.63829045787285
0.368,1,0.97570046698776,7.64818873038475
0.37,1,0.976186457648005,7.57991086954987
0.372,1,0.976662728495045,7.55238643462276
0.374,1,0.977129473925144,7.47360974326554
0.376,1,0.977586884446641,7.45097873420617
0.378,1,0.978035146757708,7.46051871989513
0.38,1,0.978474443822554,7.48627102246175
0.382,1,0.978904954946103,7.442427316174
0.384,1,0.979326855847181,7.44150048414536
0.386,1,0.979740318730237,7.46354880610148
0.388,1,0.980145512355632,7.49567161320182
0.39,1,0.98054260210852,7.52999583615901
0.392,1,0.980931750066349,7.56210620965069
0.394,1,0.981313115065022,7.51416805335981
0.396,1,0.981686852763722,7.50397749528475
0.398,1,0.982053115708447,7.51492007790441
0.4,1,0.982412053394278,7.53605105946736
0.402,1,0.982763812326393,7.5605290464888
0.404,1,0.983108536079865,7.50867689000909
0.406,1,0.983446365358268,7.49694130647313
0.408,1,0.983777438051102,7.50775451104637
0.41,1,0.98410188929008,7.52952372012514
0.412,1,0.984419851504279,7.55498623860689
0.414,1,0.984731454474193,7.57990501441048
0.416,1,0.985036825384709,7.60207447693177
0.418,1,0.985336088877015,7.62058994161121
0.42,1,0.985629367099475,7.63532965729977
0.422,1,0.985916779757485,7.64660135663308
0.424,1,0.986198444162336,7.57921248735304
0.426,1,0.986474475279089,7.55223099860962
0.428,1,0.986744985773507,7.54945806983908
0.43,1,0.987010086058037,7.55986704909226
0.432,1,0.987269884336876,7.57627742009577
0.434,1,0.987524486650139,7.59426815069298
0.436,1,0.987773996917136,7.61132592988898
0.438,1,0.988018516978793,7.62620271533323
0.44,1,0.988258146639217,7.56274937693358
0.442,1,0.988492983706433,7.5394911939877
0.444,1,0.988723124032304,7.53996093505991
0.446,1,0.988948661551658,7.55303626587744
0.448,1,0.989169688320625,7.5715425317899
0.45,1,0.989386294554213,7.59111812792807
0.452,1,0.989598568663128,7.60933186706039
0.454,1,0.989806597289866,7.62502182728251
0.456,1,0.990010465344068,7.63781754794647
0.458,1,0.990210256037187,7.57210822828317
0.46,1,0.990406050916443,7.62242237106899
0.462,1,0.990597929898114,7.578237668547
0.464,1,0.990785971300152,7.56372506961742
0.466,1,0.990970251874149,7.56646625034574
0.468,1,0.991150846836666,7.57813676429903
0.47,1,0.991327829899933,7.59341664880452
0.472,1,0.991501273301934,7.53341410166496
0.474,1,0.991671247835896,7.51489118855936
0.476,1,0.991837822879178,7.52031374308108
0.478,1,0.992001066421594,7.53796906054394
0.48,1,0.992161045093162,7.56040449179424
0.482,1,0.992317824191299,7.58317443617819
0.484,1,0.992471467707473,7.6038754426651
0.486,1,0.992622038353324,7.6214301646396
0.488,1,0.992769597586257,7.63557467663025
0.49,1,0.992914205634532,7.64650482533833
0.492,1,0.993055921521841,7.57894336532272
0.494,1,0.993194803091404,7.55189641086231
0.496,1,0.993330907029576,7.5491215976453
0.498,1,0.993464288888985,7.55956278056842
0.5,1,0.993595003111205,7.57602035297002
0.502,1,0.993723103048981,7.59406162330314
0.504,1,0.993848640988001,7.61116673419604
0.506,1,0.993971668168241,7.550385551653
0.508,1,0.994092234804876,7.5297724478823
0.51,1,0.994210390108779,7.53261177173884
0.512,1,0.994326182306603,7.54767591963791
0.514,1,0.994439658660471,7.5677716864146
0.516,1,0.994550865487262,7.58856698682254
0.518,1,0.994659848177517,7.6076828712305
0.52,1,0.994766651213966,7.54831769545193
0.522,1,0.994871318189687,7.5286637089775
0.524,1,0.994973891825893,7.53212387130362
0.526,1,0.995074413989375,7.54756720993247
0.528,1,0.995172925709588,7.49217697629926
0.53,1,0.995269467195396,7.48018333309578
0.532,1,0.995364077851488,7.49251288351525
0.534,1,0.995456796294458,7.5165949107435
0.536,1,0.995547660368569,7.54456666786498
0.538,1,0.995636707161198,7.57185176362621
0.54,1,0.995723973017974,7.52037887643008
0.542,1,0.995809493557614,7.50769058306165
0.544,1,0.995893303686462,7.51693488275351
0.546,1,0.995975437612733,7.53696147068461
0.548,1,0.996055928860478,7.5607607306918
0.55,1,0.996134810283269,7.58422272197312
0.552,1,0.996212114077603,7.60518927268675
0.554,1,0.996287871796051,7.54705699782795
0.556,1,0.99636211436013,7.52818483153992
0.558,1,0.996434872072928,7.53210913102088
0.56,1,0.996506174631469,7.5478014067356
0.562,1,0.99657605113884,7.56821971206671
0.564,1,0.996644530116063,7.58914277469346
0.566,1,0.996711639513742,7.60826995512807
0.568,1,0.996777406723467,7.62455177731502
0.57,1,0.996841858588997,7.63770947639448
0.572,1,0.996905021417217,7.64790275092394
0.574,1,0.996966920988873,7.65550933064591
0.576,1,0.997027582569096,7.66098592114158
0.578,1,0.997087030917714,7.58908734593842
0.58,1,0.997145290299359,7.55872663027965
0.582,1,0.997202384493372,7.55351077291758
0.584,1,0.997258336803505,7.56221717400306
0.586,1,0.997313170067435,7.57748776634893
0.588,1,0.997366906666086,7.51905238222672
0.59,1,0.997419568532764,7.50278254001432
0.592,1,0.997471177162109,7.51060152874912
0.594,1,0.997521753618867,7.53049320451343
0.596,1,0.99757131854649,7.55485892037241
0.598,1,0.99761989217556,7.57920543655051
0.6,1,0.997667494332048,7.60113881044679
0.602,1,0.997714144445408,7.61962073704062
0.604,1,0.997759861556499,7.5587393088883
0.606,1,0.997804664325369,7.53724827042797
0.608,1,0.997848571038862,7.53888163717402
0.61,1,0.997891599618085,7.5526839465314
0.612,1,0.997933767625723,7.57161261673615
0.614,1,0.997975092273208,7.59140652569245
0.616,1,0.998015590427744,7.60970820754571
0.618,1,0.998055278619189,7.54970899865672
0.62,1,0.998094173046806,7.52957962366695
0.622,1,0.99813228958587,7.53269590722749
0.624,1,0.998169643794152,7.54789942879492
0.626,1,0.998206250918269,7.56804745144739
0.628,1,0.998242125899904,7.58884339825995
0.63,1,0.998277283381906,7.60793234662153
0.632,1,0.998311737714268,7.62422710373302
0.634,1,0.998345502959982,7.63742374383357
0.636,1,0.998378592900783,7.64766598275364
0.638,1,0.998411021042767,7.65532203882901
0.64,1,0.998442800621912,7.66084349554109
0.642,1,0.998473944609474,7.58898290026809
0.644,1,0.998504465717284,7.63435166191484
0.646,1,0.998534376402938,7.58635266203489
0.648,1,0.99856368887488,7.56900532627357
0.65,1,0.998592415097382,7.56971385832869
0.652,1,0.998620566795434,7.57998001891054
0.654,1,0.998648155459526,7.59432916710645
0.656,1,0.998675192350335,7.60943919837904
0.658,1,0.998701688503329,7.6234636393233
0.66,1,0.998727654733262,7.63552507649584
0.662,1,0.998753101638597,7.64534940553712
0.664,1,0.998778039605825,7.65301126515779
0.666,1,0.998802478813708,7.65876388059455
0.668,1,0.998826429237434,7.6629307087634
0.67,1,0.998849900652685,7.66584073085165
0.672,1,0.998872902639632,7.66779340449797
0.674,1,0.998895444586839,7.669042889824
0.676,1,0.998917535695102,7.66979410929264
0.678,1,0.9989391849812,7.67020550634935
0.68,1,0.998960401281576,7.67039510365116
0.682,1,0.998981193255945,7.67044772274252
0.684,1,0.999001569390826,7.67042211047303
0.686,1,0.999021538003009,7.67035731233876
0.688,1,0.999041107242949,7.5945790975774
0.69,1,0.99906028509809,7.56160770760667
0.692,1,0.999079079396128,7.55471546331428
0.694,1,0.999097497808206,7.56240910101041
0.696,1,0.999115547852041,7.57712073599483
0.698,1,0.999133236895001,7.59412245269261
0.7,1,0.999150572157101,7.61066726023016
0.702,1,0.999167560713959,7.62533553247111
0.704,1,0.999184209499679,7.63755551807289
0.706,1,0.999200525309686,7.64726399007036
0.708,1,0.999216514803492,7.57897619403423
0.71,1,0.999232184507422,7.62723762801704
0.712,1,0.999247540817274,7.58148315512324
0.714,1,0.999262590000928,7.56581322324242
0.716,1,0.99927733820091,7.56773121069904
0.718,1,0.999291791436892,7.57883794370683
0.72,1,0.999305955608154,7.59374801129793
0.722,1,0.999319836495991,7.60921448782505
0.724,1,0.999333439766071,7.62345116676039
0.726,1,0.999346770970749,7.6356270022103
0.728,1,0.999359835551334,7.64550226981973
0.73,1,0.999372638840308,7.65317620326197
0.732,1,0.999385186063502,7.65891897783511
0.734,1,0.999397482342232,7.66306525127936
0.736,1,0.999409532695387,7.66595103458181
0.738,1,0.999421342041479,7.66787989733866
0.74,1,0.99943291520065,7.66910814997414
0.742,1,0.999444256896637,7.59414268937814
0.744,1,0.999455371758704,7.63734665698025
0.746,1,0.99946626432353,7.58789777447466
0.748,1,0.999476939037059,7.56962485123184
0.75,1,0.999487400256318,7.56977870670994
0.752,1,0.999497652251192,7.57974270826689
0.754,1,0.999507699206168,7.59395416406233
0.756,1,0.999517545222044,7.60902778777422
0.758,1,0.999527194317603,7.62307342046529
0.76,1,0.999536650431251,7.63518467033329
0.762,1,0.999545917422626,7.6450691567119
0.764,1,0.999554999074174,7.65279075223864
0.766,1,0.99956389909269,7.58289806549636
0.768,1,0.999572621110836,7.5542177658477
0.77,1,0.99958116868862,7.55034292912404
0.772,1,0.999589545314847,7.5600770286248
0.774,1,0.99959775440855,7.57610682327401
0.776,1,0.999605799320379,7.59391146422594
0.778,1,0.999613683333972,7.61090522222332
0.78,1,0.999621409667292,7.62578939314711
0.782,1,0.999628981473947,7.63807970369553
0.784,1,0.999636401844468,7.64777393856595
0.786,1,0.999643673807578,7.57942822126113
0.788,1,0.999650800331427,7.55191524010541
0.79,1,0.999657784324798,7.54889007871771
0.792,1,0.999664628638302,7.48352170597712
0.794,1,0.999671336065536,7.46706186648337
0.796,1,0.999677909344225,7.47830503605503
0.798,1,0.999684351157341,7.50321005317802
0.8,1,0.999690664134194,7.53294166871123
0.802,1,0.99969685085151,7.4866135612127
0.804,1,0.99970291383448,7.48000101560366
0.806,1,0.99970885555779,7.49521781167699
0.808,1,0.999714678446634,7.52057237962192
0.81,1,0.999720384877702,7.54883010692917
0.812,1,0.999725977180148,7.5758469001025
0.814,1,0.999731457636545,7.59953556496447
0.816,1,0.999736828483814,7.61911166312858
0.818,1,0.999742091914138,7.63456281876361
0.82,1,0.999747250075855,7.64628954846989
0.822,1,0.999752305074338,7.65487299755545
0.824,1,0.999757258972851,7.66093326750421
0.826,1,0.999762113793394,7.66505003003457
0.828,1,0.999766871517526,7.66772418803001
0.83,1,0.999771534087175,7.59366628928375
0.832,1,0.999776103405432,7.56170227849294
0.834,1,0.999780581337323,7.55533784444241
0.836,1,0.999784969710577,7.56325148894791
0.838,1,0.999789270316365,7.57799729326679
0.84,1,0.999793484910038,7.51923179896212
0.842,1,0.999797615211837,7.50276823118647
0.844,1,0.999801662907601,7.51048533586117
0.846,1,0.999805629649449,7.53033415386871
0.848,1,0.99980951705646,7.55469271523977
0.85,1,0.99981332671533,7.57905182036699
0.852,1,0.999817060181024,7.6010070681185
0.854,1,0.999820718977403,7.61951366050341
0.856,1,0.999824304597855,7.63435487008901
0.858,1,0.999827818505898,7.6457768945603
0.86,1,0.99983126213578,7.65424846887337
0.862,1,0.999834636893065,7.66031072465594
0.864,1,0.999837944155203,7.58879107089133
0.866,1,0.999841185272099,7.63436055854437
0.868,1,0.999844361566657,7.66216662726543
0.87,1,0.999847474335324,7.67775672565096
0.872,1,0.999850524848618,7.68529447319798
0.874,1,0.999853514351645,7.68779468599308
0.876,1,0.999856444064612,7.61166315928643
0.878,1,0.99985931518332,7.57681725077089
0.88,1,0.999862128879654,7.56742437389142
0.882,1,0.999864886302061,7.57253033167262
0.884,1,0.99986758857602,7.58486326606239
0.886,1,0.999870236804499,7.59983248023499
0.888,1,0.999872832068409,7.61472998125932
0.89,1,0.999875375427041,7.62811891974462
0.892,1,0.9998778679185,7.63938204329235
0.894,1,0.99988031056013,7.57270111899039
0.896,1,0.999882704348928,7.62243867711514
0.898,1,0.999885050261949,7.65364384258559
0.9,1,0.99988734925671,7.67188753632696
0.902,1,0.999889602271576,7.68141947154015
0.904,1,0.999891810226144,7.6853654512113
0.906,1,0.999893974021621,7.61024457680744
0.908,1,0.999896094541189,7.5760775660447
0.91,1,0.999898172650365,7.56711968776216
0.912,1,0.999900209197358,7.5724876621852
0.914,1,0.999902205013411,7.5849645176122
0.916,1,0.999904160913142,7.60000047870242
0.918,1,0.99990607769488,7.61491698902432
0.92,1,0.999907956140982,7.62829760651852
0.922,1,0.999909797018162,7.63953865755816
0.924,1,0.999911601077799,7.64852942445616
0.926,1,0.999913369056243,7.65543296564731
0.928,1,0.999915101675118,7.6605422263367
0.93,1,0.999916799641616,7.66419049603876
0.932,1,0.999918463648784,7.66669968187515
0.934,1,0.999920094375808,7.59265493313307
0.936,1,0.999921692488292,7.56079775089878
0.938,1,0.999923258638526,7.55457955213039
0.94,1,0.999924793465756,7.56264601110947
0.942,1,0.999926297596441,7.57753305580436
0.944,1,0.999927771644512,7.59458760826864
0.946,1,0.999929216211622,7.61111467931664
0.948,1,0.999930631887389,7.62572933580134
0.95,1,0.999932019249641,7.6378818661489
0.952,1,0.999933378864649,7.57182324343244
0.954,1,0.999934711287356,7.54628034375947
0.956,1,0.999936017061608,7.54486179024867
0.958,1,0.999937296720376,7.55644656968862
0.96,1,0.999938550785969,7.57382147615048
0.962,1,0.999939779770249,7.59256889803996
0.964,1,0.999940984174844,7.61019786163511
0.966,1,0.999942164491347,7.62549054382493
0.968,1,0.999943321201521,7.63802817165256
0.97,1,0.99994445477749,7.6478593644215
0.972,1,0.99994556568194,7.65527716083343
0.974,1,0.999946654368302,7.66067600454203
0.976,1,0.999947721280935,7.58876656156618
0.978,1,0.999948766855317,7.55843171125772
0.98,1,0.99994979151821,7.55325875288352
0.982,1,0.999950795687846,7.56201290149142
0.984,1,0.999951779774089,7.57732911415236
0.986,1,0.999952744178607,7.59463263123013
0.988,1,0.999953689295035,7.61128800895372
0.99,1,0.999954615509135,7.62595397281012
0.992,1,0.999955523198952,7.6381116899447
0.994,1,0.999956412734973,7.64773206784872
0.996,1,0.999957284480273,7.6550500194683
0.998,1,0.999958138790668,7.58471912527602
1,1,0.999958976014855,7.55562543791449
1.002,1,0.999959796494557,7.55139124732612
1.004,1,0.999960600564666,7.56083027112104
1.006,1,0.999961388553373,7.57662838658558
1.008,1,0.999962160782306,7.59425801779066
1.01,1,0.99996291756666,7.61112425548593
1.012,1,0.999963659215326,7.62591881367374
1.014,1,0.99996438603102,7.63814856857797
1.016,1,0.999965098310399,7.64780371792025
1.018,1,0.999965796344191,7.6551331384178
1.02,1,0.999966480417308,7.6604990737037
1.022,1,0.999967150808961,7.6642884636989
1.024,1,0.999967807792782,7.66686322717694
1.026,1,0.999968451636927,7.6685362214498
1.028,1,0.999969082604188,7.66956326601978
1.03,1,0.999969700952104,7.6701445189219
1.032,1,0.999970306933062,7.67043070416919
1.034,1,0.999970900794401,7.67053131122751
1.036,1,0.999971482778513,7.67052303673866
1.038,1,0.999972053122943,7.59475860457173
1.04,1,0.999972612060484,7.56177684697926
1.042,1,0.999973159819274,7.55486238118687
1.044,1,0.999973696622889,7.56252966995824
1.046,1,0.999974222690431,7.57721535577101
1.048,1,0.999974738236622,7.59419389752979
1.05,1,0.99997524347189,7.6107192966501
1.052,1,0.999975738602452,7.62537208435237
1.054,1,0.999976223830403,7.63758020592704
1.056,1,0.999976699353795,7.64727991532065
1.058,1,0.999977165366719,7.65468479289933
1.06,1,0.999977622059385,7.66013521253672
1.062,1,0.999978069618197,7.66400556203718
1.064,1,0.999978508225833,7.66665141515649
1.066,1,0.999978938061316,7.66838322010042
1.068,1,0.99997935930009,7.66945672369895
1.07,1,0.999979772114088,7.67007326429582
1.072,1,0.999980176671807,7.67038529782227
1.074,1,0.999980573138371,7.67050416885192
1.076,1,0.999980961675603,7.67050831172877
1.078,1,0.999981342442091,7.67045087159434
1.08,1,0.999981715593249,7.67036626393551
1.082,1,0.999982081281384,7.67027552073943
1.084,1,0.999982439655757,7.67019046201193
1.086,1,0.999982790862641,7.67011682925619
1.088,1,0.999983135045388,7.67005655619732
1.09,1,0.999983472344481,7.67000935536639
1.092,1,0.999983802897591,7.66997378330511
1.094,1,0.999984126839639,7.6699479226346
1.096,1,0.999984444302847,7.66992979251441
1.098,1,0.99998475541679,7.66991757376721
1.1,1,0.999985060308454,7.66990971296143
1.102,1,0.999985359102285,7.66990495168128
1.104,1,0.999985651920239,7.66990231301668
1.106,1,0.999985938881834,7.66990106657645
1.108,1,0.999986220104198,7.66990068550187
1.11,1,0.999986495702114,7.66990080345903
1.112,1,0.999986765788071,7.66990117586267
1.114,1,0.99998703047231,7.66990164718466
1.116,1,0.999987289862864,7.66990212473347
1.118,1,0.999987544065606,7.66990255847006
1.12,1,0.999987793184294,7.6699029260376
1.122,1,0.999988037320608,7.66990322204563
1.124,1,0.999988276574196,7.66990345068281
1.126,1,0.999988511042712,7.66990362083142
1.128,1,0.999988740821858,7.66990374300054
1.13,1,0.999988966005421,7.66990382752886
1.132,1,0.999989186685313,7.66990388364422
1.134,1,0.999989402951606,7.66990391907109
1.136,1,0.999989614892574,7.66990393997022
1.138,1,0.999989822594723,7.6699039510604
1.14,1,0.999990026142828,7.66990395582575
1.142,1,0.999990225619972,7.66990395674828
1.144,1,0.999990421107572,7.66990395553069
1.146,1,0.999990612685421,7.66990395329221
1.148,1,0.999990800431712,7.59420503305379
1.15,1,0.999990984423078,7.56131284235418
1.152,1,0.999991164734617,7.55449192988887
1.154,1,0.999991341439924,7.56224566424807
1.156,1,0.999991514611126,7.57700547389795
1.158,1,0.999991684318903,7.59404425369156
1.16,1,0.999991850632525,7.61061654155105
1.162,1,0.999992013619875,7.62530447228999
1.164,1,0.999992173347477,7.63753800550407
1.166,1,0.999992329880528,7.64725542963653
1.168,1,0.999992483282917,7.65467216952015
1.17,1,0.999992633617259,7.66013016012715
1.172,1,0.999992780944913,7.66400504519246
1.174,1,0.999992925326015,7.66665336772797
1.176,1,0.999993066819495,7.59268737900014
1.178,1,0.999993205483105,7.63656790774096
1.18,1,0.999993341373443,7.58755663344066
1.182,1,0.999993474545974,7.56955071626216
1.184,1,0.999993605055055,7.56985425870281
1.186,1,0.999993732953953,7.57989061806737
1.188,1,0.999993858294874,7.66982497528784
1.19,1,0.999993981128977,7.71778661036412
1.192,1,0.999994101506397,7.73863437321501
1.194,1,0.999994219476269,7.74296717371685
1.196,1,0.999994335086744,7.73806641134019
1.198,1,0.999994448385009,7.65302699493442
1.2,1,0.999994559417309,7.60934886925317
1.202,1,0.999994668228963,7.59203582940572
1.204,1,0.999994774864384,7.59048962881266
1.206,1,0.999994879367096,7.59750305846978
1.208,1,0.999994981779754,7.60838836538677
1.21,1,0.999995082144159,7.62026385679365
1.212,1,0.999995180501276,7.63149525982236
1.214,1,0.99999527689125,7.56557581617094
1.216,1,0.999995371353425,7.54072372443517
1.218,1,0.999995463926357,7.54022193253214
1.22,1,0.99999555464783,7.55275347344945
1.222,1,0.999995643554873,7.5709976959876
1.224,1,0.999995730683776,7.59048734128256
1.226,1,0.9999958160701,7.60871750676676
1.228,1,0.999995899748698,7.62447686060415
1.23,1,0.999995981753724,7.63736336864913
1.232,1,0.99999606211865,7.6474462010442
1.234,1,0.999996140876277,7.65503895165268
1.236,1,0.999996218058751,7.66055459288125
1.238,1,0.999996293697576,7.66441832796409
1.24,1,0.999996367823625,7.66701991584986
1.242,1,0.999996440467152,7.66869174859598
1.244,1,0.999996511657809,7.66970282391497
1.246,1,0.999996581424653,7.67026178805072
1.248,1,0.99999664979616,7.67052451471988
1.25,1,0.999996716800237,7.6706033547144
1.252,1,0.999996782464232,7.67057636341605
1.254,1,0.999996846814947,7.67049560581553
1.256,1,0.999996909878648,7.6703941499748
1.258,1,0.999996971681075,7.67029167092854
1.26,1,0.999997032247454,7.67019876057604
1.262,1,0.999997091602505,7.67012012222485
1.264,1,0.999997149770455,7.67005685513257
1.266,1,0.999997206775045,7.6700080283512
1.268,1,0.999997262639545,7.6699717202892
1.27,1,0.999997317386754,7.66994567078761
1.272,1,0.999997371039019,7.66992766222924
1.274,1,0.999997423618238,7.66991571855072
1.276,1,0.999997475145873,7.66990818751668
1.278,1,0.999997525642956,7.66990375262926
1.28,1,0.999997575130097,7.66990140634201
1.282,1,0.999997623627495,7.66990040528528
1.284,1,0.999997671154945,7.66990022031833
1.286,1,0.999997717731846,7.66990048875362
1.288,1,0.999997763377209,7.66990097245377
1.29,1,0.999997808109665,7.6699015231958
1.292,1,0.999997851947472,7.66990205532926
1.294,1,0.999997894908522,7.66990252502096
1.296,1,0.999997937010352,7.66990291506137
1.298,1,0.999997978270145,7.59420430645896
1.3,1,0.999998018704742,7.56131235363849
1.302,1,0.999998058330647,7.55449161624686
1.304,1,0.999998097164034,7.56224547491241
1.306,1,0.999998135220753,7.57700536953031
1.308,1,0.999998172516338,7.59404420493032
1.31,1,0.999998209066012,7.61061652725217
1.312,1,0.999998244884691,7.62530447777801
1.314,1,0.999998279986998,7.63753802100099
1.316,1,0.999998314387258,7.64725544894086
1.318,1,0.999998348099512,7.65467218894922
1.32,1,0.999998381137522,7.66013017770519
1.322,1,0.999998413514772,7.66400506004858
1.324,1,0.999998445244476,7.66665337966651
1.326,1,0.999998476339587,7.66838630588132
1.328,1,0.999998506812795,7.66946010279761
1.33,1,0.999998536676539,7.67007646629051
1.332,1,0.999998565943008,7.67038808935923
1.334,1,0.999998594624148,7.67050646601538
1.336,1,0.999998622731665,7.67051011856658
1.338,1,0.999998650277032,7.74615115633474
1.34,1,0.999998677271491,7.77895836747882
1.342,1,0.999998703726061,7.78568823911471
1.344,1,0.99999872965154,7.77784921736771
1.346,1,0.999998755058509,7.76301560564676
1.348,1,0.999998779957339,7.67021751415654
1.35,1,0.999998804358192,7.62070575400808
1.352,1,0.999998828271028,7.59916128602515
1.354,1,0.999998851705608,7.59465559393708
1.356,1,0.999998874671496,7.52398091305556
1.358,1,0.999998897178066,7.57639745435426
1.36,1,0.999998919234504,7.53787624761678
1.362,1,0.999998940849814,7.53036699026239
1.364,1,0.999998962032818,7.54013472878257
1.366,1,0.999998982792162,7.55815068617494
1.368,1,0.999999003136318,7.57878656740192
1.37,1,0.999999023073592,7.59878273671498
1.372,1,0.99999904261212,7.61646426283723
1.374,1,0.999999061759878,7.63116650285003
1.376,1,0.99999908052468,7.64282910667671
1.378,1,0.999999098914187,7.65171989515822
1.38,1,0.999999116935903,7.65825524008449
1.382,1,0.999999134597185,7.66288962775474
1.384,1,0.999999151905241,7.66605301148145
1.386,1,0.999999168867136,7.66811982866812
1.388,1,0.999999185489794,7.66939795962465
1.39,1,0.999999201779998,7.67012940922707
1.392,1,0.999999217744398,7.67049717202887
1.394,1,0.99999923338951,7.67063471688852
1.396,1,0.99999924872172,7.59493701457507
1.398,1,0.999999263747285,7.56197322960388
1.4,1,0.999999278472339,7.55504896479345
1.402,1,0.999999292902893,7.56269261357272
1.404,1,0.999999307044835,7.57734961243015
1.406,1,0.999999320903938,7.59429960743462
1.408,1,0.999999334485859,7.61079935200866
1.41,1,0.999999347796142,7.62543055931937
1.412,1,0.99999936084022,7.6376214027792
1.414,1,0.999999373623415,7.64730783335376
1.416,1,0.999999386150947,7.65470287514243
1.418,1,0.999999398427928,7.66014626559851
1.42,1,0.999999410459369,7.66401177618029
1.422,1,0.999999422250182,7.66665443583139
1.424,1,0.999999433805178,7.66838423985948
1.426,1,0.999999445129075,7.66945657590484
1.428,1,0.999999456226493,7.67007250853806
1.43,1,0.999999467101963,7.59468537480645
1.432,1,0.999999477759924,7.63761094143825
1.434,1,0.999999488204726,7.58798752909715
1.436,1,0.999999498440631,7.56961268648507
1.438,1,0.999999508471819,7.56971339821324
1.44,1,0.999999518302382,7.57965550871538
1.442,1,0.999999527936335,7.59386389824604
1.444,1,0.999999537377608,7.60894479587582
1.446,1,0.999999546630056,7.62300249806008
1.448,1,0.999999555697455,7.63512718325577
1.45,1,0.999999564583506,7.64502450722405
1.452,1,0.999999573291835,7.65275735460163
1.454,1,0.999999581825999,7.65857288134271
1.456,1,0.999999590189479,7.66279210527892
1.458,1,0.999999598385689,7.66574374489664
1.46,1,0.999999606417975,7.66772818152952
1.462,1,0.999999614289616,7.66900104042652
1.464,1,0.999999622003824,7.59406993559554
1.466,1,0.999999629563747,7.56160048484732
1.468,1,0.999999636972472,7.55497659210754
1.47,1,0.999999644233023,7.56278754498614
1.472,1,0.999999651348362,7.57752438260138
1.474,1,0.999999658321395,7.59449969925477
1.476,1,0.999999665154967,7.61099319729817
1.478,1,0.999999671851868,7.62560194213699
1.48,1,0.99999967841483,7.5620649759138
1.482,1,0.999999684846534,7.53882974950232
1.484,1,0.999999691149603,7.53937701316779
1.486,1,0.999999697326611,7.55255131053888
1.488,1,0.999999703380079,7.57115820951804
1.49,1,0.999999709312477,7.59082539523786
1.492,1,0.999999715126228,7.60911686235149
1.494,1,0.999999720823703,7.62486948797549
1.496,1,0.999999726407229,7.6377136577055
1.498,1,0.999999731879084,7.64773934277031
1.5,1,0.999999737241503,7.65527268995845
1.502,1,0.999999742496673,7.66073358768093
1.504,1,0.999999747646739,7.66455046693485
1.506,1,0.999999752693804,7.66711402926026
1.508,1,0.999999757639928,7.66875629780004
1.51,1,0.99999976248713,7.66974523845617
1.512,1,0.999999767237387,7.59458929635845
1.514,1,0.999999771892639,7.63764761909746
1.516,1,0.999999776454787,7.5880913736164
1.518,1,0.999999780925691,7.64544101363649
1.52,1,0.999999785307177,7.60273585517699
1.522,1,0.999999789601034,7.58659428889367
1.524,1,0.999999793809013,7.58620978749932
1.526,1,0.999999797932833,7.59426504945665
1.528,1,0.999999801974176,7.6060254497944
1.53,1,0.999999805934693,7.6186007596309
1.532,1,0.999999809815999,7.63036945351188
1.534,1,0.999999813619679,7.64054652868105
1.536,1,0.999999817347285,7.64887050078652
1.538,1,0.999999821000339,7.6553848378644
1.54,1,0.999999824580333,7.66029132129689
1.542,1,0.999999828088726,7.58815731392469
1.544,1,0.999999831526951,7.55776285410887
1.546,1,0.999999834896412,7.55262412494157
1.548,1,0.999999838198484,7.56145916015049
1.55,1,0.999999841434514,7.57687315438442
1.552,1,0.999999844605824,7.59427381093802
1.554,1,0.999999847713708,7.61101639848333
1.556,1,0.999999850759434,7.62575567031235
1.558,1,0.999999853744245,7.63797204761666
1.56,1,0.99999985666936,7.64763748581792
1.562,1,0.999999859535973,7.65498879888235
1.564,1,0.999999862345253,7.66038065323121
1.566,1,0.999999865098348,7.66419555114571
1.568,1,0.999999867796382,7.66679308578659
1.57,1,0.999999870440454,7.66848514453444
1.572,1,0.999999873031645,7.66952739555047
1.574,1,0.999999875571012,7.67012029694553
1.576,1,0.999999878059591,7.67041508389161
1.578,1,0.9999998804984,7.67052181911602
1.58,1,0.999999882888432,7.6705177490565
1.582,1,0.999999885230663,7.67045499828053
1.584,1,0.99999988752605,7.67036715165036
1.586,1,0.999999889775529,7.67027459379047
1.588,1,0.999999891980018,7.67018865895341
1.59,1,0.999999894140418,7.67011473700254
1.592,1,0.99999989625761,7.67005451623942
1.594,1,0.999999898332457,7.59430862695231
1.596,1,0.999999900365808,7.56138116760801
1.598,1,0.999999902358492,7.55453470613879
1.6,1,0.999999904311322,7.56227059568311
1.602,1,0.999999906225096,7.57701842967657
1.604,1,0.999999908100594,7.59404954525397
1.606,1,0.999999909938582,7.61061722422522
1.608,1,0.99999991173981,7.62530263008457
1.61,1,0.999999913505014,7.63753499882751
1.612,1,0.999999915234914,7.57155318112372
1.614,1,0.999999916930215,7.54607788868443
1.616,1,0.999999918591611,7.54471536549882
1.618,1,0.999999920219779,7.55634447237654
1.62,1,0.999999921815383,7.57375309124419
1.622,1,0.999999923379076,7.59252523822401
1.624,1,0.999999924911494,7.61017169452007
1.626,1,0.999999926413264,7.62547628657258
1.628,1,0.999999927884999,7.56232275430829
1.63,1,0.999999929327299,7.53926653676719
1.632,1,0.999999930740753,7.53986614046389
1.634,1,0.999999932125938,7.55302007110068
1.636,1,0.999999933483419,7.57156984553329
1.638,1,0.999999934813751,7.59116594506354
1.64,1,0.999999936117476,7.60938589743449
1.642,1,0.999999937395126,7.62507383802932
1.644,1,0.999999938647224,7.63786334855418
1.646,1,0.999999939874279,7.72354403260092
1.648,1,0.999999941076794,7.76393571085465
1.65,1,0.999999942255258,7.70049345049491
1.652,1,0.999999943410153,7.66364637931738
1.654,1,0.99999994454195,7.64461677227059
1.656,1,0.999999945651111,7.56126683324114
1.658,1,0.999999946738088,7.52754591767809
1.66,1,0.999999947803327,7.52361578323749
1.662,1,0.99999994884726,7.53595826104439
1.664,1,0.999999949870315,7.55575929438419
1.666,1,0.999999950872908,7.57758301573554
1.668,1,0.99999995185545,7.59833133831694
1.67,1,0.999999952818341,7.61645847084289
1.672,1,0.999999953761975,7.63139888401076
1.674,1,0.999999954686735,7.6431655488934
1.676,1,0.999999955593,7.65207861818865
1.678,1,0.99999995648114,7.6585904389094
1.68,1,0.999999957351518,7.66317920045489
1.682,1,0.999999958204487,7.66628967622476
1.684,1,0.999999959040398,7.66830492451921
1.686,1,0.99999995985959,7.5938383725548
1.688,1,0.999999960662398,7.56163948010224
1.69,1,0.99999996144915,7.55515600290236
1.692,1,0.999999962220167,7.56302411952639
1.694,1,0.999999962975764,7.57776808841493
1.696,1,0.999999963716248,7.59472315473024
1.698,1,0.999999964441923,7.6111838009322
1.7,1,0.999999965153085,7.55005729936028
1.702,1,0.999999965850023,7.5292924654519
1.704,1,0.999999966533023,7.53209825774492
1.706,1,0.999999967202362,7.54719520810008
1.708,1,0.999999967858315,7.56735590978073
1.71,1,0.999999968501149,7.58822686959667
1.712,1,0.999999969131126,7.53171774685777
1.714,1,0.999999969748503,7.51522498387196
1.716,1,0.999999970353533,7.52169708917596
1.718,1,0.999999970946463,7.53977550615929
1.72,1,0.999999971527533,7.56225824900088
1.722,1,0.999999972096983,7.58487046186563
1.724,1,0.999999972655043,7.60531997340325
1.726,1,0.999999973201942,7.62259802644587
1.728,1,0.999999973737904,7.63647975263044
1.73,1,0.999999974263145,7.57148153638811
1.732,1,0.999999974777883,7.54653778051269
1.734,1,0.999999975282325,7.54541328809746
1.736,1,0.999999975776678,7.55710043301185
1.738,1,0.999999976261145,7.57446538798005
1.74,1,0.999999976735922,7.59314395208963
1.742,1,0.999999977201204,7.61067944451197
1.744,1,0.99999997765718,7.62587475667218
1.746,1,0.999999978104036,7.56262362792319
1.748,1,0.999999978541955,7.6151845936635
1.75,1,0.999999978971116,7.64861117585935
1.752,1,0.999999979391694,7.66853605410205
1.754,1,0.99999997980386,7.6035962729985
1.756,1,0.999999980207783,7.57551407782861
1.758,1,0.999999980603627,7.56985629427054
1.76,1,0.999999980991555,7.65241273555062
1.762,1,0.999999981371724,7.62245999824618
1.764,1,0.999999981744289,7.68687036515071
1.766,1,0.999999982109403,7.64384113929876
1.768,1,0.999999982467215,7.69916876599235
1.77,1,0.999999982817871,7.65008273447699
1.772,1,0.999999983161514,7.7015647949081
1.774,1,0.999999983498284,7.65019179286743
1.776,1,0.999999983828318,7.70044365556199
1.778,1,0.999999984151752,7.64852535258389
1.78,1,0.999999984468716,7.69865092677465
1.782,1,0.999999984779342,7.72254113849917
1.784,1,0.999999985083755,7.73008453983906
1.786,1,0.99999998538208,7.72816716490116
1.788,1,0.999999985674438,7.72139445275991
1.79,1,0.99999998596095,7.71270126924058
1.792,1,0.999999986241731,7.7038420552178
1.794,1,0.999999986516896,7.69576868155259
1.796,1,0.999999986786558,7.68891113536916
1.798,1,0.999999987050827,7.68337869246671
1.8,1,0.99999998730981,7.67909883727325
1.802,1,0.999999987563614,7.67590927835506
1.804,1,0.999999987812342,7.6736158724703
1.806,1,0.999999988056095,7.59632773618829
1.808,1,0.999999988294973,7.63807757588355
1.81,1,0.999999988529074,7.58778119995377
1.812,1,0.999999988758492,7.56906789072321
1.814,1,0.999999988983322,7.56904189806674
1.816,1,0.999999989203656,7.57898272301218
1.818,1,0.999999989419583,7.59325682835939
1.82,1,0.999999989631191,7.60843268167432
1.822,1,0.999999989838568,7.62259155876507
1.824,1,0.999999990041796,7.63481074945132
1.826,1,0.99999999024096,7.64478969539706
1.828,1,0.999999990436141,7.65258923937591
1.83,1,0.999999990627418,7.65845692167724
1.832,1,0.99999999081487,7.66271540020686
1.834,1,0.999999990998572,7.66569554122863
1.836,1,0.999999991178601,7.59200101491199
1.838,1,0.999999991355029,7.63609403137331
1.84,1,0.999999991527928,7.58724282723849
1.842,1,0.99999999169737,7.56935323240239
1.844,1,0.999999991863422,7.56973828988119
1.846,1,0.999999992026154,7.57982955949154
1.848,1,0.999999992185631,7.59410030393286
1.85,1,0.999999992341918,7.60919111747899
1.852,1,0.99999999249508,7.62322979595493
1.854,1,0.999999992645178,7.7110208218046
1.856,1,0.999999992792275,7.67807482776124
1.858,1,0.999999992936429,7.65970128079866
1.86,1,0.999999993077701,7.65091129551006
1.862,1,0.999999993216147,7.64809889184401
1.864,1,0.999999993351824,7.64875136380331
1.866,1,0.999999993484787,7.65118694349819
1.868,1,0.999999993615091,7.654332910858
1.87,1,0.999999993742789,7.65754716904163
1.872,1,0.999999993867934,7.66048060596499
1.874,1,0.999999993990575,7.66297478774243
1.876,1,0.999999994110763,7.58928967101063
1.878,1,0.999999994228548,7.63365530366787
1.88,1,0.999999994343977,7.58519015381928
1.882,1,0.999999994457098,7.56770899749055
1.884,1,0.999999994567956,7.56847411768825
1.886,1,0.999999994676597,7.57889280909453
1.888,1,0.999999994783065,7.59343059146254
1.89,1,0.999999994887403,7.60872989010372
1.892,1,0.999999994989655,7.62292525610253
1.894,1,0.999999995089862,7.6351309684091
1.896,1,0.999999995188065,7.6450711232122
1.898,1,0.999999995284304,7.65282220757862
1.9,1,0.999999995378618,7.58294214004419
1.902,1,0.999999995471045,7.55426421909197
1.904,1,0.999999995561624,7.55038606595992
1.906,1,0.999999995650392,7.56011413968569
1.908,1,0.999999995737384,7.57613705862034
1.91,1,0.999999995822636,7.59393504926769
1.912,1,0.999999995906183,7.61092293351013
1.914,1,0.99999999598806,7.62580222445886
1.916,1,0.999999996068299,7.63808866655915
1.918,1,0.999999996146933,7.64777995413754
1.92,1,0.999999996223994,7.65513098927244
1.922,1,0.999999996299514,7.66050866179752
1.924,1,0.999999996373524,7.66430336389169
1.926,1,0.999999996446054,7.66687948924047
1.928,1,0.999999996517132,7.66855160467421
1.93,1,0.99999999658679,7.66957666237564
1.932,1,0.999999996655054,7.67015553369341
1.934,1,0.999999996721953,7.67043936194319
1.936,1,0.999999996787514,7.67053785774038
1.938,1,0.999999996851764,7.67052781139227
1.94,1,0.999999996914728,7.67046088089047
1.942,1,0.999999996976434,7.67037022500099
1.944,1,0.999999997036905,7.6702758658902
1.946,1,0.999999997096167,7.6701888450581
1.948,1,0.999999997154244,7.67011432567669
1.95,1,0.999999997211159,7.67005382695414
1.952,1,0.999999997266936,7.67000677516293
1.954,1,0.999999997321597,7.66997153722684
1.956,1,0.999999997375165,7.66994607639395
1.958,1,0.999999997427662,7.59422942401106
1.96,1,0.999999997479109,7.63702428875123
1.962,1,0.999999997529526,7.58738908523686
1.964,1,0.999999997578936,7.64476593717889
1.966,1,0.999999997627357,7.67784083342315
1.968,1,0.99999999767481,7.69469333785308
1.97,1,0.999999997721314,7.62553371782735
1.972,1,0.999999997766887,7.59303632599937
1.974,1,0.99999999781155,7.58329494165213
1.976,1,0.999999997855319,7.5866487097331
1.978,1,0.999999997898212,7.59665393210062
1.98,1,0.999999997940248,7.60921829632649
1.982,1,0.999999997981443,7.62190716591654
1.984,1,0.999999998021814,7.6334100817016
1.986,1,0.999999998061378,7.56744642585038
1.988,1,0.999999998100151,7.61808505565676
1.99,1,0.999999998138148,7.65020036620261
1.992,1,0.999999998175385,7.66926921531965
1.994,1,0.999999998211877,7.67949954903308
1.996,1,0.999999998247639,7.68400741008231
1.998,1,0.999999998282687,7.68501908705564
2,1,0.999999998317033,7.68406671741815
2.002,1,0.999999998350692,7.68216109484743
2.004,1,0.999999998383678,7.67993526629328
2.006,1,0.999999998416005,7.60205946370596
2.008,1,0.999999998447685,7.56723133771498
2.01,1,0.999999998478731,7.63449295201771
2.012,1,0.999999998509156,7.67385239913266
2.014,1,0.999999998538973,7.69444952763649
2.016,1,0.999999998568194,7.70300955702083
2.018,1,0.99999999859683,7.70430645137399
2.02,1,0.999999998624893,7.70160257575723
2.022,1,0.999999998652395,7.69703231394668
2.024,1,0.999999998679347,7.61621902662066
2.026,1,0.999999998705761,7.57842711340894
2.028,1,0.999999998731645,7.5673045121584
2.03,1,0.999999998757012,7.57149999458253
2.032,1,0.999999998781872,7.58344914517876
2.034,1,0.999999998806235,7.59835329037492
2.036,1,0.99999999883011,7.61336208619916
2.038,1,0.999999998853508,7.6269453739453
2.04,1,0.999999998876438,7.63842795066716
2.042,1,0.999999998898909,7.64765712369735
2.044,1,0.999999998920931,7.57907496022885
2.046,1,0.999999998942512,7.62716968690686
2.048,1,0.999999998963662,7.58133302963557
2.05,1,0.999999998984389,7.56563409306663
2.052,1,0.999999999004701,7.56755429439158
2.054,1,0.999999999024607,7.57867966879432
2.056,1,0.999999999044115,7.59361529725954
2.058,1,0.999999999063232,7.53340958375832
2.06,1,0.999999999081968,7.59047770402166
2.062,1,0.999999999100328,7.55304709781575
2.064,1,0.999999999118322,7.54462205598089
2.066,1,0.999999999135955,7.55249457104493
2.068,1,0.999999999153236,7.56828011000328
2.07,1,0.999999999170171,7.58672697717043
2.072,1,0.999999999186768,7.60477225665165
2.074,1,0.999999999203033,7.62082240811948
2.076,1,0.999999999218972,7.63422465218796
2.078,1,0.999999999234593,7.56919334108268
2.08,1,0.999999999249901,7.54445777454093
2.082,1,0.999999999264903,7.54364957898924
2.084,1,0.999999999279605,7.55567944746572
2.086,1,0.999999999294013,7.57336739149937
2.088,1,0.999999999308132,7.59232654431286
2.09,1,0.99999999932197,7.61009232417396
2.092,1,0.99999999933553,7.62546837420817
2.094,1,0.99999999934882,7.63805264260477
2.096,1,0.999999999361843,7.64790628937571
2.098,1,0.999999999374606,7.65533142716458
2.1,1,0.999999999387114,7.66072882949185
2.102,1,0.999999999399372,7.66451232202099
2.104,1,0.999999999411385,7.66706184698397
2.106,1,0.999999999423157,7.66870178085509
2.108,1,0.999999999434694,7.66969485725082
2.11,1,0.999999999446,7.67024501047021
2.112,1,0.99999999945708,7.67050469495721
2.114,1,0.999999999467938,7.67058386896375
2.116,1,0.99999999947858,7.59486006125374
2.118,1,0.999999999489008,7.63758886930544
2.12,1,0.999999999499228,7.58786272187883
2.122,1,0.999999999509243,7.5694454179357
2.124,1,0.999999999519058,7.56953999762852
2.126,1,0.999999999528677,7.5794959524235
2.128,1,0.999999999538104,7.59372747143561
2.13,1,0.999999999547342,7.60883416670804
2.132,1,0.999999999556395,7.62291654309828
2.134,1,0.999999999565267,7.63506286822637
2.136,1,0.999999999573962,7.64497807844828
2.138,1,0.999999999582482,7.65272504528037
2.14,1,0.999999999590833,7.65855128944899
2.142,1,0.999999999599016,7.66277835905233
2.144,1,0.999999999607036,7.66573553875164
2.146,1,0.999999999614895,7.66772373932181
2.148,1,0.999999999622597,7.66899904361377
2.15,1,0.999999999630145,7.66976835744433
2.152,1,0.999999999637542,7.67019194419006
2.154,1,0.999999999644791,7.67038937967947
2.156,1,0.999999999651896,7.67044674309939
2.158,1,0.999999999658858,7.67042375723713
2.16,1,0.999999999665681,7.67036019699864
2.162,1,0.999999999672367,7.67028127526671
2.164,1,0.99999999967892,7.67020195190558
2.166,1,0.999999999685341,7.67013024329402
2.168,1,0.999999999691634,7.6700696722943
2.17,1,0.999999999697802,7.67002101809191
2.172,1,0.999999999703846,7.59428460233799
2.174,1,0.999999999709769,7.56136456550459
2.176,1,0.999999999715573,7.5545237003496
2.178,1,0.999999999721262,7.5622636601291
2.18,1,0.999999999726837,7.57701434892187
2.182,1,0.9999999997323,7.59404738945922
2.184,1,0.999999999737654,7.61061630760582
2.186,1,0.999999999742901,7.62530246467151
2.188,1,0.999999999748043,7.6375352502904
2.19,1,0.999999999753082,7.64725254772689
2.192,1,0.99999999975802,7.65466950448814
2.194,1,0.99999999976286,7.66012787376442
2.196,1,0.999999999767603,7.66400318639472
2.198,1,0.999999999772251,7.66665192036777
2.2,1,0.999999999776806,7.66838521154776
2.202,1,0.99999999978127,7.6694593110733
2.204,1,0.999999999785644,7.67007591406038
2.206,1,0.999999999789931,7.67038771933259
2.208,1,0.999999999794133,7.67050622966153
2.21,1,0.99999999979825,7.7462088944919
2.212,1,0.999999999802285,7.77904326723502
2.214,1,0.999999999806239,7.78577924241992
2.216,1,0.999999999810115,7.70223557579961
2.218,1,0.999999999813912,7.73019722332779
2.22,1,0.999999999817634,7.66345700941092
2.222,1,0.999999999821281,7.70420570640246
2.224,1,0.999999999824856,7.64684892692604
2.226,1,0.999999999828359,7.69424011108993
2.228,1,0.999999999831791,7.64140873282327
2.23,1,0.999999999835156,7.61605091125879
2.232,1,0.999999999838452,7.60784496412832
2.234,1,0.999999999841683,7.68529336929264
2.236,1,0.99999999984485,7.64937179081246
2.238,1,0.999999999847953,7.6322445105556
2.24,1,0.999999999850994,7.62682892095173
2.242,1,0.999999999853974,7.62819261176976
2.244,1,0.999999999856894,7.63303648751732
2.246,1,0.999999999859757,7.6392579590919
2.248,1,0.999999999862561,7.64559994303209
2.25,1,0.99999999986531,7.65138025656825
2.252,1,0.999999999868004,7.65629058810485
2.254,1,0.999999999870644,7.66025240679365
2.256,1,0.999999999873231,7.66331745371594
2.258,1,0.999999999875766,7.66560182552721
2.26,1,0.999999999878251,7.66724447559601
2.262,1,0.999999999880686,7.66838283055788
2.264,1,0.999999999883072,7.66913993951365
2.266,1,0.999999999885411,7.6696190408695
2.268,1,0.999999999887703,7.66990262056048
2.27,1,0.999999999889949,7.67005395807507
2.272,1,0.99999999989215,7.67011984640818
2.274,1,0.999999999894307,7.67013366951971
2.276,1,0.999999999896421,7.67011836668095
2.278,1,0.999999999898492,7.67008904394254
2.28,1,0.999999999900522,7.67005513970043
2.282,1,0.999999999902512,7.59432322109599
2.284,1,0.999999999904462,7.56140177066618
2.286,1,0.999999999906372,7.55455647976615
2.288,1,0.999999999908245,7.5622908444981
2.29,1,0.99999999991008,7.5770358669695
2.292,1,0.999999999911878,7.59406376242493
2.294,1,0.999999999913641,7.61062832121854
2.296,1,0.999999999915368,7.62531096814051
2.298,1,0.999999999917061,7.63754104285926
2.3,1,0.99999999991872,7.64725632311465
2.302,1,0.999999999920345,7.65467183168021
2.304,1,0.999999999921938,7.66012919908015
2.306,1,0.9999999999235,7.66400384669734
2.308,1,0.99999999992503,7.66665216090983
2.31,1,0.999999999926529,7.66838520452885
2.312,1,0.999999999927998,7.66945917274506
2.314,1,0.999999999929438,7.67007571936942
2.316,1,0.99999999993085,7.67038751380356
2.318,1,0.999999999932233,7.6705060386386
2.32,1,0.999999999933588,7.67050981238047
2.322,1,0.999999999934916,7.67045202731144
2.324,1,0.999999999936218,7.67036712166548
2.326,1,0.999999999937494,7.67027613492525
2.328,1,0.999999999938744,7.67019088572025
2.33,1,0.999999999939969,7.67011710958165
2.332,1,0.99999999994117,7.6700567324026
2.334,1,0.999999999942346,7.67000945866318
2.336,1,0.999999999943499,7.66997383753158
2.338,1,0.999999999944629,7.66994794534416
2.34,1,0.999999999945737,7.66992979617753
2.342,1,0.999999999946822,7.59421864923645
2.344,1,0.999999999947885,7.63701751295753
2.346,1,0.999999999948928,7.58738511048114
2.348,1,0.999999999949949,7.56906493057929
2.35,1,0.99999999995095,7.5692488503175
2.352,1,0.999999999951931,7.57928117714949
2.354,1,0.999999999952892,7.59357461591707
2.356,1,0.999999999953835,7.60872941361795
2.358,1,0.999999999954758,7.62284777738919
2.36,1,0.999999999955663,7.63502007822921
2.362,1,0.99999999995655,7.64495336214749
2.364,1,0.999999999957419,7.65271240544483
2.366,1,0.99999999995827,7.58284741872309
2.368,1,0.999999999959105,7.55418688762124
2.37,1,0.999999999959923,7.55032563923079
2.372,1,0.999999999960724,7.56006869060204
2.374,1,0.99999999996151,7.5761040814023
2.376,1,0.99999999996228,7.59391197688618
2.378,1,0.999999999963034,7.61090741963293
2.38,1,0.999999999963773,7.62579227200532
2.382,1,0.999999999964498,7.63808266177641
2.384,1,0.999999999965208,7.5720777292618
2.386,1,0.999999999965904,7.54653834096277
2.388,1,0.999999999966586,7.54509619644598
2.39,1,0.999999999967254,7.55664526197645
2.392,1,0.999999999967909,7.57398151530438
2.394,1,0.999999999968551,7.59269253174922
2.396,1,0.99999999996918,7.61028988146222
2.398,1,0.999999999969796,7.62555662484111
2.4,1,0.9999999999704,7.63807389991696
2.402,1,0.999999999970992,7.64788972720916
2.404,1,0.999999999971572,7.655296333918
2.406,1,0.999999999972141,7.66068731886447
2.408,1,0.999999999972698,7.66447148652072
2.41,1,0.999999999973244,7.59132648409366
2.412,1,0.999999999973779,7.56008016768675
2.414,1,0.999999999974304,7.55425851092344
2.416,1,0.999999999974818,7.56256809531083
2.418,1,0.999999999975321,7.5775924667317
2.42,1,0.999999999975815,7.59471437946894
2.422,1,0.999999999976299,7.61126485582945
2.424,1,0.999999999976773,7.6258771704183
2.426,1,0.999999999977237,7.63801386135312
2.428,1,0.999999999977692,7.72333160086201
2.43,1,0.999999999978138,7.76355071986091
2.432,1,0.999999999978576,7.77575336405505
2.434,1,0.999999999979004,7.69611409108569
2.436,1,0.999999999979424,7.65106284652633
2.438,1,0.999999999979836,7.62890064229526
2.44,1,0.999999999980239,7.62113041063848
2.442,1,0.999999999980634,7.62180100468423
2.444,1,0.999999999981022,7.62690614107501
2.446,1,0.999999999981401,7.63387196021371
2.448,1,0.999999999981773,7.64114241402937
2.45,1,0.999999999982138,7.64785773687801
2.452,1,0.999999999982495,7.65361428289636
2.454,1,0.999999999982845,7.58259253413254
2.456,1,0.999999999983188,7.55334036277578
2.458,1,0.999999999983524,7.54924719491342
2.46,1,0.999999999983854,7.55897302283791
2.462,1,0.999999999984177,7.57510736800893
2.464,1,0.999999999984493,7.59306639855909
2.466,1,0.999999999984803,7.61022588317455
2.468,1,0.999999999985107,7.62526546916
2.47,1,0.999999999985405,7.6376903577
2.472,1,0.999999999985697,7.64749477772563
2.474,1,0.999999999985983,7.6549342819246
2.476,1,0.999999999986263,7.66037854122055
2.478,1,0.999999999986538,7.58852267271411
2.48,1,0.999999999986807,7.55824045967956
2.482,1,0.999999999987071,7.55311444376699
2.484,1,0.99999999998733,7.56190786527414
2.486,1,0.999999999987583,7.57725538527185
2.488,1,0.999999999987831,7.51888395478684
2.49,1,0.999999999988075,7.5026648363751
2.492,1,0.999999999988313,7.51052248839907
2.494,1,0.999999999988547,7.53044258076115
2.496,1,0.999999999988776,7.5548284449804
2.498,1,0.999999999989001,7.57918871225359
2.5,3,0.999999999989221,7.60113106898438
2.502,3,1.03999999998944,7.61961854936145
2.504,3,1.07919999998965,7.63443921613002
2.506,3,1.11761599998985,7.79723979771124
2.508,3,1.15526367999006,8.02287688253996
2.51,3,1.19215840639026,8.41114732714785
2.512,3,1.22831523826245,9.07491139861392
2.514,3,1.2637489334972,9.74436144660753
2.516,3,1.29847395482726,10.5021690744959
2.518,3,1.33250447573071,11.307996094256
2.52,3,1.3658543862161,12.1355944821984
2.522,3,1.39853729849178,12.8931208806545
2.524,3,1.43056655252194,13.6899172145884
2.526,3,1.4619552214715,14.4290119998936
2.528,3,1.49271611704207,15.2157918829107
2.53,3,1.52286179470123,15.8746469270263
2.532,3,1.55240455880721,16.5516626977712
2.534,3,1.58135646763106,17.0958442420725
2.536,3,1.60972933827844,17.6668866023673
2.538,3,1.63753475151287,18.1958917794139
2.54,3,1.66478405648261,18.6502716183816
2.542,3,1.69148837535296,19.0957139532096
2.544,3,1.7176586078459,19.4924273308358
2.546,3,1.74330543568899,19.8997028487674
2.548,3,1.76843932697521,20.2724137163959
2.55,3,1.7930705404357,20.5899093005436
2.552,3,1.81720912962699,20.9223269379025
2.554,3,1.84086494703445,21.2298928480326
2.556,3,1.86404764809376,21.4938520458311
2.558,3,1.88676669513188,21.7085080075756
2.56,3,1.90903136122925,21.9513882454925
2.562,3,1.93085073400466,22.1853466131728
2.564,3,1.95223371932457,22.391456990724
2.566,3,1.97318904493808,22.5623762802101
2.568,3,1.99372526403931,22.7733612118864
2.57,3,2.01385075875853,22.909187223469
2.572,3,2.03357374358336,23.0672312225514
2.574,3,2.05290226871169,23.2215237431814
2.576,3,2.07184422333746,23.4342867966327
2.578,3,2.09040733887071,23.5815290964769
2.58,3,2.10859919209329,23.6793028843008
2.582,3,2.12642720825143,23.7410497121091
2.584,3,2.1438986640864,23.7774924597607
2.586,3,2.16102069080467,23.8725449975157
2.588,3,2.17780027698858,23.9894675148649
2.59,3,2.19424427144881,24.0308126025816
2.592,3,2.21035938601983,24.1034774180115
2.594,3,2.22615219829943,24.1099715581121
2.596,3,2.24162915433344,24.156240846088
2.598,3,2.25679657124678,24.2191520197769
2.6,3,2.27166063982184,24.2847277188348
2.602,3,2.2862274270254,24.3452521056963
2.604,3,2.3005028784849,24.3971095680325
2.606,3,2.3144928209152,24.5149265363259
2.608,3,2.32820296449689,24.5805867446323
2.61,3,2.34163890520696,24.6876549948616
2.612,3,2.35480612710282,24.730536270474
2.614,3,2.36771000456076,24.734960237757
2.616,3,2.38035580446955,24.7184417799639
2.618,3,2.39274868838015,24.6923869314029
2.62,3,2.40489371461255,24.7395176181201
2.622,3,2.4167958403203,24.7453209877232
2.624,3,2.42845992351389,24.8042143928088
2.626,3,2.43989072504362,24.8856033559742
2.628,3,2.45109291054274,24.970954392719
2.63,3,2.46207105233189,24.9742953168508
2.632,3,2.47282963128525,24.9335779448056
2.634,3,2.48337303865955,24.7976880024396
2.636,3,2.49370557788636,24.775860789243
2.638,3,2.50383146632863,24.8170071511869
2.64,3,2.51375483700206,24.8119717124036
2.642,3,2.52347974026202,24.7828086828043
2.644,3,2.53301014545678,24.8193577891239
2.646,3,2.54234994254764,24.8116390519166
2.648,3,2.55150294369669,24.8567770124156
2.65,3,2.56047288482275,24.925643721071
2.652,3,2.5692634271263,24.9246670311106
2.654,3,2.57787815858377,24.9622444999412
2.656,3,2.5863205954121,24.9409717421575
2.658,3,2.59459418350385,24.9661179470452
2.66,3,2.60270229983378,24.9378344289856
2.662,3,2.6106482538371,24.9595520712279
2.664,3,2.61843528876036,24.9300884374211
2.666,3,2.62606658298515,24.9519413296181
2.668,3,2.63354525132545,24.9233009624426
2.67,3,2.64087434629894,24.9462627250477
2.672,3,2.64805685937296,24.9187740737667
2.674,3,2.6550957221855,24.8670978104013
2.676,3,2.66199380774179,24.8833236461626
2.678,3,2.66875393158696,24.8584551736969
2.68,3,2.67537885295522,24.8898281687101
2.682,3,2.68187127589611,24.9480932504643
2.684,3,2.68823385037819,24.9392479940002
2.686,3,2.69446917337063,24.9711907861164
2.688,3,2.70057978990321,25.0217295205545
2.69,3,2.70656819410515,25.0014968947802
2.692,3,2.71243683022305,25.0212241146709
2.694,3,2.71818809361859,25.0603112999858
2.696,3,2.72382433174621,25.0301647319589
2.698,3,2.72934784511129,24.9660774251862
2.7,3,2.73476088820906,24.9659166799392
2.702,3,2.74006567044488,24.9998580409775
2.704,3,2.74526435703599,24.9729341687602
2.706,3,2.75035906989527,24.9919125814388
2.708,3,2.75535188849736,25.0334934281088
2.71,3,2.76024485072741,25.0073233215358
2.712,3,2.76503995371286,25.0233095757804
2.714,3,2.76973915463861,25.0601962164124
2.716,3,2.77434437154584,25.0288876556427
2.718,3,2.77885748411492,25.0400057235127
2.72,3,2.78328033443262,25.0726487578411
2.722,3,2.78761472774397,25.0378484498663
2.724,3,2.79186243318909,25.0462202904809
2.726,3,2.79602518452531,25.0767856575393
2.728,3,2.8001046808348,25.0404692222814
2.73,3,2.80410258721811,25.0477739897581
2.732,3,2.80802053547374,25.0776170394528
2.734,3,2.81186012476427,25.040833403705
2.736,3,2.81562292226898,25.0478531122387
2.738,3,2.8193104638236,25.0775363567592
2.74,3,2.82292425454713,25.116374392135
2.742,3,2.82646576945619,25.1562606872934
2.744,3,2.82993645406706,25.1170703871672
2.746,3,2.83333772498572,25.1152825510376
2.748,3,2.83667097048601,25.1336145113893
2.75,3,2.83993755107629,25.0851663260324
2.752,3,2.84313880005476,25.1572898210837
2.754,3,2.84627602405367,25.1351871264519
2.756,3,2.84935050357259,25.140722511123
2.758,3,2.85236349350114,25.0847495403009
2.76,3,2.85531622363112,25.0015040490122
2.762,3,2.8582098991585,25.063330430391
2.764,3,2.86104570117533,25.1207095561379
2.766,3,2.86382478715182,25.0943553531312
2.768,3,2.86654829140878,25.1016537282123
2.77,3,2.86921732558061,25.0504767347072
2.772,3,2.871832979069,25.0488700114504
2.774,3,2.87439631948762,25.1495521154889
2.776,3,2.87690839309786,25.1434408195911
2.778,3,2.87937022523591,25.2323872786635
2.78,3,2.88178282073119,25.2118429240394
2.782,3,2.88414716431656,25.2106436062264
2.784,3,2.88646422103023,25.1441786934805
2.786,3,2.88873493660963,25.1251722958453
2.788,3,2.89096023787744,25.1333470792382
2.79,3,2.89314103311989,25.0795093864863
2.792,3,2.89527821245749,25.073618545592
2.794,3,2.89737264820834,25.0938748178883
2.796,3,2.89942519524417,25.0503748442226
2.798,3,2.90143669133929,25.0528716360376
2.8,3,2.9034079575125,25.0796479105547
2.802,3,2.90533979836225,25.1167275202906
2.804,3,2.90723300239501,25.0799424363992
2.806,3,2.90908834234711,25.0074025482805
2.808,3,2.91090657550017,24.9986561813223
2.81,3,2.91268844399016,25.0247883491786
2.812,3,2.91443467511036,25.066938936894
2.814,3,2.91614598160815,25.1134705998525
2.816,3,2.91782306197599,25.0820468844338
2.818,3,2.91946660073647,25.087856945182
2.82,3,2.92107726872174,25.1129469741161
2.822,3,2.92265572334731,25.1458409760705
2.824,3,2.92420260888036,25.103950703993
2.826,3,2.92571855670275,25.1020180783582
2.828,3,2.9272041855687,25.1215819865692
2.83,3,2.92866010185732,25.0749782499486
2.832,3,2.93008689982018,25.0733918274708
2.834,3,2.93148516182377,25.095965632165
2.836,3,2.9328554585873,25.0534950333827
2.838,3,2.93419834941555,25.0562327472004
2.84,3,2.93551438242724,25.007106837534
2.842,3,2.9368040947787,25.0108742086713
2.844,3,2.93806801288312,25.0424729479234
2.846,3,2.93930665262546,25.0100940450963
2.848,3,2.94052051957295,25.0224962515698
2.85,3,2.94171010918149,25.0575521162428
2.852,3,2.94287590699786,25.1012272484871
2.854,3,2.94401838885791,25.1451876921578
2.856,3,2.94513802108075,25.1092626269936
2.858,3,2.94623526065913,25.1099864397708
2.86,3,2.94731055544595,25.1301803400755
2.862,3,2.94836434433703,25.1587628153407
2.864,3,2.94939705745029,25.1889971801084
2.866,3,2.95040911630128,25.1414294179588
2.868,3,2.95140093397526,25.1327705006369
2.87,3,2.95237291529575,25.0700138270203
2.872,3,2.95332545698984,25.0603044761454
2.874,3,2.95425894785004,25.0798387291387
2.876,3,2.95517376889304,25.1887369098039
2.878,3,2.95607029351518,25.258838036411
2.88,3,2.95694888764488,25.2256345888531
2.882,3,2.95780990989198,25.1406252236841
2.884,3,2.95865371169414,25.0363825460575
2.886,3,2.95948063746026,24.9321728259814
2.888,3,2.96029102471105,24.9896636016518
2.89,3,2.96108520421683,24.9763026487211
2.892,3,2.96186350013249,25.0021804813522
2.894,3,2.96262623012984,24.9707278445849
2.896,3,2.96337370552725,24.9875092330554
2.898,3,2.9641062314167,25.0283531989053
2.9,3,2.96482410678837,25.0779964185414
2.902,3,2.9655276246526,25.1274318933233
2.904,3,2.96621707215955,25.096178593132
2.906,3,2.96689273071636,25.1006847771322
2.908,3,2.96755487610203,25.1238135105054
2.91,3,2.96820377857999,25.1545892471428
2.912,3,2.96883970300839,25.1107060764109
2.914,3,2.96946290894822,25.1070440900137
2.916,3,2.97007365076926,25.1251898394009
2.918,3,2.97067217775387,25.0774738464106
2.92,3,2.97125873419879,25.0750480529202
2.922,3,2.97183355951482,25.0970108342292
2.924,3,2.97239688832452,25.1298101924226
2.926,3,2.97294895055803,25.0894516303338
2.928,3,2.97348997154687,25.0897667280234
2.93,3,2.97402017211593,25.1117383031756
2.932,3,2.97453976867362,25.1430888074053
2.934,3,2.97504897330014,25.1763460737205
2.936,3,2.97554799383414,25.1316387651424
2.938,3,2.97603703395746,25.1254713671582
2.94,3,2.97651629327831,25.2161614259411
2.942,3,2.97698596741274,25.2738471201649
2.944,3,2.97744624806449,25.2325423105822
2.946,3,2.9778973231032,25.2182303761697
2.948,3,2.97833937664113,25.2197238269318
2.95,3,2.97877258910831,25.2294974594259
2.952,3,2.97919713732615,25.2427215435118
2.954,3,2.97961319457962,25.1807813582434
2.956,3,2.98002093068803,25.1605750494668
2.958,3,2.98042051207427,25.1646159172707
2.96,3,2.98081210183279,25.1811867890688
2.962,3,2.98119585979613,25.202803296865
2.964,3,2.98157194260021,25.2249767212297
2.966,3,2.9819405037482,25.1695597517814
2.968,3,2.98230169367324,25.1539392109444
2.97,3,2.98265565979977,25.1610801841763
2.972,3,2.98300254660378,25.1796530240946
2.974,3,2.9833424956717,25.2024883765788
2.976,3,2.98367564575827,25.2253427817339
2.978,3,2.9840021328431,25.1702527888977
2.98,3,2.98432209018624,25.1547381950309
2.982,3,2.98463564838252,25.1618568036116
2.984,3,2.98494293541487,25.1803410692222
2.986,3,2.98524407670657,25.2030612857238
2.988,3,2.98553919517244,25.2257977554282
2.99,3,2.98582841126899,25.1705999742013
2.992,3,2.98611184304361,25.1549936407392
2.994,3,2.98638960618274,25.1620381214273
2.996,3,2.98666181405908,25.1804649660003
2.998,3,2.9869285777779,25.2031423369449
3,3,2.98719000622234,25.2258479615621
3.002,3,2.98744620609789,25.2463276959755
3.004,3,2.98769728197594,25.1879003784384
3.006,3,2.98794333633642,25.1688645445086
3.008,3,2.98818446960969,25.09701246242
3.01,3,2.9884207802175,25.0797886960496
3.012,3,2.98865236461315,25.0933931768926
3.014,3,2.98887931732088,25.1220928594583
3.016,3,2.98910173097447,25.1560088998361
3.018,3,2.98931969635498,25.1136600543675
3.02,3,2.98953330242788,25.1105246386334
3.022,3,2.98974263637932,25.1286076440503
3.024,3,2.98994778365173,25.156219789266
3.026,3,2.9901488279787,25.1861877515761
3.028,3,2.99034585141912,25.2144541382997
3.03,3,2.99053893439074,25.1633245307582
3.032,3,2.99072815570293,25.1506054430953
3.034,3,2.99091359258887,25.0839236103578
3.036,3,2.99109532073709,25.0707484872869
3.038,3,2.99127341432235,25.1631028931766
3.04,3,2.9914479460359,25.1512137824749
3.042,3,2.99161898711518,25.1606133782132
3.044,3,2.99178660737288,25.1047376910322
3.046,3,2.99195087522542,25.0952702385639
3.048,3,2.99211185772091,25.1114824916265
3.05,3,2.9922696205665,25.1397873189622
3.052,3,2.99242422815517,25.1717464456787
3.054,3,2.99257574359206,25.2024998396758
3.056,3,2.99272422872022,25.1538761696897
3.058,3,2.99286974414582,25.1434257872628
3.06,3,2.9930123492629,25.1543611707109
3.062,3,2.99315210227764,25.175620365745
3.064,3,2.99328906023209,25.2002861153646
3.066,3,2.99342327902745,25.1486349422093
3.068,3,2.9935548134469,25.2127864728305
3.07,3,2.99368371717796,25.2566546697894
3.072,3,2.9938100428344,25.2096790680844
3.074,3,2.99393384197771,25.1945999257853
3.076,3,2.99405516513816,25.1980165260874
3.078,3,2.9941740618354,25.2109580246492
3.08,3,2.99429058059869,25.2277010134644
3.082,3,2.99440476898671,25.1691196080514
3.084,3,2.99451667360698,25.1518552007635
3.086,3,2.99462634013484,25.1583253325678
3.088,3,2.99473381333214,25.1768123665089
3.09,3,2.9948391370655,25.1998823281085
3.092,3,2.99494235432419,25.147420118039
3.094,3,2.99504350723771,25.1355601768447
3.096,3,2.99514263709295,25.1465202749876
3.098,3,2.99523978435109,25.1685665135177
3.1,3,2.99533498866407,25.1943481094108
3.102,3,2.99542828889079,25.2195768913139
3.104,3,2.99551972311298,25.24202092665
3.106,3,2.99560932865072,25.260764971535
3.108,3,2.9956971420777,25.2756861837765
3.11,3,2.99578319923615,25.2870963612269
3.112,3,2.99586753525142,25.2955082826647
3.114,3,2.9959501845464,25.3014912825454
3.116,3,2.99603118085547,25.2298897426062
3.118,3,2.99611055723836,25.1996851057631
3.12,3,2.99618834609359,25.1945347635565
3.122,3,2.99626457917172,25.203251924319
3.124,3,2.99633928758829,25.2185030182705
3.126,3,2.99641250183652,25.311431761634
3.128,3,2.99648425179979,25.3609083382002
3.13,3,2.99655456676379,25.3823326700624
3.132,3,2.99662347542852,25.3109858678246
3.134,3,2.99669100591995,25.1972142750894
3.136,3,2.99675718580155,25.0720501928191
3.138,3,2.99682204208552,25.0288636458717
3.14,3,2.99688560124381,25.0336506299275
3.142,3,2.99694788921893,24.9878461759866
3.144,3,2.99700893143455,24.9195866118499
3.146,3,2.99706875280586,24.9974885569327
3.148,3,2.99712737774974,24.9942387385807
3.15,3,2.99718483019475,25.0237377017601
3.152,3,2.99724113359085,24.9920882733435
3.154,3,2.99729631091904,25.0066565408469
3.156,3,2.99735038470066,25.0444306863352
3.158,3,2.99740337700664,25.0908502645947
3.16,3,2.99745530946651,25.1372982398451
3.162,3,2.99750620327718,25.1034782075509
3.164,3,2.99755607921164,25.105895342887
3.166,3,2.9976049576274,25.0516969960422
3.168,3,2.99765285847485,25.0483588239184
3.17,3,2.99769980130536,25.0724692377141
3.172,3,2.99774580527925,25.108835892155
3.174,3,2.99779088917367,25.0724495262999
3.176,3,2.99783507139019,25.0765606766349
3.178,3,2.99787836996239,25.1018597276414
3.18,3,2.99792080256314,25.1359594494889
3.182,3,2.99796238651188,25.1713862638101
3.184,3,2.99800313878164,25.1283252921672
3.186,3,2.99804307600601,25.1233627631312
3.188,3,2.99808221448589,25.1392044625218
3.19,3,2.99812057019617,25.1645756583095
3.192,3,2.99815815879225,25.192524034176
3.194,3,2.9981949956164,25.2190881924652
3.196,3,2.99823109570407,25.2422924956415
3.198,3,2.99826647378999,25.2614151196742
3.2,3,2.99830114431419,25.2764740268145
3.202,3,2.99833512142791,25.2121809498062
3.204,3,2.99836841899935,25.2633199593218
3.206,3,2.99840105061936,25.2195633852637
3.208,3,2.99843302960697,25.2052251156534
3.21,3,2.99846436901484,25.2079880920057
3.212,3,2.99849508163454,25.2952958357225
3.214,3,2.99852518000185,25.2676688770062
3.216,3,2.99855467640181,25.2571832476414
3.218,3,2.99858358287378,25.2568724257766
3.22,3,2.9986119112163,25.2620175834599
3.222,3,2.99863967299197,25.1938651961554
3.224,3,2.99866687953213,25.2447540777015
3.226,3,2.99869354194149,25.2026965121372
3.228,3,2.99871967110266,25.1909288634216
3.23,3,2.99874527768061,25.1964735024517
3.232,3,2.998770372127,25.2864008991998
3.234,3,2.99879496468446,25.3367475767391
3.236,3,2.99881906539077,25.2853215084898
3.238,3,2.99884268408295,25.2604037261176
3.24,3,2.99886583040129,25.3277786142834
3.242,3,2.99888851379327,25.3620162662221
3.244,3,2.9989107435174,25.3752057126272
3.246,3,2.99893252864705,25.375870312514
3.248,3,2.99895387807411,25.3697909535445
3.25,3,2.99897480051263,25.3607156612274
3.252,3,2.99899530450238,25.4266375223145
3.254,3,2.99901539841233,25.4503434234681
3.256,3,2.99903509044408,25.3735007830348
3.258,3,2.9990543886352,25.2506287830748
3.26,3,2.9990733008625,25.2667383131566
3.262,3,2.99909183484525,25.3553641499182
3.264,3,2.99910999814834,25.3982104234541
3.266,3,2.99912779818538,25.3367189297144
3.268,3,2.99914524222167,25.2256625283703
3.27,3,2.99916233737724,25.1748373991999
3.272,3,2.99917909062969,25.1611443876859
3.274,3,2.9991955088171,25.1686020151659
3.276,3,2.99921159864076,25.186601323133
3.278,3,2.99922736666794,25.208445093381
3.28,3,2.99924281933458,25.2301828732167
3.282,3,2.99925796294789,25.2497187050964
3.284,3,2.99927280368893,25.1904534107016
3.286,3,2.99928734761515,25.1707187854781
3.288,3,2.99930160066285,25.1740100127544
3.29,3,2.99931556864959,25.1892540091406
3.292,3,2.9993292572766,25.2093668118315
3.294,3,2.99934267213107,25.1543917359114
3.296,3,2.99935581868845,25.1405038400041
3.298,3,2.99936870231468,25.149894693703
3.3,3,2.99938132826839,25.0950722369427
3.302,3,2.99939370170302,25.0871203188826
3.304,3,2.99940582766896,25.1049450339177
3.306,3,2.99941771111558,25.1347548622937
3.308,3,2.99942935689327,25.1680131532264
3.31,3,2.9994407697554,25.124128817272
3.312,3,2.99945195436029,25.1191414381448
3.314,3,2.99946291527309,25.1353865153102
3.316,3,2.99947365696763,25.1613496121911
3.318,3,2.99948418382827,25.1899319932544
3.32,3,2.99949450015171,25.2170900332375
3.322,3,2.99950461014867,25.2408082101066
3.324,3,2.9995145179457,25.1846524118395
3.326,3,2.99952422758679,25.167148334715
3.328,3,2.99953374303505,25.1719813004959
3.33,3,2.99954306817435,25.1125486744913
3.332,3,2.99955220681086,25.1004137157592
3.334,3,2.99956116267465,25.1146959886461
3.336,3,2.99956993942115,25.1416545730311
3.338,3,2.99957854063273,25.1727115798078
3.34,3,2.99958696982008,25.1271897824064
3.342,3,2.99959523042367,25.1210271883489
3.344,3,2.9996033258152,25.1364595138212
3.346,3,2.9996112592989,25.1618833431783
3.348,3,2.99961903411292,25.1901255046104
3.35,3,2.99962665343066,25.1413841198177
3.352,3,2.99963412036205,25.1321038866573
3.354,3,2.99964143795481,25.1447806314551
3.356,3,2.99964860919571,25.1679138979951
3.358,3,2.9996556370118,25.1943395179748
3.36,3,2.99966252427156,25.2199125474932
3.362,3,2.99966927378613,25.2425070109455
3.364,3,2.99967588831041,25.2612832909132
3.366,3,2.9996823705442,25.2004716174547
3.368,3,2.99968872313331,25.178923691056
3.37,3,2.99969494867065,25.1804382574397
3.372,3,2.99970104969723,25.1941004792767
3.374,3,2.99970702870329,25.2885904552092
3.376,3,2.99971288812922,25.3411538421879
3.378,3,2.99971863036664,25.4418726985587
3.38,3,2.99972425775931,25.406930114217
3.382,3,2.99972977260412,25.3787991915515
3.384,3,2.99973517715204,25.2813778037973
3.386,3,2.999740473609,25.0809262789547
3.388,3,2.99974566413682,24.9967197278699
3.39,3,2.99975075085408,24.9828069390573
3.392,3,2.999755735837,25.0077485799019
3.394,3,2.99976062112026,24.9752472076057
3.396,3,2.99976540869785,24.9910233572181
3.398,3,2.9997701005239,25.0309844901401
3.4,3,2.99977469851342,25.0798972769547
3.402,3,2.99977920454315,25.1287556709094
3.404,3,2.99978362045229,25.1727629318815
3.406,3,2.99978794804324,25.2098401807437
3.408,3,2.99979218908238,25.163863986778
3.41,3,2.99979634530073,25.1538395053277
3.412,3,2.99980041839472,25.1639741903898
3.414,3,2.99980441002682,25.183857678531
3.416,3,2.99980832182628,25.2069768981646
3.418,3,2.99981215538976,25.2295396646189
3.42,3,2.99981591228196,25.249578869234
3.422,3,2.99981959403632,25.1905957791434
3.424,3,2.9998232021556,25.1709975766959
3.426,3,2.99982673811249,25.1743340302843
3.428,3,2.99983020335024,25.1895701625153
3.43,3,2.99983359928323,25.2096475688776
3.432,3,2.99983692729757,25.1546259096937
3.434,3,2.99984018875162,25.1406900631285
3.436,3,2.99984338497658,25.1500369696018
3.438,3,2.99984651727705,25.1708759553774
3.44,3,2.99984958693151,25.195785900019
3.442,3,2.99985259519288,25.2204080050648
3.444,3,2.99985554328902,25.2424465269794
3.446,3,2.99985843242324,25.185233425564
3.448,3,2.99986126377478,25.1671082407417
3.45,3,2.99986403849928,25.1716139831971
3.452,3,2.9998667577293,25.1877420490907
3.454,3,2.99986942257471,25.2084754703996
3.456,3,2.99987203412322,25.1539192860125
3.458,3,2.99987459344075,25.1403013759304
3.46,3,2.99987710157194,25.1498561710032
3.462,3,2.9998795595405,25.1708238490334
3.464,3,2.99988196834969,25.1958075562807
3.466,3,2.99988432898269,25.144767937175
3.468,3,2.99988664240304,25.1339282945656
3.47,3,2.99988890955498,25.1455934857964
3.472,3,2.99989113136388,25.092408239315
3.474,3,2.9998933087366,25.0855922231371
3.476,3,2.99989544256187,25.104173428701
3.478,3,2.99989753371063,25.1344627792944
3.48,3,2.99989958303642,25.1680055834017
3.482,3,2.99990159137569,25.1999726173247
3.484,3,2.99990355954818,25.2279444160398
3.486,3,2.99990548835721,25.2510252120438
3.488,3,2.99990737859007,25.269220096333
3.49,3,2.99990923101827,25.2830140036326
3.492,3,2.9999110463979,25.2930998646979
3.494,3,2.99991282546994,25.3002131261922
3.496,3,2.99991456896055,25.3050393189835
3.498,3,2.99991627758134,25.3081696991853
3.5,3,2.99991795202971,25.3100869000878
3.502,3,2.99991959298911,25.3111680022805
3.504,3,2.99992120112933,25.3116965883003
3.506,3,2.99992277710675,25.2361794804963
3.508,3,2.99992432156461,25.2032662539454
3.51,3,2.99992583513332,25.1963182211788
3.512,3,2.99992731843065,25.2795997339612
3.514,3,2.99992877206204,25.3270740120264
3.516,3,2.9999301966208,25.2750710960422
3.518,3,2.99993159268838,25.2508574082122
3.52,3,2.99993296083461,25.2438509923185
3.522,3,2.99993430161792,25.2467111605218
3.524,3,2.99993561558556,25.2545499964929
3.526,3,2.99993690327385,25.26426984265
3.528,3,2.99993816520838,25.2740333506923
3.53,3,2.99993940190421,25.2828565200413
3.532,3,2.99994061386612,25.290307480081
3.534,3,2.9999418015888,25.2205924673081
3.536,3,2.99994296555703,25.2680102663884
3.538,3,2.99994410624588,25.2975055109962
3.54,3,2.99994522412097,25.3145332177299
3.542,3,2.99994631963855,25.2475336315248
3.544,3,2.99994739324578,25.218041417479
3.546,3,2.99994844538086,25.2114592504315
3.548,3,2.99994947647324,25.2177425688762
3.55,3,2.99995048694378,25.1545668283381
3.552,3,2.9999514772049,25.1362889803165
3.554,3,2.99995244766081,25.1437550604077
3.556,3,2.99995339870759,25.1642111715265
3.558,3,2.99995433073344,25.1895747516147
3.56,3,2.99995524411877,25.2150517551059
3.562,3,2.99995613923639,25.2380747575601
3.564,3,2.99995701645167,25.3332159020898
3.566,3,2.99995787612263,25.3060232255183
3.568,3,2.99995871860018,25.3676826546689
3.57,3,2.99995954422818,25.3192354817254
3.572,3,2.99996035334361,25.2925588992366
3.574,3,2.99996114627674,25.2801234726484
3.576,3,2.9999619233512,25.3522078088608
3.578,3,2.99996268488418,25.386545517746
3.58,3,2.9999634311865,25.397367375364
3.582,3,2.99996416256277,25.3945822862926
3.584,3,2.99996487931151,25.3091178053959
3.586,3,2.99996558172528,25.263701822217
3.588,3,2.99996627009078,25.2441224510046
3.59,3,2.99996694468896,25.2402518097708
3.592,3,2.99996760579518,25.2451392274732
3.594,3,2.99996825367928,25.2542141554383
3.596,3,2.99996888860569,25.2646262436076
3.598,3,2.99996951083358,25.2747236862106
3.6,3,2.99997012061691,25.2079578615338
3.602,3,2.99997071820457,25.1824962632616
3.604,3,2.99997130384048,25.1815714244015
3.606,3,2.99997187776367,25.1938210934176
3.608,3,2.9999724402084,25.2118865395586
3.61,3,2.99997299140423,25.2312700244674
3.612,3,2.99997353157614,25.2494432267131
3.614,3,2.99997406094462,25.1894785540613
3.616,3,2.99997457972573,25.1694672282946
3.618,3,2.99997508813121,25.1727344399927
3.62,3,2.99997558636859,25.1123926073565
3.622,3,2.99997607464122,25.0997882543413
3.624,3,2.99997655314839,25.1895808900435
3.626,3,2.99997702208543,25.2494114636162
3.628,3,2.99997748164372,25.2873609441021
3.63,3,2.99997793201084,25.2341988395362
3.632,3,2.99997837337063,25.137702073848
3.634,3,2.99997880590321,25.0276227099943
3.636,3,2.99997922978515,24.9968642929953
3.638,3,2.99997964518945,24.9357373642093
3.64,3,2.99998005228566,24.9401495642266
3.642,3,2.99998045123994,24.9790723748977
3.644,3,2.99998084221515,25.0325550389735
3.646,3,2.99998122537084,25.0885226258905
3.648,3,2.99998160086343,25.0645924998421
3.65,3,2.99998196884616,25.0761208913406
3.652,3,2.99998232946923,25.1054182898772
3.654,3,2.99998268287985,25.1412987520626
3.656,3,2.99998302922225,25.1771481057696
3.658,3,2.99998336863781,25.2094426827531
3.66,3,2.99998370126505,25.2366544725018
3.662,3,2.99998402723975,25.2584703764904
3.664,3,2.99998434669496,25.2752560002321
3.666,3,2.99998465976106,25.2877027567709
3.668,3,2.99998496656583,25.2966075430463
3.67,3,2.99998526723452,25.2270459327474
3.672,3,2.99998556188983,25.1982096782781
3.674,3,2.99998585065203,25.1182356715493
3.676,3,2.99998613363899,25.0945865721055
3.678,3,2.99998641096621,25.1033045133453
3.68,3,2.99998668274689,25.1284204375269
3.682,3,2.99998694909195,25.1598010774439
3.684,3,2.99998721011011,25.1914249774503
3.686,3,2.99998746590791,25.220057432188
3.688,3,2.99998771658975,25.2442689102769
3.69,3,2.99998796225796,25.2637335051007
3.692,3,2.9999882030128,25.2787459387994
3.694,3,2.99998843895254,25.2899027706687
3.696,3,2.99998867017349,25.2979026243598
3.698,3,2.99998889677002,25.3034295938054
3.7,3,2.99998911883462,25.3070925081891
3.702,3,2.99998933645793,25.3093999757957
3.704,3,2.99998954972877,25.3107569685613
3.706,3,2.99998975873419,25.3114732294204
3.708,3,2.99998996355951,25.3117771539127
3.71,3,2.99999016428832,25.3118312206473
3.712,3,2.99999036100255,25.3117467247117
3.714,3,2.9999905537825,25.3115966852778
3.716,3,2.99999074270685,25.2357275880585
3.718,3,2.99999092785271,25.2026712774506
3.72,3,2.99999110929566,25.1957056727505
3.722,3,2.99999128710975,25.2033393544437
3.724,3,2.99999146136755,25.2180040981999
3.726,3,2.9999916321402,25.2349705179079
3.728,3,2.9999917994974,25.251489694286
3.73,3,2.99999196350745,25.2661400189727
3.732,3,2.9999921242373,25.2783479253424
3.734,3,2.99999228175255,25.2880486393251
3.736,3,2.9999924361175,25.2954550727493
3.738,3,2.99999258739515,25.300907188612
3.74,3,2.99999273564725,25.3047791417791
3.742,3,2.9999928809343,25.3074263909356
3.744,3,2.99999302331562,25.3091593434241
3.746,3,2.99999316284931,25.3102337488101
3.748,3,2.99999329959232,25.3108509711516
3.75,3,2.99999343360047,25.3111635018085
3.752,3,2.99999356492846,25.3112827224649
3.754,3,2.99999369362989,25.3112871018122
3.756,3,2.9999938197573,25.2355308967966
3.758,3,2.99999394336215,25.2025541940187
3.76,3,2.99999406449491,25.1956425926306
3.762,3,2.99999418320501,25.2790102128305
3.764,3,2.99999429954091,25.2508896699034
3.766,3,2.99999441355009,25.1660979805009
3.768,3,2.99999452527909,25.1351562269805
3.77,3,2.99999463477351,25.1359815923177
3.772,3,2.99999474207804,25.2293629403553
3.774,3,2.99999484723648,-4935.71708813
3.776,3,2.99999495029175,-7091.30638663586
3.778,3,2.99999505128591,-7538.38053803898
3.78,3,2.99999515026019,-7030.2582613902
3.782,3,2.99999524725499,-6063.04166008273
3.784,3,2.99999534230989,-4946.4164181554
3.786,3,2.99999543546369,-3860.33158365467
3.788,3,2.99999552675442,-2897.72345707184
3.79,3,2.99999561621933,-2095.95988170518
3.792,3,2.99999570389494,-1459.09102069644
3.794,3,2.99999578981704,-973.077701900334
3.796,3,2.9999958740207,-615.393864164145
3.798,3,2.99999595654029,-361.438487501023
3.8,3,2.99999603740948,-187.856488872607
3.802,3,2.99999611666129,-74.2621847947976
3.804,3,2.99999619432807,-3.94088867032579
3.806,3,2.99999627044151,36.4420994831243
3.808,3,2.99999634503268,56.876060237229
3.81,3,2.99999641813202,64.6562616422323
3.812,3,2.99999648976938,64.9214849422869
3.814,3,2.99999655997399,61.1534750382632
3.816,3,2.99999662877452,55.6067950844119
3.818,3,2.99999669619902,49.65914696916
3.82,3,2.99999676227504,44.0847082147797
3.822,3,2.99999682702954,39.1837443221925
3.824,3,2.99999689048895,35.2769871173166
3.826,3,2.99999695267917,32.2859317114632
3.828,3,2.99999701362559,30.0026434999435
3.83,3,2.99999707335308,28.2463959817858
3.832,3,2.99999713188602,27.0202050978071
3.834,3,2.9999971892483,26.1219666476506
3.836,3,2.99999724546333,25.5629470062157
3.838,3,2.99999730055406,25.2399750379715
3.84,3,2.99999735454298,25.0747419555747
3.842,3,2.99999740745212,25.0099245761222
3.844,3,2.99999745930308,24.9293480912701
3.846,3,2.99999751011702,24.9997191194608
3.848,3,2.99999755991468,25.0679325156633
3.85,3,2.99999760871639,25.1282630499268
3.852,3,2.99999765654206,25.1784359833057
3.854,3,2.99999770341122,25.2182409187121
3.856,3,2.99999774934299,25.2485889508332
3.858,3,2.99999779435613,25.2708992428311
3.86,3,2.99999783846901,25.2867217989506
3.862,3,2.99999788169963,25.2975234098376
3.864,3,2.99999792406564,25.2288828117588
3.866,3,2.99999796558432,25.2760552746165
3.868,3,2.99999800627264,25.2289267754897
3.87,3,2.99999804614718,25.2118664342768
3.872,3,2.99999808522424,25.2882214223558
3.874,3,2.99999812351976,25.4068504037116
3.876,3,2.99999816104936,25.4606131453948
3.878,3,2.99999819782837,25.3987835129283
3.88,3,2.99999823387181,25.3571202016873
3.882,3,2.99999826919437,25.2546228481335
3.884,3,2.99999830381048,25.1298042967411
3.886,3,2.99999833773427,25.081101888512
3.888,3,2.99999837097959,25.0777920557743
3.89,3,2.99999840356,25.0990126368496
3.892,3,2.9999984354888,25.0555197592501
3.894,3,2.99999846677902,25.0575125519947
3.896,3,2.99999849744344,25.083562049441
3.898,3,2.99999852749457,25.1198678248118
3.9,3,2.99999855694468,25.1580591072321
3.902,3,2.99999858580578,25.1934864311808
3.904,3,2.99999861408967,25.1482445321844
3.906,3,2.99999864180788,25.1401531620672
3.908,3,2.99999866897172,25.1526693881353
3.91,3,2.99999869559228,25.1749384755081
3.912,3,2.99999872168044,25.2002100090504
3.914,3,2.99999874724683,25.1488893569486
3.916,3,2.99999877230189,25.1374930970866
3.918,3,2.99999879685585,25.2242085805548
3.92,3,2.99999882091874,25.2032818539909
3.922,3,2.99999884450036,25.2027235956246
3.924,3,2.99999886761036,25.137382175495
3.926,3,2.99999889025815,25.1196456240842
3.928,3,2.99999891245299,25.1290429620171
3.93,3,2.99999893420393,25.1519808638157
3.932,3,2.99999895551985,25.1798748409277
3.934,3,2.99999897640945,25.2076584186252
3.936,3,2.99999899688126,25.1569420834367
3.938,3,2.99999901694364,25.1450732787649
3.94,3,2.99999903660476,25.1550897452938
3.942,3,2.99999905587267,25.1757870577901
3.944,3,2.99999907475521,25.2001367545322
3.946,3,2.99999909326011,25.2240307180224
3.948,3,2.99999911139491,25.2453234406017
3.95,3,2.99999912916701,25.2631276496786
3.952,3,2.99999914658367,25.2773145456786
3.954,3,2.999999163652,25.2881724659533
3.956,3,2.99999918037896,25.2961837114129
3.958,3,2.99999919677138,25.3018864049638
3.96,3,2.99999921283595,25.305795323721
3.962,3,2.99999922857923,25.2326630724624
3.964,3,2.99999924400765,25.2770674469976
3.966,3,2.99999925912749,25.22836307984
3.968,3,2.99999927394494,25.2105181055635
3.97,3,2.99999928846604,25.2108888769777
3.972,3,2.99999930269672,25.2209358609371
3.974,3,2.99999931664279,25.2351506944863
3.976,3,2.99999933030993,25.2501849166361
3.978,3,2.99999934370373,25.2641722262119
3.98,3,2.99999935682966,25.3519197377523
3.982,3,2.99999936969307,25.3946376299082
3.984,3,2.99999938229921,25.4091292202795
3.986,3,2.99999939465322,25.4071400195211
3.988,3,2.99999940676016,25.3965594328126
3.99,3,2.99999941862495,25.3824421006969
3.992,3,2.99999943025245,25.3678322676355
3.994,3,2.99999944164741,25.3544017611836
3.996,3,2.99999945281446,25.3429256205813
3.998,3,2.99999946375817,25.4093231335103
4,3,2.999999474483,25.5106904360367
4.002,3,2.99999948499334,25.4693015708119
4.004,3,2.99999949529348,25.4315776147762
4.006,3,2.99999950538761,25.3238321101954
4.008,3,2.99999951527986,25.3407823504986
4.01,3,2.99999952497426,25.34684969058
4.012,3,2.99999953447477,25.3465153438666
4.014,3,2.99999954378528,25.3428005564911
4.016,3,2.99999955290957,25.261951003634
4.018,3,2.99999956185138,25.2236509200533
4.02,3,2.99999957061435,25.2118186787598
4.022,3,2.99999957920207,25.2909660519649
4.024,3,2.99999958761803,25.335114157463
4.026,3,2.99999959586566,25.3562430822407
4.028,3,2.99999960394835,25.3630126229629
4.03,3,2.99999961186938,25.2857585610459
4.032,3,2.999999619632,25.2470259151767
4.034,3,2.99999962723936,25.2326560080716
4.036,3,2.99999963469457,25.2326947944503
4.038,3,2.99999964200068,25.240412603089
4.04,3,2.99999964916066,25.2514632211405
4.042,3,2.99999965617745,25.2632002721013
4.044,3,2.9999996630539,25.2741449350207
4.046,3,2.99999966979282,25.283586894282
4.048,3,2.99999967639697,25.29129571385
4.05,3,2.99999968286903,25.2973195771057
4.052,3,2.99999968921165,25.3018504744005
4.054,3,2.99999969542741,25.3051381266223
4.056,3,2.99999970151887,25.3074383906588
4.058,3,2.99999970748849,25.2332862254288
4.06,3,2.99999971333872,25.2013863518727
4.062,3,2.99999971907194,25.1951641873116
4.064,3,2.99999972469051,25.2032477207206
4.066,3,2.9999997301967,25.2181613735114
4.068,3,2.99999973559276,25.2352449913969
4.07,3,2.99999974088091,25.2517995694937
4.072,3,2.99999974606329,25.266438187251
4.074,3,2.99999975114202,25.2786104233468
4.076,3,2.99999975611918,25.2882662100909
4.078,3,2.9999997609968,25.295627214517
4.08,3,2.99999976577686,25.2253391998246
4.082,3,2.99999977046133,25.1962840675164
4.084,3,2.9999997750521,25.1920823209154
4.086,3,2.99999977955106,25.2015473281268
4.088,3,2.99999978396003,25.1416665000332
4.09,3,2.99999978828083,25.1264187415587
4.092,3,2.99999979251522,25.1364746472962
4.094,3,2.99999979666491,25.1590302256793
4.096,3,2.99999980073162,25.1860246002367
4.098,3,2.99999980471698,25.2127215445104
4.1,3,2.99999980862264,25.1609260957076
4.102,3,2.99999981245019,25.1480886912989
4.104,3,2.99999981620119,25.1572910820872
4.106,3,2.99999981987716,25.1016381408644
4.108,3,2.99999982347962,25.168294289644
4.11,3,2.99999982701003,25.2178891749339
4.112,3,2.99999983046983,25.1777930980715
4.114,3,2.99999983386043,25.1695292019545
4.116,3,2.99999983718322,25.2547530542942
4.118,3,2.99999984043956,25.2300163573172
4.12,3,2.99999984363077,25.2247879973237
4.122,3,2.99999984675815,25.3061766014566
4.124,3,2.99999984982299,25.3500185312155
4.126,3,2.99999985282653,25.3695131974937
4.128,3,2.99999985577,25.298402710721
4.13,3,2.9999998586546,25.1859990314331
4.132,3,2.99999986148151,25.1383701512833
4.134,3,2.99999986425188,25.1299805827896
4.136,3,2.99999986696684,25.143341800022
4.138,3,2.9999998696275,25.0912831229689
4.14,3,2.99999987223495,25.0851788486946
4.142,3,2.99999987479025,25.1041803601289
4.144,3,2.99999987729445,25.1346931376456
4.146,3,2.99999987974856,25.1683323396228
4.148,3,2.99999988215359,25.2003185242466
4.15,3,2.99999988451052,25.2282663946501
4.152,3,2.99999988682031,25.2513026538391
4.154,3,2.9999998890839,25.2694464082737
4.156,3,2.99999989130222,25.2831907165625
4.158,3,2.99999989347618,25.2932326901034
4.16,3,2.99999989560665,25.2246105233408
4.162,3,2.99999989769452,25.1965155542377
4.164,3,2.99999989974063,25.1928029288273
4.166,3,2.99999990174582,25.2024576188883
4.168,3,2.9999999037109,25.2182870070465
4.17,3,2.99999990563668,25.2358465040746
4.172,3,2.99999990752395,25.1768965407884
4.174,3,2.99999990937347,25.2343669801717
4.176,3,2.999999911186,25.1968439283261
4.178,3,2.99999991296228,25.1880717516667
4.18,3,2.99999991470303,25.1954955900814
4.182,3,2.99999991640897,25.2108225919488
4.184,3,2.99999991808079,25.2288509201419
4.186,3,2.99999991971918,25.2465402961606
4.188,3,2.99999992132479,25.2623030682715
4.19,3,2.9999999228983,25.275482833883
4.192,3,2.99999992444033,25.2859845255089
4.194,3,2.99999992595153,25.294021767583
4.196,3,2.9999999274325,25.2999516980759
4.198,3,2.99999992888385,25.3041727296145
4.2,3,2.99999993030617,25.3070659611107
4.202,3,2.99999993170005,25.3089656466837
4.204,3,2.99999993306604,25.3101480728141
4.206,3,2.99999993440472,25.3108313487103
4.208,3,2.99999993571663,25.3111810363976
4.21,3,2.9999999370023,25.3113183389372
4.212,3,2.99999993826225,25.3113288445086
4.214,3,2.99999993949701,25.3112707038906
4.216,3,2.99999994070707,25.3111816987308
4.218,3,2.99999994189292,25.3110850207651
4.22,3,2.99999994305507,25.3109937933205
4.222,3,2.99999994419396,25.3109144759326
4.224,3,2.99999994531008,25.3108493374106
4.226,3,2.99999994640388,25.3107981881075
4.228,3,2.99999994747581,25.3107595462206
4.23,3,2.99999994852629,25.3107313872062
4.232,3,2.99999994955576,25.3107115969417
4.234,3,2.99999995056465,25.3106982221931
4.236,3,2.99999995155336,25.2349906706166
4.238,3,2.99999995252229,25.2777921461709
4.24,3,2.99999995347184,25.303860490999
4.242,3,2.99999995440241,25.318433731287
4.244,3,2.99999995531436,25.249740435325
4.246,3,2.99999995620807,25.2948262342444
4.248,3,2.99999995708391,25.3204314045808
4.25,3,2.99999995794223,25.3331221922747
4.252,3,2.99999995878339,25.3376743796427
4.254,3,2.99999995960772,25.2617387885267
4.256,3,2.99999996041556,25.226079820164
4.258,3,2.99999996120725,25.2154161234098
4.26,3,2.99999996198311,25.2191326042763
4.262,3,2.99999996274345,25.2301499285811
4.264,3,2.99999996348858,25.2439727646651
4.266,3,2.99999996421881,25.1822283489921
4.268,3,2.99999996493443,25.1619836141351
4.27,3,2.99999996563574,25.241563890709
4.272,3,2.99999996632303,25.2908186222198
4.274,3,2.99999996699657,25.3190422419139
4.276,3,2.99999996765663,25.3332663161907
4.278,3,2.9999999683035,25.2629229241891
4.28,3,2.99999996893743,25.2301288992675
4.282,3,2.99999996955868,25.2205931891006
4.284,3,2.99999997016751,25.3000990847541
4.286,3,2.99999997076416,25.3435369635734
4.288,3,2.99999997134888,25.2877569735151
4.29,3,2.9999999719219,25.2602772684899
4.292,3,2.99999997248346,25.2505996786923
4.294,3,2.99999997303379,25.2513694833038
4.296,3,2.99999997357312,25.2576339597981
4.298,3,2.99999997410165,25.2662099677582
4.3,3,2.99999997461962,25.2751720878868
4.302,3,2.99999997512723,25.2834555608379
4.304,3,2.99999997562468,25.290559626747
4.306,3,2.99999997611219,25.296333678572
4.308,3,2.99999997658995,25.3008286783575
4.31,3,2.99999997705815,25.3041980369187
4.312,3,2.99999997751698,25.3066346506749
4.314,3,2.99999997796664,25.3083334320259
4.316,3,2.99999997840731,25.3094711312293
4.318,3,2.99999997883917,25.3101973697651
4.32,3,2.99999997926238,25.3106325367492
4.322,3,2.99999997967713,25.3865684700718
4.324,3,2.99999998008359,25.343869707604
4.326,3,2.99999998048192,25.3178269307807
4.328,3,2.99999998087228,25.3032356005568
4.33,3,2.99999998125484,25.2961903954879
4.332,3,2.99999998162974,25.2938641889009
4.334,3,2.99999998199714,25.2942837838921
4.336,3,2.9999999823572,25.2961260536379
4.338,3,2.99999998271006,25.298545082151
4.34,3,2.99999998305586,25.3010328952977
4.342,3,2.99999998339474,25.3033118477388
4.344,3,2.99999998372684,25.3052545101046
4.346,3,2.99999998405231,25.3068261263626
4.348,3,2.99999998437126,25.3080447850531
4.35,3,2.99999998468384,25.3089549666713
4.352,3,2.99999998499016,25.3096108340996
4.354,3,2.99999998529036,25.3100663672995
4.356,3,2.99999998558455,25.3103701210878
4.358,3,2.99999998587286,25.3105629653749
4.36,3,2.9999999861554,25.3106776387083
4.362,3,2.99999998643229,25.3107393127533
4.364,3,2.99999998670365,25.310766640097
4.366,3,2.99999998696957,25.3107729563572
4.368,3,2.99999998723018,25.2350685282439
4.37,3,2.99999998748558,25.2778639850187
4.372,3,2.99999998773587,25.3796209480436
4.374,3,2.99999998798115,25.4270748110785
4.376,3,2.99999998822153,25.3651913263446
4.378,3,2.9999999884571,25.2511157988202
4.38,3,2.99999998868795,25.1204697885151
4.382,3,2.9999999889142,25.0695814036457
4.384,3,2.99999998913591,25.0662430139702
4.386,3,2.99999998935319,25.0885882129568
4.388,3,2.99999998956613,25.1224227592373
4.39,3,2.99999998977481,25.1590441972401
4.392,3,2.99999998997931,25.1935372409548
4.394,3,2.99999999017972,25.1477921602632
4.396,3,2.99999999037613,25.1394771362717
4.398,3,2.99999999056861,25.1519408290706
4.4,3,2.99999999075724,25.1742538111103
4.402,3,2.99999999094209,25.1996163233674
4.404,3,2.99999999112325,25.224101694074
4.406,3,2.99999999130078,25.2457027554649
4.408,3,2.99999999147477,25.2636339368076
4.41,3,2.99999999164527,25.2021396493954
4.412,3,2.99999999181237,25.1800631186891
4.414,3,2.99999999197612,25.1811833713057
4.416,3,2.9999999921366,25.1945618015574
4.418,3,2.99999999229387,25.213156008798
4.42,3,2.99999999244799,25.1569972248093
4.422,3,2.99999999259903,25.1422210132263
4.424,3,2.99999999274705,25.1509687304825
4.426,3,2.99999999289211,25.1713962618428
4.428,3,2.99999999303427,25.1960354629467
4.43,3,2.99999999317358,25.2204885741286
4.432,3,2.99999999331011,25.2424290350842
4.434,3,2.99999999344391,25.2608642907043
4.436,3,2.99999999357503,25.2756110512083
4.438,3,2.99999999370353,25.2869356246456
4.44,3,2.99999999382946,25.2953177652865
4.442,3,2.99999999395287,25.3013036890794
4.444,3,2.99999999407381,25.3054211406069
4.446,3,2.99999999419233,25.308135929044
4.448,3,2.99999999430849,25.3098348655046
4.45,3,2.99999999442232,25.3865233795457
4.452,3,2.99999999453387,25.3442303504224
4.454,3,2.99999999464319,25.3183683203992
4.456,3,2.99999999475033,25.3038199330483
4.458,3,2.99999999485532,25.372438871893
4.46,3,2.99999999495822,25.4029320725562
4.462,3,2.99999999505905,25.3343877965697
4.464,3,2.99999999515787,25.2954997769687
4.466,3,2.99999999525471,25.3519617624142
4.468,3,2.99999999534962,25.3779937713567
4.47,3,2.99999999544263,25.385230975509
4.472,3,2.99999999553377,25.3060334126119
4.474,3,2.9999999956231,25.3399623438512
4.476,3,2.99999999571064,25.2794648947044
4.478,3,2.99999999579642,25.2502881916834
4.48,3,2.9999999958805,25.2406916290237
4.482,3,2.99999999596289,25.3181814410467
4.484,3,2.99999999604363,25.2830607504824
4.486,3,2.99999999612276,25.2670602760856
4.488,3,2.9999999962003,25.3385329812376
4.49,3,2.99999999627629,25.3738942141014
4.492,3,2.99999999635077,25.3865104579128
4.494,3,2.99999999642375,25.3857536871692
4.496,3,2.99999999649528,25.4536399077634
4.498,3,2.99999999656537,25.4757281951821
4.5,3,2.99999999663406,25.3955176514078
4.502,3,2.99999999670138,25.3443757937083
4.504,3,2.99999999676736,25.2380822130536
4.506,3,2.99999999683201,25.2642698084154
4.508,3,2.99999999689537,25.2828140779553
4.51,3,2.99999999695746,25.2954526085341
4.512,3,2.99999999701831,25.3036947708137
4.514,3,2.99999999707795,25.3087792795269
4.516,3,2.99999999713639,25.3116782768868
4.518,3,2.99999999719366,25.313125819552
4.52,3,2.99999999724979,25.3136565662446
4.522,3,2.99999999730479,25.3136460861385
4.524,3,2.9999999973587,25.3133480531789
4.526,3,2.99999999741152,25.3129261090184
4.528,3,2.99999999746329,25.2367808207884
4.53,3,2.99999999751403,25.2034732926426
4.532,3,2.99999999756374,25.2719934983482
4.534,3,2.99999999761247,25.3123476145845
4.536,3,2.99999999766022,25.2580015987935
4.538,3,2.99999999770702,25.2342232400522
4.54,3,2.99999999775288,25.2290906722986
4.542,3,2.99999999779782,25.2344067790761
4.544,3,2.99999999784186,25.2447695382709
4.546,3,2.99999999788502,25.2568004564659
4.548,3,2.99999999792732,25.1928345309561
4.55,3,2.99999999796878,25.1703584780447
4.552,3,2.9999999980094,25.1722235113191
4.554,3,2.99999999804921,25.1868833683294
4.556,3,2.99999999808823,25.1312197576274
4.558,3,2.99999999812646,25.1192517111142
4.56,3,2.99999999816394,25.1317637475405
4.562,3,2.99999999820066,25.1560939049815
4.564,3,2.99999999823664,25.1843243049508
4.566,3,2.99999999827191,25.2875470396462
4.568,3,2.99999999830647,25.2691708787035
4.57,3,2.99999999834034,25.2634696197325
4.572,3,2.99999999837354,25.2650894289167
4.574,3,2.99999999840607,25.270453031455
4.576,3,2.99999999843794,25.2772834933232
4.578,3,2.99999999846919,25.2842219587598
4.58,3,2.9999999984998,25.2148342959441
4.582,3,2.99999999852981,25.1872960321458
4.584,3,2.99999999855921,25.2604890952527
4.586,3,2.99999999858803,25.3044702618972
4.588,3,2.99999999861626,25.2528356869034
4.59,3,2.99999999864394,25.231012948859
4.592,3,2.99999999867106,25.227239979419
4.594,3,2.99999999869764,25.2334636928172
4.596,3,2.99999999872369,25.2444034752463
4.598,3,2.99999999874921,25.2567781966068
4.6,3,2.99999999877423,25.2686967048017
4.602,3,2.99999999879874,25.2791956462543
4.604,3,2.99999999882277,25.2879014574359
4.606,3,2.99999999884631,25.2947919256387
4.608,3,2.99999999886939,25.3757332916852
4.61,3,2.999999998892,25.336772862071
4.612,3,2.99999999891416,25.3134238299191
4.614,3,2.99999999893588,25.3007033982212
4.616,3,2.99999999895716,25.2949056921231
4.618,3,2.99999999897802,25.2933714588117
4.62,3,2.99999999899845,25.3699608895584
4.622,3,2.99999999901849,25.4806475158881
4.624,3,2.99999999903812,25.5228918364494
4.626,3,2.99999999905735,25.5244727311979
4.628,3,2.99999999907621,25.4285165607003
4.63,3,2.99999999909468,25.2143242901957
4.632,3,2.99999999911279,25.1096251888346
4.634,3,2.99999999913053,25.0736422579297
4.636,3,2.99999999914792,25.0778508056649
4.638,3,2.99999999916496,25.02737554157
4.64,3,2.99999999918166,25.0284229833818
4.642,3,2.99999999919803,25.0568394362005
4.644,3,2.99999999921407,25.0970447105582
4.646,3,2.99999999922979,25.1395677934513
4.648,3,2.99999999924519,25.1791298935044
4.65,3,2.99999999926029,25.2132085470054
4.652,3,2.99999999927508,25.240999947159
4.654,3,2.99999999928958,25.2626960236863
4.656,3,2.99999999930379,25.2790006996415
4.658,3,2.99999999931772,25.2908214232981
4.66,3,2.99999999933136,25.2990846029286
4.662,3,2.99999999934473,25.3046353236225
4.664,3,2.99999999935784,25.3081919016316
4.666,3,2.99999999937068,25.3103341639038
4.668,3,2.99999999938327,25.2358119492898
4.67,3,2.9999999993956,25.2034654829826
4.672,3,2.99999999940769,25.1967999889684
4.674,3,2.99999999941954,25.2044856878085
4.676,3,2.99999999943115,25.2190650290258
4.678,3,2.99999999944252,25.2358812016253
4.68,3,2.99999999945367,25.2522303839571
4.682,3,2.9999999994646,25.2667169630856
4.684,3,2.99999999947531,25.2787806166892
4.686,3,2.9999999994858,25.2883617088216
4.688,3,2.99999999949609,25.2956734600342
4.69,3,2.99999999950616,25.3010535364936
4.692,3,2.99999999951604,25.3048726336184
4.694,3,2.99999999952572,25.307482472164
4.696,3,2.99999999953521,25.3091899419686
4.698,3,2.9999999995445,25.3102477397936
4.7,3,2.99999999955361,25.3108547259731
4.702,3,2.99999999956254,25.23546251035
4.704,3,2.99999999957129,25.2783855572732
4.706,3,2.99999999957986,25.3044601577656
4.708,3,2.99999999958826,25.2432786312182
4.71,3,2.9999999995965,25.2173086127735
4.712,3,2.99999999960457,25.2126768383363
4.714,3,2.99999999961248,25.2198799532795
4.716,3,2.99999999962023,25.2326826231412
4.718,3,2.99999999962782,25.2472074552642
4.72,3,2.99999999963527,25.1855180992885
4.722,3,2.99999999964256,25.2406769551142
4.724,3,2.99999999964971,25.2012985757001
4.726,3,2.99999999965672,25.1910974649299
4.728,3,2.99999999966358,25.1974607563635
4.73,3,2.99999999967031,25.2120283105092
4.732,3,2.9999999996769,25.2295326944114
4.734,3,2.99999999968337,25.2468754100038
4.736,3,2.9999999996897,25.2624202651174
4.738,3,2.99999999969591,25.3511711861563
4.74,3,2.99999999970199,25.3944979847365
4.742,3,2.99999999970795,25.4093280321429
4.744,3,2.99999999971379,25.4074996779009
4.746,3,2.99999999971951,25.3969693592019
4.748,3,2.99999999972512,25.3828383723466
4.75,3,2.99999999973062,25.3681821480058
4.752,3,2.99999999973601,25.2789934558041
4.754,3,2.99999999974129,25.3102637600846
4.756,3,2.99999999974646,25.3269787565485
4.758,3,2.99999999975153,25.3342830225276
4.76,3,2.9999999997565,25.3358484967113
4.762,3,2.99999999976137,25.2585005695725
4.764,3,2.99999999976614,25.2224081298145
4.766,3,2.99999999977082,25.2875746010412
4.768,3,2.9999999997754,25.3246026814442
4.77,3,2.9999999997799,25.3429725832523
4.772,3,2.9999999997843,25.349580732837
4.774,3,2.99999999978861,25.3492652077491
4.776,3,2.99999999979284,25.2695901378773
4.778,3,2.99999999979698,25.3068612649723
4.78,3,2.99999999980104,25.3271117691742
4.782,3,2.99999999980502,25.3362880731739
4.784,3,2.99999999980892,25.3386538449973
4.786,3,2.99999999981274,25.3371546849546
4.788,3,2.99999999981649,25.3337426682059
4.79,3,2.99999999982016,25.3296474509002
4.792,3,2.99999999982376,25.3255921264058
4.794,3,2.99999999982728,25.321958317617
4.796,3,2.99999999983074,25.3189079075028
4.798,3,2.99999999983412,25.3164696344369
4.8,3,2.99999999983744,25.3145984064843
4.802,3,2.99999999984069,25.3132142150937
4.804,3,2.99999999984388,25.3122263303742
4.806,3,2.999999999847,25.3115472603974
4.808,3,2.99999999985006,25.3110998748544
4.81,3,2.99999999985306,25.3108201808047
4.812,3,2.999999999856,25.3106575061264
4.814,3,2.99999999985888,25.3105732826199
4.816,3,2.9999999998617,25.2348402848635
4.818,3,2.99999999986446,25.2776430347556
4.82,3,2.99999999986718,25.3037267757793
4.822,3,2.99999999986983,25.3183214226258
4.824,3,2.99999999987244,25.3253495429387
4.826,3,2.99999999987499,25.3276494727613
4.828,3,2.99999999987749,25.3272012931535
4.83,3,2.99999999987994,25.325332029412
4.832,3,2.99999999988234,25.2471906015599
4.834,3,2.99999999988469,25.21179130889
4.836,3,2.999999999887,25.2026762931849
4.838,3,2.99999999988926,25.2084759161367
4.84,3,2.99999999989147,25.2216557642744
4.842,3,2.99999999989364,25.2374700187353
4.844,3,2.99999999989577,25.2531281589681
4.846,3,2.99999999989785,25.2671576611347
4.848,3,2.9999999998999,25.2789341018669
4.85,3,2.9999999999019,25.2883469010263
4.852,3,2.99999999990386,25.2955703783203
4.854,3,2.99999999990578,25.3009135600566
4.856,3,2.99999999990767,25.3047267996905
4.858,3,2.99999999990952,25.3073479081987
4.86,3,2.99999999991132,25.3090746681838
4.862,3,2.9999999999131,25.3101541287802
4.864,3,2.99999999991484,25.3107819047892
4.866,3,2.99999999991654,25.2354079616603
4.868,3,2.99999999991821,25.2783461353886
4.87,3,2.99999999991984,25.3801316100958
4.872,3,2.99999999992145,25.3518513578258
4.874,3,2.99999999992302,25.3327089083876
4.876,3,2.99999999992456,25.2446291873628
4.878,3,2.99999999992607,25.1284845874595
4.88,3,2.99999999992755,25.0845374614924
4.882,3,2.999999999929,25.0834241123343
4.884,3,2.99999999993041,25.0295610996489
4.886,3,2.99999999993181,25.0285864562449
4.888,3,2.99999999993317,25.055908580162
4.89,3,2.99999999993451,25.0956222199081
4.892,3,2.99999999993582,25.0623246351447
4.894,3,2.9999999999371,25.0690820391909
4.896,3,2.99999999993836,25.0965302093929
4.898,3,2.99999999993959,25.132301864092
4.9,3,2.9999999999408,25.1689811578793
4.902,3,2.99999999994198,25.2025243121359
4.904,3,2.99999999994314,25.2310846707917
4.906,3,2.99999999994428,25.178470444071
4.908,3,2.9999999999454,25.2391638195061
4.91,3,2.99999999994649,25.2785847559611
4.912,3,2.99999999994756,25.3027723382274
4.914,3,2.99999999994861,25.2407512169985
4.916,3,2.99999999994963,25.2145829645911
4.918,3,2.99999999995064,25.2101145006414
4.92,3,2.99999999995163,25.2176575868599
4.922,3,2.9999999999526,25.2308608713635
4.924,3,2.99999999995354,25.2457791146599
4.926,3,2.99999999995447,25.2601394184504
4.928,3,2.99999999995538,25.2727849184954
4.93,3,2.99999999995628,25.2832680082931
4.932,3,2.99999999995715,25.291563441201
4.934,3,2.99999999995801,25.2978736685534
4.936,3,2.99999999995885,25.3025025712329
4.938,3,2.99999999995967,25.3057781214663
4.94,3,2.99999999996048,25.3080087676495
4.942,3,2.99999999996127,25.3094621052525
4.944,3,2.99999999996204,25.3103575359677
4.946,3,2.9999999999628,25.3108671100355
4.948,3,2.99999999996355,25.3111206487804
4.95,3,2.99999999996427,25.3112126438219
4.952,3,2.99999999996499,25.3112094227008
4.954,3,2.99999999996569,25.3111557493421
4.956,3,2.99999999996637,25.3110804717258
4.958,3,2.99999999996705,25.31100110412
4.96,3,2.99999999996771,25.3109273889621
4.962,3,2.99999999996835,25.3108639631369
4.964,3,2.99999999996898,25.3108122835582
4.966,3,2.9999999999696,25.3107719677583
4.968,3,2.99999999997021,25.2350427725648
4.97,3,2.99999999997081,25.2021286476077
4.972,3,2.99999999997139,25.1952924130473
4.974,3,2.99999999997196,25.278734780885
4.976,3,2.99999999997253,25.3263801958186
4.978,3,2.99999999997307,25.3502359262073
4.98,3,2.99999999997361,25.3590523077576
4.982,3,2.99999999997414,25.3589794256617
4.984,3,2.99999999997466,25.3541738981038
4.986,3,2.99999999997517,25.3473191662175
4.988,3,2.99999999997566,25.3400483143097
4.99,3,2.99999999997615,25.3332731876285
4.992,3,2.99999999997663,25.3274310644826
4.994,3,2.99999999997709,25.3983619396802
4.996,3,2.99999999997755,25.4275293822214
4.998,3,2.999999999978,25.3558505424298
5,1,2.99999999997844,25.3131728559384
5.002,1,2.95999999997887,25.2901709748463
5.004,1,2.92079999997929,25.2799306121525
5.006,1,2.88238399997971,25.277505493885
5.008,1,2.84473631998011,25.2037879690482
5.01,1,2.80784159358051,25.0236333756777
5.012,1,2.7716847617089,24.42601149773
5.014,1,2.73625106647472,23.6647750686627
5.016,1,2.70152604514523,22.8157299348941
5.018,1,2.66749552424232,21.9279628555433
5.02,1,2.63414561375748,21.0314690531833
5.022,1,2.60146270148233,20.1431035544735
5.024,1,2.56943344745268,19.2710513860848
5.026,1,2.53804477850363,18.4180668197342
5.028,1,2.50728388293355,17.5837365620088
5.03,1,2.47713820527488,16.8416980522023
5.032,1,2.44759544116939,16.0707087968924
5.034,1,2.418643532346,15.4360752400674
5.036,1,2.39027066169908,14.8610847226105
5.038,1,2.3624652484651,14.2989468041236
5.04,1,2.33521594349579,13.7991428005324
5.042,1,2.30851162462588,13.3819045021412
5.044,1,2.28234139213336,12.974171862888
5.046,1,2.25669456429069,12.6117493286286
5.048,1,2.23156067300488,12.2335573194582
5.05,1,2.20692945954478,11.8842829337445
5.052,1,2.18279087035389,11.5848996958552
5.054,1,2.15913505294681,11.2659679088306
5.056,1,2.13595235188787,10.9680899579971
5.058,1,2.11323330485012,10.7108374851638
5.06,1,2.09096863875311,10.4249377814177
5.062,1,2.06914926597805,10.2276791932482
5.064,1,2.04776628065849,10.0971535204489
5.066,1,2.02681095504532,9.93939391304063
5.068,1,2.00627473594441,9.78268316577159
5.07,1,1.98614924122553,9.64199841136234
5.072,1,1.96642625640101,9.52374389516396
5.074,1,1.94709773127299,9.42912064500473
5.076,1,1.92815577664753,9.35643674769852
5.078,1,1.90959266111458,9.22692581427679
5.08,1,1.89140080789229,9.07989638972008
5.082,1,1.87357279173445,9.01373608183929
5.084,1,1.85610133589976,8.92152678740161
5.086,1,1.83897930918176,8.9002275396059
5.088,1,1.82219972299813,8.84314142667039
5.09,1,1.80575572853816,8.77260759556433
5.092,1,1.7896406139674,8.62616580759594
5.094,1,1.77384780168805,8.52940132887396
5.096,1,1.75837084565429,8.46867552798836
5.098,1,1.74320342874121,8.43315928399351
5.1,1,1.72833936016638,8.41459032463517
5.102,1,1.71377257296305,8.3311915813329
5.104,1,1.69949712150379,8.29715503372807
5.106,1,1.68550717907372,8.2927981438143
5.108,1,1.67179703549224,8.30469673317021
5.11,1,1.6583610947824,8.24838963495239
5.112,1,1.64519387288675,8.23697083080122
5.114,1,1.63228999542901,8.25061387628372
5.116,1,1.61964419552043,8.2005747024351
5.118,1,1.60725131161003,8.19721715894918
5.12,1,1.59510628537783,8.14338315659322
5.122,1,1.58320415967027,8.14364675432916
5.124,1,1.57154007647686,8.09703076540165
5.126,1,1.56010927494733,8.10571787314503
5.128,1,1.54890708944838,8.06733680917775
5.13,1,1.53792894765941,8.00764661437516
5.132,1,1.52717036870622,8.01818429519184
5.134,1,1.5166269613321,7.98942919198244
5.136,1,1.50629442210546,7.94256082323185
5.138,1,1.49616853366335,7.9663589319005
5.14,1,1.48624516299008,7.94978937136015
5.142,1,1.47652025973028,7.91333074157544
5.144,1,1.46698985453567,7.86986539631138
5.146,1,1.45765005744496,7.82695386235511
5.148,1,1.44849705629606,7.86427174209617
5.15,1,1.43952711517014,7.86498665190043
5.152,1,1.43073657286674,7.92181287420454
5.154,1,1.4221218414094,7.92725073287891
5.156,1,1.41367940458121,7.90475113960431
5.158,1,1.40540581648959,7.86957565612661
5.16,1,1.3972977001598,7.83111295033107
5.162,1,1.3893517461566,7.79469358371008
5.164,1,1.38156471123347,7.76295819208668
5.166,1,1.3739334170088,7.81255141508842
5.168,1,1.36645474866862,7.82491624456519
5.17,1,1.35912565369525,7.81621018616557
5.172,1,1.35194314062135,7.87282710419223
5.174,1,1.34490427780892,7.8829880615785
5.176,1,1.33800619225274,7.86737541933019
5.178,1,1.33124606840769,7.83956095837857
5.18,1,1.32462114703953,7.80798555066965
5.182,1,1.31812872409874,7.77752113875227
5.184,1,1.31176614961677,7.75065583713625
5.186,1,1.30553082662443,7.72836111383427
5.188,1,1.29942021009194,7.7864027843675
5.19,1,1.2934318058901,7.80585317160799
5.192,1,1.2875631697723,7.80280664886139
5.194,1,1.28181190637686,7.86376416041526
5.196,1,1.27617566824932,7.80143512194709
5.198,1,1.27065215488433,7.83091800513721
5.2,1,1.26523911178665,7.83074710328609
5.202,1,1.25993432955091,7.81478139283925
5.204,1,1.2547356429599,7.79196949497037
5.206,1,1.2496409301007,7.76775858992008
5.208,1,1.24464811149868,7.7451912416875
5.21,1,1.23975514926871,7.72572756133846
5.212,1,1.23496004628334,7.70983977402795
5.214,1,1.23026084535767,7.69742674813367
5.216,1,1.22565562845052,7.68809161412265
5.218,1,1.22114251588151,7.68131898168958
5.22,1,1.21671966556388,7.6765811311278
5.222,1,1.2123852722526,7.67339585242614
5.224,1,1.20813756680755,7.67135279398878
5.226,1,1.20397481547139,7.74581933755697
5.228,1,1.19989531916197,7.77803304659364
5.23,1,1.19589741277873,7.78453778285759
5.232,1,1.19197946452315,7.77669226230304
5.234,1,1.18813987523269,7.76196937224506
5.236,1,1.18437707772804,7.74503249535699
5.238,1,1.18068953617348,7.72858670270085
5.24,1,1.17707574545001,7.71402589543274
5.242,1,1.17353423054101,7.70190727410391
5.244,1,1.17006354593019,7.69228690917638
5.246,1,1.16666227501158,7.68494812992185
5.248,1,1.16332902951135,7.67955022199861
5.25,1,1.16006244892112,7.67571995700605
5.252,1,1.1568611999427,7.67310360590952
5.254,1,1.15372397594385,7.67139274857519
5.256,1,1.15064949642497,7.67033356384699
5.258,1,1.14763650649647,7.66972639439863
5.26,1,1.14468377636654,7.6694201689538
5.262,1,1.14179010083921,7.66930463291029
5.264,1,1.13895429882243,7.66930217719245
5.266,1,1.13617521284598,7.66936025933264
5.268,1,1.13345170858906,7.66944488834879
5.27,1,1.13078267441728,7.66953531985829
5.272,1,1.12816702092893,7.66961992007946
5.274,1,1.12560368051035,7.66969306129591
5.276,1,1.12309160690015,7.66975287371509
5.278,1,1.12062977476214,7.66979967584535
5.28,1,1.1182171792669,7.66983492158271
5.282,1,1.11585283568156,7.66986052672827
5.284,1,1.11353577896793,7.66987846429351
5.286,1,1.11126506338857,7.66989054306649
5.288,1,1.1090397621208,7.66989830574899
5.29,1,1.10685896687838,7.66990300090612
5.292,1,1.10472178754082,7.66990559703622
5.294,1,1.10262735179,7.66990681771765
5.296,1,1.1005748047542,7.66990718452071
5.298,1,1.09856330865912,7.66990705982584
5.3,1,1.09659204248593,7.66990668536641
5.302,1,1.09466020163622,7.66990621468801
5.304,1,1.09276699760349,7.66990573915853
5.306,1,1.09091165765142,7.66990530797556
5.308,1,1.08909342449839,7.74560386067116
5.31,1,1.08731155600843,7.77849575523002
5.312,1,1.08556532488826,7.86101535653117
5.314,1,1.08385401839049,7.81045472234351
5.316,1,1.08217693802268,7.76962351236883
5.318,1,1.08053339926223,7.73801000141069
5.32,1,1.07892273127698,7.71443158237334
5.322,1,1.07734427665144,7.69746464629075
5.324,1,1.07579739111841,7.68569758431564
5.326,1,1.07428144329605,7.67786450638493
5.328,1,1.07279581443013,7.67290215939835
5.33,1,1.07133989814152,7.66996027705573
5.332,1,1.06991310017869,7.66838607753495
5.334,1,1.06851483817512,7.66769650657013
5.336,1,1.06714454141162,7.66754668576341
5.338,1,1.06580165058338,7.66769945151744
5.34,1,1.06448561757172,7.66799848188437
5.342,1,1.06319590522028,7.66834598879852
5.344,1,1.06193198711588,7.66868504630377
5.346,1,1.06069334737356,7.66898613487076
5.348,1,1.05947948042609,7.74493617947017
5.35,1,1.05828989081757,7.77802806936093
5.352,1,1.05712409300121,7.78500155111491
5.354,1,1.05598161114119,7.77736019795383
5.356,1,1.05486197891837,7.76268024925596
5.358,1,1.05376473934,7.74569610835449
5.36,1,1.0526894445532,7.72915961810616
5.362,1,1.05163565566213,7.7144939055482
5.364,1,1.05060294254889,7.70227315698926
5.366,1,1.04959088369791,7.69256222567253
5.368,1,1.04859906602396,7.68514798292202
5.37,1,1.04762708470348,7.67969011245545
5.372,1,1.04667454300941,7.67581406823845
5.374,1,1.04574105214922,7.67316401882436
5.376,1,1.04482623110624,7.67142923071585
5.378,1,1.04392970648411,7.67035368523161
5.38,1,1.04305111235443,7.66973580617391
5.382,1,1.04219009010734,7.66942294136009
5.384,1,1.04134628830519,7.66930359151739
5.386,1,1.04051936253909,7.66929920502724
5.388,1,1.03970897528831,7.66935655100253
5.39,1,1.03891479578254,7.66944115348584
5.392,1,1.03813649986689,7.66953193946416
5.394,1,1.03737376986955,7.66961706232304
5.396,1,1.03662629447216,7.66969076426412
5.398,1,1.03589376858272,7.66975110237463
5.4,1,1.03517589321106,7.66979835963299
5.402,1,1.03447237534684,7.66983397795387
5.404,1,1.03378292783991,7.6698598748969
5.406,1,1.03310726928311,7.66987803238437
5.408,1,1.03244512389745,7.66989027104951
5.41,1,1.0317962214195,7.66989814583535
5.412,1,1.03116029699111,7.66990291654944
5.414,1,1.03053709105128,7.66990556129315
5.416,1,1.02992634923026,7.66990681142359
5.418,1,1.02932782224565,7.66990719455011
5.42,1,1.02874126580074,7.66990707756913
5.422,1,1.02816644048473,7.66990670547168
5.424,1,1.02760311167503,7.66990623406834
5.426,1,1.02705104944153,7.66990575623963
5.428,1,1.0265100284527,7.66990532214478
5.43,1,1.02597982788365,7.66990495421267
5.432,1,1.02546023132597,7.66990465787267
5.434,1,1.02495102669945,7.66990442895375
5.436,1,1.02445200616546,7.66990425857793
5.438,1,1.02396296604216,7.66990413623313
5.44,1,1.02348370672131,7.66990405157385
5.442,1,1.02301403258689,7.66990399536426
5.444,1,1.02255375193515,7.66990395987208
5.446,1,1.02210267689645,7.66990393892965
5.448,1,1.02166062335852,7.66990392781212
5.45,1,1.02122741089135,7.66990392303072
5.452,1,1.02080286267352,7.66990392209951
5.454,1,1.02038680542005,7.66990392331325
5.456,1,1.01997906931165,7.66990392555085
5.458,1,1.01957948792541,7.66990392811376
5.46,1,1.01918789816691,7.66990393059698
5.462,1,1.01880414020357,7.66990393279259
5.464,1,1.0184280573995,7.66990393461828
5.466,1,1.01805949625151,7.59420501838985
5.468,1,1.01769830632648,7.56131283127561
5.47,1,1.01734434019995,7.55449192181545
5.472,1,1.01699745339595,7.56224565857398
5.474,1,1.01665750432803,7.57700547006332
5.476,1,1.01632435424147,7.59404425121609
5.478,1,1.01599786715664,7.61061654004466
5.48,1,1.01567790981351,7.62530447144911
5.482,1,1.01536435161724,7.63753800510096
5.484,1,1.01505706458489,7.64725542950675
5.486,1,1.01475592329319,7.57897325187229
5.488,1,1.01446080482733,7.62723797201932
5.49,1,1.01417158873078,7.65718413506384
5.492,1,1.01388815695617,7.67440710405727
5.494,1,1.01361039381704,7.60744719023012
5.496,1,1.0133381859407,7.57790777107423
5.498,1,1.01307142222189,7.57123673398388
5.5,1,1.01280999377745,7.57741773737495
5.502,1,1.0125537939019,7.58984152854493
5.504,1,1.01230271802386,7.60436785359067
5.506,1,1.01205666366339,7.618581578576
5.508,1,1.01181553039012,7.63122578385452
5.51,1,1.01157921978232,7.64178517348403
5.512,1,1.01134763538667,7.6501907498987
5.514,1,1.01112068267894,7.65661829579396
5.516,1,1.01089826902536,7.66135676393698
5.518,1,1.01068030364485,7.66472693194156
5.52,1,1.01046669757195,7.66703488724656
5.522,1,1.01025736362052,7.66854867473269
5.524,1,1.01005221634811,7.6694895996631
5.526,1,1.00985117202114,7.67003220334472
5.528,1,1.00965414858072,7.67030886556877
5.53,1,1.00946106560911,7.6704164198497
5.532,1,1.00927184429692,7.67042318900947
5.534,1,1.00908640741099,7.67037555050928
5.536,1,1.00890467926277,7.67030360306678
5.538,1,1.00872658567751,7.67022579479655
5.54,1,1.00855205396396,7.67015254084649
5.542,1,1.00838101288468,7.67008894517762
5.544,1,1.00821339262699,7.67003677603572
5.546,1,1.00804912477445,7.66999584851294
5.548,1,1.00788814227896,7.66996495451129
5.55,1,1.00773037943338,7.66994245959303
5.552,1,1.00757577184471,7.66992666330399
5.554,1,1.00742425640782,7.66991599781807
5.556,1,1.00727577127966,7.66990912076569
5.558,1,1.00713025585407,7.66990494247932
5.56,1,1.00698765073699,7.66990261558065
5.562,1,1.00684789772225,7.66990150551514
5.564,1,1.0067109397678,7.6699011538354
5.566,1,1.00657672097245,7.66990124124333
5.568,1,1.006445186553,7.66990155415023
5.57,1,1.00631628282194,7.6699019564126
5.572,1,1.0061899571655,7.66990236661852
5.574,1,1.00606615802219,7.66990274057417
5.576,1,1.00594483486174,7.66990305829305
5.578,1,1.00582593816451,7.6699033146683
5.58,1,1.00570941940122,7.66990351303132
5.582,1,1.0055952310132,7.66990366088395
5.584,1,1.00548332639293,7.66990376721157
5.586,1,1.00537365986507,7.66990384090357
5.588,1,1.00526618666777,7.66990388992086
5.59,1,1.00516086293442,7.66990392094354
5.592,1,1.00505764567573,7.66990393930938
5.594,1,1.00495649276221,7.74560286679051
5.596,1,1.00485736290697,7.77849505928066
5.598,1,1.00476021564883,7.70961705277599
5.6,1,1.00466501133585,7.66897112738836
5.602,1,1.00457171110914,7.64739040412527
5.604,1,1.00448027688695,7.63810535721949
5.606,1,1.00439067134921,7.63629287751151
5.608,1,1.00430285792223,7.71434264287753
5.61,1,1.00421680076379,7.67587466690539
5.612,1,1.00413246474851,7.73047281230659
5.614,1,1.00404981545354,7.67790822900086
5.616,1,1.00396881914447,7.64909030912722
5.618,1,1.00388944276158,7.63577854730374
5.62,1,1.00381165390635,7.63204863241952
5.622,1,1.00373542082822,7.63379597591414
5.624,1,1.00366071241166,7.63829138898782
5.626,1,1.00358749816342,7.64380841901404
5.628,1,1.00351574820015,7.64932567572982
5.63,1,1.00344543323615,7.65429852190697
5.632,1,1.00337652457143,7.6584902830406
5.634,1,1.00330899408,7.66185185207183
5.636,1,1.0032428141984,7.664438981333
5.638,1,1.00317795791443,7.66635783263175
5.64,1,1.00311439875614,7.66773096882931
5.642,1,1.00305211078102,7.66867760151301
5.644,1,1.0029910685654,7.66930338962738
5.646,1,1.00293124719409,7.66969633760081
5.648,1,1.00287262225021,7.66992635061984
5.65,1,1.00281516980521,7.67004678382015
5.652,1,1.0027588664091,7.67009690175425
5.654,1,1.00270368908092,7.67010458048795
5.656,1,1.0026496152993,7.67008887238176
5.658,1,1.00259662299332,7.67006224452148
5.66,1,1.00254469053345,7.59433350453416
5.662,1,1.00249379672278,7.63711165171449
5.664,1,1.00244392078832,7.66315782953812
5.666,1,1.00239504237256,7.67771170987032
5.668,1,1.00234714152511,7.68470137912514
5.67,1,1.0023001986946,7.68696788747999
5.672,1,1.00225419472071,7.68649226679597
5.674,1,1.0022091108263,7.68460145910438
5.676,1,1.00216492860977,7.60644375800784
5.678,1,1.00212163003758,7.64673152626456
5.68,1,1.00207919743683,7.59480144948192
5.682,1,1.00203761348809,7.57452416479838
5.684,1,1.00199686121833,7.57312573311542
5.686,1,1.00195692399396,7.58193170235336
5.688,1,1.00191778551408,7.59530963941303
5.69,1,1.0018794298038,7.6098050430731
5.692,1,1.00184184120772,7.62346565139352
5.694,1,1.00180500438357,7.63533289101983
5.696,1,1.0017689042959,7.64507264005667
5.698,1,1.00173352620998,7.65271671648473
5.7,1,1.00169885568578,7.65848892054542
5.702,1,1.00166487857206,7.66269333102127
5.704,1,1.00163158100062,7.66564682059169
5.706,1,1.00159894938061,7.66764180968216
5.708,1,1.001566970393,7.66892881980795
5.71,1,1.00153563098514,7.66971130611066
5.712,1,1.00150491836544,7.6701475472827
5.714,1,1.00147481999813,7.5946571943536
5.716,1,1.00144532359816,7.56183158716513
5.718,1,1.0014164171262,7.55499497959102
5.72,1,1.00138808878368,7.56269069615566
5.722,1,1.001360327008,7.57737564728533
5.724,1,1.00133312046784,7.59433797716601
5.726,1,1.00130645805849,7.61084051187079
5.728,1,1.00128032889732,7.62546914458974
5.73,1,1.00125472231937,7.56195588936315
5.732,1,1.00122962787298,7.53874407228811
5.734,1,1.00120503531552,7.53931227403317
5.736,1,1.00118093460921,7.55250412528082
5.738,1,1.00115731591703,7.57112504114974
5.74,1,1.00113416959869,7.59080297439322
5.742,1,1.00111148620671,7.60910238503577
5.744,1,1.00108925648258,7.62486067507761
5.746,1,1.00106747135293,7.6377087349265
5.748,1,1.00104612192587,7.64773698009792
5.75,1,1.00102519948735,7.65527192554515
5.752,1,1.00100469549761,7.66073375091883
5.754,1,1.00098460158765,7.66455110869433
5.756,1,1.0009649095559,7.66711486283256
5.758,1,1.00094561136478,7.66875715137865
5.76,1,1.00092669913749,7.74544493613409
5.762,1,1.00090816515474,7.77887998371589
5.764,1,1.00089000185164,7.7859523597882
5.766,1,1.00087220181461,7.77826989694915
5.768,1,1.00085475777832,7.76347824449387
5.77,1,1.00083766262275,7.74635578312966
5.772,1,1.0008209093703,7.65398151414785
5.774,1,1.00080449118289,7.60629816910182
5.776,1,1.00078840135923,7.58715060081118
5.778,1,1.00077263333205,7.58510836520576
5.78,1,1.00075718066541,7.59238841377798
5.782,1,1.0007420370521,7.60392067959544
5.784,1,1.00072719631106,7.61658207846118
5.786,1,1.00071265238484,7.62859591166463
5.788,1,1.00069839933714,7.6390787389807
5.79,1,1.0006844313504,7.64771060603166
5.792,1,1.00067074272339,7.65450359260206
5.794,1,1.00065732786892,7.65964562997521
5.796,1,1.00064418131154,7.66339986702591
5.798,1,1.00063129768531,7.66604358760102
5.8,1,1.0006186717316,7.66783424562746
5.802,1,1.00060629829697,7.59329439417307
5.804,1,1.00059417233103,7.56111010626029
5.806,1,1.00058228888441,7.55468666344183
5.808,1,1.00057064310672,7.63833203058493
5.81,1,1.00055923024459,7.68604854630332
5.812,1,1.0005480456397,7.70989803058393
5.814,1,1.0005370847269,7.71866754040436
5.816,1,1.00052634303237,7.71853075067112
5.818,1,1.00051581617172,7.63795962152512
5.82,1,1.00050549984828,7.673850036288
5.822,1,1.00049538985132,7.69259767745295
5.824,1,1.00048548205429,7.70035431315236
5.826,1,1.00047577241321,7.70148489253366
5.828,1,1.00046625696494,7.69897081291163
5.83,1,1.00045693182564,7.61906257900834
5.832,1,1.00044779318913,7.6571715190635
5.834,1,1.00043883732535,7.60304928468724
5.836,1,1.00043006057884,7.65648801001247
5.838,1,1.00042145936726,7.68630613804253
5.84,1,1.00041303017992,7.70058661107932
5.842,1,1.00040476957632,7.70517283474703
5.844,1,1.00039667418479,7.70413735171823
5.846,1,1.0003887407011,7.70020652010253
5.848,1,1.00038096588708,7.69511981903163
5.85,1,1.00037334656933,7.6142199171372
5.852,1,1.00036587963795,7.65227804210042
5.854,1,1.00035856204519,7.59861167945885
5.856,1,1.00035139080429,7.65273145394378
5.858,1,1.0003443629882,7.6075845633113
5.86,1,1.00033747572844,7.58966249425183
5.862,1,1.00033072621387,7.58802579236926
5.864,1,1.00032411168959,7.59523413680118
5.866,1,1.0003176294558,7.60644730769458
5.868,1,1.00031127686668,7.61868919396003
5.87,1,1.00030505132935,7.63027137515141
5.872,1,1.00029895030276,7.64035867995367
5.874,1,1.00029297129671,7.64865332558493
5.876,1,1.00028711187077,7.6551734598453
5.878,1,1.00028136963336,7.66010389656411
5.88,1,1.00027574224069,7.6637000770647
5.882,1,1.00027022739588,7.6662298908637
5.884,1,1.00026482284796,7.66794142533517
5.886,1,1.000259526391,7.66904772392352
5.888,1,1.00025433586318,7.66972211777595
5.89,1,1.00024924914592,7.67009965597247
5.892,1,1.000244264163,7.6702816464263
5.894,1,1.00023937887974,7.67034140725442
5.896,1,1.00023459130214,7.59463117826735
5.898,1,1.0002298994761,7.63738981646668
5.9,1,1.00022530148658,7.66339813815825
5.902,1,1.00022079545685,7.67790811573611
5.904,1,1.00021637954771,7.68485499114929
5.906,1,1.00021205195675,7.68708352052789
5.908,1,1.00020781091762,7.68657623657351
5.91,1,1.00020365469927,7.68466025824487
5.912,1,1.00019958160528,7.68218225036289
5.914,1,1.00019558997318,7.67964913263391
5.916,1,1.00019167817371,7.67733663851715
5.918,1,1.00018784461024,7.67537001699804
5.92,1,1.00018408771803,7.67378191575156
5.922,1,1.00018040596367,7.67255238437027
5.924,1,1.0001767978444,7.67163539568312
5.926,1,1.00017326188751,7.67097556084344
5.928,1,1.00016979664976,7.67051796593223
5.93,1,1.00016640071677,7.67021337005275
5.932,1,1.00016307270243,7.67002041709836
5.934,1,1.00015981124838,7.66990603689047
5.936,1,1.00015661502341,7.74554375895753
5.938,1,1.00015348272295,7.7784091498571
5.94,1,1.00015041306849,7.78522424909005
5.942,1,1.00014740480712,7.77747646547603
5.944,1,1.00014445671097,7.76272829191932
5.946,1,1.00014156757676,7.74570303126322
5.948,1,1.00013873622522,7.72914393231295
5.95,1,1.00013596150072,7.71446771270915
5.952,1,1.0001332422707,7.70224394682456
5.954,1,1.00013057742529,7.69253428956929
5.956,1,1.00012796587678,7.68512348334308
5.958,1,1.00012540655925,7.6796698632749
5.96,1,1.00012289842806,7.67579808392426
5.962,1,1.0001204404595,7.67315188616538
5.964,1,1.00011803165031,7.67142034924096
5.966,1,1.0001156710173,7.67034741388502
5.968,1,1.00011335759696,7.66973154552923
5.97,1,1.00011109044502,7.6694201733494
5.972,1,1.00010886863612,7.74500081026146
5.974,1,1.0001066912634,7.70219043203339
5.976,1,1.00010455743813,7.67617698828942
5.978,1,1.00010246628937,7.66168725132731
5.98,1,1.00010041696358,7.65477214247329
5.982,1,1.00009840862431,7.65257839016125
5.984,1,1.00009644045182,7.72881754173044
5.986,1,1.00009451164278,7.68795551426866
5.988,1,1.00009262140993,7.66438587947247
5.99,1,1.00009076898173,7.65236294012551
5.992,1,1.0000889536021,7.72338234117016
5.994,1,1.00008717453005,7.6802735266323
5.996,1,1.00008543103945,7.73196298338936
5.998,1,1.00008372241866,7.75339930374041
6,1,1.00008204797029,7.75658868838122
6.002,1,1.00008040701088,7.74973385634685
6.004,1,1.00007879887067,7.73819989870768
6.006,1,1.00007722289325,7.72530934346029
6.008,1,1.00007567843539,7.71296768446998
6.01,1,1.00007416486668,7.70213677502401
6.012,1,1.00007268156935,7.69318037930055
6.014,1,1.00007122793796,7.68610745267793
6.016,1,1.0000698033792,7.68073687929825
6.018,1,1.00006840731162,7.67680407095929
6.02,1,1.00006703916538,7.67402604503166
6.022,1,1.00006569838208,7.67213794007093
6.024,1,1.00006438441444,7.67091069779541
6.026,1,1.00006309672615,7.74585587532769
6.028,1,1.00006183479162,7.77832119034359
6.03,1,1.00006059809579,7.78493164662422
6.032,1,1.00005938613388,7.70140470650057
6.034,1,1.0000581984112,7.65375835858943
6.036,1,1.00005703444297,7.62994638456719
6.038,1,1.00005589375411,7.69689218725654
6.04,1,1.00005477587903,7.65422576531743
6.042,1,1.00005368036145,7.63302300327226
6.044,1,1.00005260675422,7.62535749445499
6.046,1,1.00005155461914,7.70136564892575
6.048,1,1.00005052352676,7.73878876254438
6.05,1,1.00004951305622,7.75194445771047
6.052,1,1.0000485227951,7.67516320531442
6.054,1,1.00004755233919,7.70940257131476
6.056,1,1.00004660129241,7.64806204557701
6.058,1,1.00004566926656,7.69320932890924
6.06,1,1.00004475588123,7.63928321582543
6.062,1,1.00004386076361,7.68925036919831
6.064,1,1.00004298354833,7.63828498962679
6.066,1,1.00004212387737,7.61423043714011
6.068,1,1.00004128139982,7.60689907888259
6.07,1,1.00004045577182,7.60920826048081
6.072,1,1.00003964665639,7.6164299611382
6.074,1,1.00003885372326,7.6255583096846
6.076,1,1.00003807664879,7.6348023688538
6.078,1,1.00003731511582,7.64319577394035
6.08,1,1.0000365688135,7.65030720642459
6.082,1,1.00003583743723,7.73173212653311
6.084,1,1.00003512068849,7.69334754143834
6.086,1,1.00003441827472,7.67056673036599
6.088,1,1.00003372990922,7.65835437368525
6.09,1,1.00003305531104,7.65298252716656
6.092,1,1.00003239420482,7.65178828473746
6.094,1,1.00003174632072,7.65293944694122
6.096,1,1.00003111139431,7.65522758570748
6.098,1,1.00003048916642,7.65789614078195
6.1,1,1.00002987938309,7.58480524388956
6.102,1,1.00002928179543,7.55423139767066
6.104,1,1.00002869615952,7.62504447644972
6.106,1,1.00002812223633,7.66723012484817
6.108,1,1.0000275597916,7.68998780262193
6.11,1,1.00002700859577,7.70014021172187
6.112,1,1.00002646842386,7.70256937088415
6.114,1,1.00002593905538,7.70064067244114
6.116,1,1.00002542027427,7.69657867841227
6.118,1,1.00002491186879,7.61608117626068
6.12,1,1.00002441363141,7.57847124794692
6.122,1,1.00002392535878,7.56744132684426
6.124,1,1.00002344685161,7.57167272412309
6.126,1,1.00002297791458,7.58362397713397
6.128,1,1.00002251835628,7.67421090581152
6.13,1,1.00002206798916,7.72208762410889
6.132,1,1.00002162662937,7.74246561549593
6.134,1,1.00002119409679,7.74616980099661
6.136,1,1.00002077021485,7.66491885089381
6.138,1,1.00002035481055,7.62208709179038
6.14,1,1.00001994771434,7.60396813035757
6.142,1,1.00001954876006,7.60081453392669
6.144,1,1.00001915778486,7.60595185777809
6.146,1,1.00001877462916,7.61500294443882
6.148,1,1.00001839913658,7.62524757963975
6.15,1,1.00001803115384,7.55941860345847
6.152,1,1.00001767053077,7.53522244236176
6.154,1,1.00001731712015,7.53561335359686
6.156,1,1.00001697077775,7.54907574069832
6.158,1,1.00001663136219,7.56817927681403
6.16,1,1.00001629873495,7.58840528298003
6.162,1,1.00001597276025,7.6072335738955
6.164,1,1.00001565330505,7.54775939444262
6.166,1,1.00001534023894,7.60380130596558
6.168,1,1.00001503343417,7.5645085288435
6.17,1,1.00001473276548,7.55395936213319
6.172,1,1.00001443811017,7.55977771873939
6.174,1,1.00001414934797,7.57374914330263
6.176,1,1.00001386636101,7.59068893573152
6.178,1,1.00001358903379,7.60753959921
6.18,1,1.00001331725311,7.62267964447315
6.182,1,1.00001305090805,7.63541330950785
6.184,1,1.00001278988989,7.64560710770113
6.186,1,1.00001253409209,7.65344053755011
6.188,1,1.00001228341025,7.6592422683526
6.19,1,1.00001203774205,7.66338807031536
6.192,1,1.00001179698721,7.66624174125775
6.194,1,1.00001156104746,7.66812478980452
6.196,1,1.00001132982651,7.66930444395665
6.198,1,1.00001110322998,7.66999261443116
6.2,1,1.00001088116538,7.67035080150179
6.202,1,1.00001066354207,7.67049768668381
6.204,1,1.00001045027123,7.67051740673332
6.206,1,1.00001024126581,7.67046737485229
6.208,1,1.00001003644049,7.59468617086093
6.21,1,1.00000983571168,7.63740153697167
6.212,1,1.00000963899745,7.66338562881285
6.214,1,1.0000094462175,7.67788392143041
6.216,1,1.00000925729315,7.60912803651895
6.218,1,1.00000907214729,7.65416401355642
6.22,1,1.00000889070434,7.67973108675274
6.222,1,1.00000871289025,7.6923937890867
6.224,1,1.00000853863245,7.69692600138299
6.226,1,1.0000083678598,7.69667564881373
6.228,1,1.0000082005026,7.69389989667107
6.23,1,1.00000803649255,7.69005153357777
6.232,1,1.0000078757627,7.68601106249233
6.234,1,1.00000771824745,7.68226693613826
6.236,1,1.0000075638825,7.67905035402999
6.238,1,1.00000741260485,7.67643252738418
6.24,1,1.00000726435275,7.67439233189286
6.242,1,1.0000071190657,7.67286149396752
6.244,1,1.00000697668438,7.6717533379143
6.246,1,1.00000683715069,7.67097993041291
6.248,1,1.00000670040768,7.67046134623558
6.25,1,1.00000656639953,7.67012981844817
6.252,1,1.00000643507154,7.66993075136101
6.254,1,1.00000630637011,7.66982196069388
6.256,1,1.0000061802427,7.66977204346796
6.258,1,1.00000605663785,7.66975844474501
6.26,1,1.00000593550509,7.66976555352825
6.262,1,1.00000581679499,7.66978300213901
6.264,1,1.00000570045909,7.66980424193373
6.266,1,1.00000558644991,7.66982540693947
6.268,1,1.00000547472091,7.66984444316472
6.27,1,1.00000536522649,7.66986046550419
6.272,1,1.00000525792196,7.66987329946992
6.274,1,1.00000515276352,7.66988316670333
6.276,1,1.00000504970825,7.66989047819041
6.278,1,1.00000494871409,7.66989570531471
6.28,1,1.00000484973981,7.6698993051407
6.282,1,1.00000475274501,7.66990168198761
6.284,1,1.00000465769011,7.66990317214512
6.286,1,1.00000456453631,7.66990404243882
6.288,1,1.00000447324558,7.66990449632092
6.29,1,1.00000438378067,7.6699046833719
6.292,1,1.00000429610506,7.66990470968488
6.294,1,1.00000421018296,7.66990464769396
6.296,1,1.0000041259793,7.66990454473677
6.298,1,1.00000404345971,7.66990443009752
6.3,1,1.00000396259052,7.66990432054368
6.302,1,1.00000388333871,7.66990422451397
6.304,1,1.00000380567193,7.5942052274967
6.306,1,1.00000372955849,7.5613129766671
6.308,1,1.00000365496732,7.55449201888374
6.31,1,1.00000358186798,7.5622457202956
6.312,1,1.00000351023062,7.57700550684602
6.314,1,1.000003440026,7.59404427107091
6.316,1,1.00000337122548,7.61061654891379
6.318,1,1.00000330380097,7.62530447358501
6.32,1,1.00000323772496,7.63753800343594
6.322,1,1.00000317297046,7.64725542597931
6.324,1,1.00000310951105,7.65467216537642
6.326,1,1.00000304732083,7.66013015613296
6.328,1,1.00000298637441,7.66400504167224
6.33,1,1.00000292664692,7.66665336480788
6.332,1,1.00000286811398,7.6683862943648
6.334,1,1.0000028107517,7.6694600941998
6.336,1,1.00000275453667,7.67007646009756
6.338,1,1.00000269944594,7.67038808505982
6.34,1,1.00000264545702,7.6705064631499
6.342,1,1.00000259254788,7.67051011674854
6.344,1,1.00000254069692,7.67045223757806
6.346,1,1.00000248988298,7.67036726100384
6.348,1,1.00000244008532,7.67027622269192
6.35,1,1.00000239128361,7.5944920196495
6.352,1,1.00000234345794,7.5615260309181
6.354,1,1.00000229658878,7.55464472778318
6.356,1,1.00000225065701,7.56235118072405
6.358,1,1.00000220564387,7.57707536542011
6.36,1,1.00000216153099,7.59408825163795
6.362,1,1.00000211830037,7.61064239037701
6.364,1,1.00000207593436,7.62531809265808
6.366,1,1.00000203441568,7.63754376126747
6.368,1,1.00000199372736,7.64725642384803
6.37,1,1.00000195385282,7.6546705267027
6.372,1,1.00000191477576,7.66012727336083
6.374,1,1.00000187648024,7.58830286237684
6.376,1,1.00000183895064,7.63375803487498
6.378,1,1.00000180217163,7.66156261638728
6.38,1,1.00000176612819,7.67721153526352
6.382,1,1.00000173080563,7.60913553690505
6.384,1,1.00000169618952,7.57883437788564
6.386,1,1.00000166226573,7.57166572153887
6.388,1,1.00000162902041,7.57753905030675
6.39,1,1.00000159644,7.58978681337931
6.392,1,1.0000015645112,7.60422467876519
6.394,1,1.00000153322098,7.61840536702023
6.396,1,1.00000150255656,7.63104934818833
6.398,1,1.00000147250543,7.64162603182223
6.4,1,1.00000144305532,7.65005653621455
6.402,1,1.00000141419421,7.65651062030079
6.404,1,1.00000138591033,7.66127386600093
6.406,1,1.00000135819212,7.66466542732935
6.408,1,1.00000133102828,7.6669908600169
6.41,1,1.00000130440772,7.66851831192057
6.412,1,1.00000127831956,7.59377060185921
6.414,1,1.00000125275317,7.63712739965215
6.416,1,1.00000122769811,7.66348056514319
6.418,1,1.00000120314414,7.67816628144751
6.42,1,1.00000117908126,7.60948246478462
6.422,1,1.00000115549964,7.57882297094297
6.424,1,1.00000113238964,7.57146437293275
6.426,1,1.00000110974185,7.57725629533762
6.428,1,1.00000108754701,7.58948855857181
6.43,1,1.00000106579607,7.60394759586826
6.432,1,1.00000104448015,7.61816692017017
6.434,1,1.00000102359055,7.63085503620104
6.436,1,1.00000100311874,7.64147443078167
6.438,1,1.00000098305636,7.64994267147372
6.44,1,1.00000096339524,7.65642811490793
6.442,1,1.00000094412733,7.66121622466203
6.444,1,1.00000092524478,7.66462673270906
6.446,1,1.00000090673989,7.74266500464688
6.448,1,1.00000088860509,7.70139559520739
6.45,1,1.00000087083299,7.67628225770516
6.452,1,1.00000085341633,7.66226207614686
6.454,1,1.000000836348,7.65554060569662
6.456,1,1.00000081962104,7.65337425891496
6.458,1,1.00000080322862,7.65385055659556
6.46,1,1.00000078716405,7.65568892835858
6.462,1,1.00000077142077,7.65807213075959
6.464,1,1.00000075599235,7.66051062931084
6.466,1,1.00000074087251,7.66273794212704
6.468,1,1.00000072605506,7.66463282176743
6.47,1,1.00000071153395,7.66616342780044
6.472,1,1.00000069730328,7.66734873497373
6.474,1,1.00000068335721,7.66823294043182
6.476,1,1.00000066969007,7.59317041037786
6.478,1,1.00000065629626,7.63641857972684
6.48,1,1.00000064317034,7.58708486356012
6.482,1,1.00000063030693,7.56895357917922
6.484,1,1.00000061770079,7.56924920972119
6.486,1,1.00000060534678,7.57934106632817
6.488,1,1.00000059323984,7.59366033610428
6.49,1,1.00000058137505,7.60882044689762
6.492,1,1.00000056974754,7.62293265903488
6.494,1,1.00000055835259,7.63509330228353
6.496,1,1.00000054718554,7.64501314334043
6.498,1,1.00000053624183,7.65275911861091
6.5,1,1.00000052551699,7.65858147116671
6.502,1,1.00000051500665,7.66280348690962
6.504,1,1.00000050470652,7.59005657414648
6.506,1,1.00000049461239,7.55914785796496
6.508,1,1.00000048472014,7.55359822808527
6.51,1,1.00000047502574,7.56211802705898
6.512,1,1.00000046552523,7.57729890682219
6.514,1,1.00000045621472,7.59453324447533
6.516,1,1.00000044709043,7.61116154416135
6.518,1,1.00000043814862,7.62582555132919
6.52,1,1.00000042938565,7.63799489983127
6.522,1,1.00000042079793,7.64763300641154
6.524,1,1.00000041238197,7.65497018809927
6.526,1,1.00000040413433,7.66035634427638
6.528,1,1.00000039605165,7.66417060306995
6.53,1,1.00000038813061,7.66677025920198
6.532,1,1.000000380368,7.59276678436594
6.534,1,1.00000037276064,7.56092057049072
6.536,1,1.00000036530543,7.55469609834634
6.538,1,1.00000035799932,7.56274770965206
6.54,1,1.00000035083933,7.57761680018462
6.542,1,1.00000034382255,7.59465351408235
6.544,1,1.0000003369461,7.61116456879641
6.546,1,1.00000033020718,7.62576576132763
6.548,1,1.00000032360303,7.63790751751377
6.55,1,1.00000031713097,7.57184061822531
6.552,1,1.00000031078835,7.54629159058327
6.554,1,1.00000030457258,7.46916974188841
6.556,1,1.00000029848113,7.44785932100783
6.558,1,1.00000029251151,7.4584113304251
6.56,1,1.00000028666128,7.48491124452654
6.562,1,1.00000028092805,7.51729929409103
6.564,1,1.00000027530949,7.4739314625931
6.566,1,1.0000002698033,7.47014903683806
6.568,1,1.00000026440724,7.48784723065537
6.57,1,1.00000025911909,7.51525235030799
6.572,1,1.00000025393671,7.54512851683923
6.574,1,1.00000024885798,7.49767469158759
6.576,1,1.00000024388082,7.48937021291844
6.578,1,1.0000002390032,7.50276015172632
6.58,1,1.00000023422314,7.52639622314085
6.582,1,1.00000022953867,7.55316284168578
6.584,1,1.0000002249479,7.57895693792048
6.586,1,1.00000022044894,7.60168670089319
6.588,1,1.00000021603996,7.62053919498228
6.59,1,1.00000021171916,7.63546362640032
6.592,1,1.00000020748478,7.57112167799397
6.594,1,1.00000020333509,7.54656336687561
6.596,1,1.00000019926838,7.46994295426562
6.598,1,1.00000019528302,7.4488235907993
6.6,1,1.00000019137736,7.45938230420565
6.602,1,1.00000018754981,7.41009104398931
6.604,1,1.00000018379881,7.40945098732492
6.606,1,1.00000018012284,7.43481537914003
6.608,1,1.00000017652038,7.47154222132065
6.61,1,1.00000017298997,7.51070283442873
6.612,1,1.00000016953017,7.54729615939617
6.614,1,1.00000016613957,7.50321004819284
6.616,1,1.00000016281678,7.49615494839833
6.618,1,1.00000015956044,7.5095414411728
6.62,1,1.00000015636923,7.60820530636495
6.622,1,1.00000015324185,7.66690321441136
6.624,1,1.00000015017701,7.62279873077946
6.626,1,1.00000014717347,7.60393090475421
6.628,1,1.00000014423,7.60038168072837
6.63,1,1.0000001413454,7.60535077313885
6.632,1,1.00000013851849,7.61437148189558
6.634,1,1.00000013574812,7.6246622421686
6.636,1,1.00000013303316,7.63461454847702
6.638,1,1.0000001303725,7.64340413469998
6.64,1,1.00000012776505,7.57500733261786
6.642,1,1.00000012520975,7.54790343680052
6.644,1,1.00000012270555,7.54549235266238
6.646,1,1.00000012025144,7.55648567145974
6.648,1,1.00000011784641,7.57354134637697
6.65,1,1.00000011548948,7.59214619871733
6.652,1,1.00000011317969,7.60974086164438
6.654,1,1.0000001109161,7.62506035848786
6.656,1,1.00000010869778,7.63765474173088
6.658,1,1.00000010652382,7.64755305307492
6.66,1,1.00000010439335,7.655036869458
6.662,1,1.00000010230548,7.66049463144176
6.664,1,1.00000010025937,7.664333422726
6.666,1,1.00000009825418,7.66693009015586
6.668,1,1.0000000962891,7.66860816470947
6.67,1,1.00000009436332,7.66963081761764
6.672,1,1.00000009247605,7.67020306176905
6.674,1,1.00000009062653,7.67047866551871
6.676,1,1.000000088814,7.67056889682788
6.678,1,1.00000008703772,7.67055138034226
6.68,1,1.00000008529696,7.67047814053114
6.682,1,1.00000008359103,7.67038241700051
6.684,1,1.00000008191921,7.67028415247387
6.686,1,1.00000008028082,7.67019423138439
6.688,1,1.0000000786752,7.59441871627301
6.69,1,1.0000000771017,7.63716351245774
6.692,1,1.00000007555967,7.58748787109151
6.694,1,1.00000007404847,7.5691344937426
6.696,1,1.0000000725675,7.56929384668206
6.698,1,1.00000007111615,7.57930863330355
6.7,1,1.00000006969383,7.59359000965278
6.702,1,1.00000006829995,7.60873685625851
6.704,1,1.00000006693395,7.62285024587211
6.706,1,1.00000006559528,7.63501965081537
6.708,1,1.00000006428337,7.6449514327984
6.71,1,1.0000000629977,7.6527098656689
6.712,1,1.00000006173775,7.65854372180429
6.714,1,1.00000006050299,7.66277559707628
6.716,1,1.00000005929293,7.6657356117991
6.718,1,1.00000005810708,7.59202639914449
6.72,1,1.00000005694493,7.56041016171304
6.722,1,1.00000005580604,7.55435869048963
6.724,1,1.00000005468991,7.56253584832754
6.726,1,1.00000005359612,7.57749279132153
6.728,1,1.00000005252419,7.59458858815877
6.73,1,1.00000005147371,7.61113755438145
6.732,1,1.00000005044424,7.62576162790001
6.734,1,1.00000004943535,7.63791599239584
6.736,1,1.00000004844664,7.64755389721535
6.738,1,1.00000004747771,7.65489877908711
6.74,1,1.00000004652816,7.66029608886134
6.742,1,1.00000004559759,7.58842332415206
6.744,1,1.00000004468564,7.55814190721389
6.746,1,1.00000004379193,7.55302604252582
6.748,1,1.00000004291609,7.56183360161361
6.75,1,1.00000004205777,7.57719598943129
6.752,1,1.00000004121661,7.59453726641851
6.754,1,1.00000004039228,7.61122219020911
6.756,1,1.00000003958444,7.62591040435487
6.758,1,1.00000003879275,7.63808428558635
6.76,1,1.00000003801689,7.64771598704
6.762,1,1.00000003725655,7.65504156359455
6.764,1,1.00000003651142,7.5847155696503
6.766,1,1.00000003578119,7.55562484607315
6.768,1,1.00000003506557,7.55139229421478
6.77,1,1.00000003436426,7.56083208847203
6.772,1,1.00000003367697,7.57663043538889
6.774,1,1.00000003300343,7.59425998779777
6.776,1,1.00000003234337,7.61112598904626
6.778,1,1.0000000316965,7.62592025006283
6.78,1,1.00000003106257,7.63814970474671
6.782,1,1.00000003044132,7.64780458187338
6.784,1,1.00000002983249,7.65513377195426
6.786,1,1.00000002923584,7.66049952185226
6.788,1,1.00000002865112,7.66428876876641
6.79,1,1.0000000280781,7.66686342584328
6.792,1,1.00000002751654,7.66853634377445
6.794,1,1.00000002696621,7.66956333556537
6.796,1,1.00000002642688,7.67014455346133
6.798,1,1.00000002589835,7.67043071663411
6.8,1,1.00000002538038,7.59483239301532
6.802,1,1.00000002487277,7.63763084110558
6.804,1,1.00000002437532,7.58793768394909
6.806,1,1.00000002388781,7.64522948994366
6.808,1,1.00000002341006,7.6782132880682
6.81,1,1.00000002294185,7.61928154065088
6.812,1,1.00000002248302,7.59285481144942
6.814,1,1.00000002203336,7.5863682760428
6.816,1,1.00000002159269,7.59115423411868
6.818,1,1.00000002116084,7.67717735384934
6.82,1,1.00000002073762,7.64662891210726
6.822,1,1.00000002032287,7.63263734996339
6.824,1,1.00000001991641,7.62885498293219
6.826,1,1.00000001951808,7.63088955902102
6.828,1,1.00000001912772,7.63582497905394
6.83,1,1.00000001874516,7.64182004981531
6.832,1,1.00000001837026,7.64778844650256
6.834,1,1.00000001800286,7.6531535631815
6.836,1,1.0000000176428,7.65766748951759
6.838,1,1.00000001728994,7.66128204651801
6.84,1,1.00000001694414,7.66406030888794
6.842,1,1.00000001660526,7.66611844762283
6.844,1,1.00000001627316,7.66758947953937
6.846,1,1.00000001594769,7.6686022755706
6.848,1,1.00000001562874,7.669270776974
6.85,1,1.00000001531616,7.66968971881317
6.852,1,1.00000001500984,7.669934245253
6.854,1,1.00000001470964,7.67006163797607
6.856,1,1.00000001441545,7.6701140007464
6.858,1,1.00000001412714,7.67012118884487
6.86,1,1.0000000138446,7.67010357994827
6.862,1,1.00000001356771,7.67007448699016
6.864,1,1.00000001329635,7.67004214198272
6.866,1,1.00000001303043,7.67001125527637
6.868,1,1.00000001276982,7.66998419454563
6.87,1,1.00000001251442,7.66996184464789
6.872,1,1.00000001226413,7.669944212457
6.874,1,1.00000001201885,7.66993083601905
6.876,1,1.00000001177847,7.66992104898992
6.878,1,1.0000000115429,7.66991414180829
6.88,1,1.00000001131205,7.66990945189979
6.882,1,1.0000000110858,7.66990640713749
6.884,1,1.00000001086409,7.66990454008856
6.886,1,1.00000001064681,7.66990348527782
6.888,1,1.00000001043387,7.66990296766567
6.89,1,1.00000001022519,7.66990278757917
6.892,1,1.00000001002069,7.66990280523826
6.894,1,1.00000000982028,7.6699029265943
6.896,1,1.00000000962387,7.66990309126515
6.898,1,1.00000000943139,7.66990326277949
6.9,1,1.00000000924276,7.66990342101519
6.902,1,1.00000000905791,7.66990355655317
6.904,1,1.00000000887675,7.66990366661159
6.906,1,1.00000000869922,7.66990375222171
6.908,1,1.00000000852523,7.66990381634631
6.91,1,1.00000000835473,7.59420494500938
6.912,1,1.00000000818763,7.56131278907403
6.914,1,1.00000000802388,7.5544919004039
6.916,1,1.0000000078634,7.56224565036095
6.918,1,1.00000000770613,7.57700546969842
6.92,1,1.00000000755201,7.66974317274852
6.922,1,1.00000000740097,7.6435087339888
6.924,1,1.00000000725295,7.6321253878785
6.926,1,1.00000000710789,7.62978427469831
6.928,1,1.00000000696574,7.70819454109533
6.93,1,1.00000000682642,7.67052558097353
6.932,1,1.00000000668989,7.65037878505404
6.934,1,1.00000000655609,7.64156338026299
6.936,1,1.00000000642497,7.63966002493476
6.938,1,1.00000000629647,7.64163009276214
6.94,1,1.00000000617054,7.64547106819499
6.942,1,1.00000000604713,7.64993054000632
6.944,1,1.00000000592619,7.65427966765355
6.946,1,1.00000000580767,7.65814071706527
6.948,1,1.00000000569151,7.66136044828764
6.95,1,1.00000000557768,7.66392044791021
6.952,1,1.00000000546613,7.74157492830556
6.954,1,1.00000000535681,7.77590738152002
6.956,1,1.00000000524967,7.78375164675823
6.958,1,1.00000000514468,7.77669796412232
6.96,1,1.00000000504178,7.76239672671214
6.962,1,1.00000000494095,7.66994358309344
6.964,1,1.00000000484213,7.62064278829314
6.966,1,1.00000000474529,7.59921702347688
6.968,1,1.00000000465038,7.59476912396303
6.97,1,1.00000000455737,7.59981297133549
6.972,1,1.00000000446623,7.60942009926866
6.974,1,1.0000000043769,7.62051222561681
6.976,1,1.00000000428936,7.63130141803866
6.978,1,1.00000000420358,7.6408642326435
6.98,1,1.0000000041195,7.64882931913849
6.982,1,1.00000000403711,7.65515635951314
6.984,1,1.00000000395637,7.65998552449863
6.986,1,1.00000000387724,7.663539388817
6.988,1,1.0000000037997,7.6660624985256
6.99,1,1.00000000372371,7.66778697927499
6.992,1,1.00000000364923,7.66891542415511
6.994,1,1.00000000357625,7.66961468408153
6.996,1,1.00000000350472,7.67001608438227
6.998,1,1.00000000343463,7.59452012884242
7,1,1.00000000336593,7.63740397978974
7.002,1,1.00000000329862,7.58777875055096
7.004,1,1.00000000323264,7.56942354476867
7.006,1,1.00000000316799,7.56955339457757
7.008,1,1.00000000310463,7.57952683350297
7.01,1,1.00000000304254,7.59376462737686
7.012,1,1.00000000298169,7.60887100131995
7.014,1,1.00000000292205,7.62294957094385
7.016,1,1.00000000286361,7.63509060655079
7.018,1,1.00000000280634,7.64500025868763
7.02,1,1.00000000275021,7.65274207279479
7.022,1,1.00000000269521,7.65856388893393
7.024,1,1.00000000264131,7.66278735395127
7.026,1,1.00000000258848,7.66574172389046
7.028,1,1.00000000253671,7.59202889814511
7.03,1,1.00000000248598,7.56041048753829
7.032,1,1.00000000243626,7.55435782539981
7.034,1,1.00000000238753,7.56253443361157
7.036,1,1.00000000233978,7.57749122316669
7.038,1,1.00000000229298,7.59458709295957
7.04,1,1.00000000224713,7.61113624565309
7.042,1,1.00000000220218,7.62576054776591
7.044,1,1.00000000215814,7.63791514075531
7.046,1,1.00000000211498,7.64755325146326
7.048,1,1.00000000207268,7.65489830684987
7.05,1,1.00000000203122,7.66029575575185
7.052,1,1.0000000019906,7.66412201577985
7.054,1,1.00000000195079,7.6667328664558
7.056,1,1.00000000191177,7.66843796884803
7.058,1,1.00000000187354,7.66949183091107
7.06,1,1.00000000183606,7.59439551583776
7.062,1,1.00000000179934,7.56180583995906
7.064,1,1.00000000176336,7.55509757431644
7.066,1,1.00000000172809,7.56285159830753
7.068,1,1.00000000169353,7.57755175909733
7.07,1,1.00000000165966,7.59450481737193
7.072,1,1.00000000162646,7.61098594190132
7.074,1,1.00000000159393,7.62558880514557
7.076,1,1.00000000156206,7.63774891704664
7.078,1,1.00000000153082,7.64740637611248
7.08,1,1.0000000015002,7.65477624424081
7.082,1,1.00000000147019,7.66019897062572
7.084,1,1.00000000144079,7.66404826115344
7.086,1,1.00000000141197,7.66667867119741
7.088,1,1.00000000138374,7.66839955168547
7.09,1,1.00000000135606,7.66946561839897
7.092,1,1.00000000132894,7.6700773157074
7.094,1,1.00000000130236,7.67038636688871
7.096,1,1.00000000127631,7.67050354219142
7.098,1,1.00000000125079,7.67050684273962
7.1,1,1.00000000122577,7.67044909845108
7.102,1,1.00000000120126,7.67036450361668
7.104,1,1.00000000117723,7.67027394099519
7.106,1,1.00000000115369,7.67018913446622
7.108,1,1.00000000113061,7.67011576720864
7.11,1,1.000000001108,7.67005574053576
7.112,1,1.00000000108584,7.67000875158276
7.114,1,1.00000000106412,7.59427443441138
7.116,1,1.00000000104284,7.56135652009603
7.118,1,1.00000000102198,7.55451758073756
7.12,1,1.00000000100154,7.56225917135122
7.122,1,1.00000000098151,7.57701117274466
7.124,1,1.00000000096188,7.59404522664916
7.126,1,1.00000000094265,7.61061489859325
7.128,1,1.00000000092379,7.62530159665506
7.13,1,1.00000000090532,7.63753475640789
7.132,1,1.00000000088721,7.64725230208034
7.134,1,1.00000000086947,7.65466941544755
7.136,1,1.00000000085208,7.66012787701561
7.138,1,1.00000000083504,7.66400323853579
7.14,1,1.00000000081833,7.66665199343136
7.142,1,1.00000000080197,7.66838528855611
7.144,1,1.00000000078593,7.66945938258461
7.146,1,1.00000000077021,7.59437705790624
7.148,1,1.00000000075481,7.63749558123853
7.15,1,1.00000000073971,7.58798644081281
7.152,1,1.00000000072492,7.64537155414225
7.154,1,1.00000000071042,7.60269216576075
7.156,1,1.00000000069621,7.58656865229696
7.158,1,1.00000000068229,7.58619630706573
7.16,1,1.00000000066864,7.59425938126861
7.162,1,1.00000000065527,7.60602450659657
7.164,1,1.00000000064216,7.61860242893203
7.166,1,1.00000000062932,7.63037235106848
7.168,1,1.00000000061673,7.6405497951776
7.17,1,1.0000000006044,7.64887364161506
7.172,1,1.00000000059231,7.65538760169825
7.174,1,1.00000000058046,7.66029361133421
7.176,1,1.00000000056885,7.66385804298811
7.178,1,1.00000000055748,7.66635533739286
7.18,1,1.00000000054633,7.66803715114268
7.182,1,1.0000000005354,7.66911815460537
7.184,1,1.00000000052469,7.59407319195369
7.186,1,1.0000000005142,7.63724162743596
7.188,1,1.00000000050391,7.66348308254832
7.19,1,1.00000000049384,7.60241006769795
7.192,1,1.00000000048396,7.57650674228235
7.194,1,1.00000000047428,7.64761169810729
7.196,1,1.0000000004648,7.68772568257858
7.198,1,1.0000000004555,7.70735589927458
7.2,1,1.00000000044639,7.63842763672687
7.202,1,1.00000000043746,7.6804799457624
7.204,1,1.00000000042871,7.7018588208308
7.206,1,1.00000000042014,7.71010441687834
7.208,1,1.00000000041174,7.71053341783047
7.21,1,1.0000000004035,7.7067521963678
7.212,1,1.00000000039543,7.70109923647898
7.214,1,1.00000000038752,7.6950061729079
7.216,1,1.00000000037977,7.68927980320167
7.218,1,1.00000000037218,7.6843141281353
7.22,1,1.00000000036473,7.68024415506074
7.222,1,1.00000000035744,7.6770534689194
7.224,1,1.00000000035029,7.67464653490638
7.226,1,1.00000000034328,7.67289505973437
7.228,1,1.00000000033642,7.67166594502631
7.23,1,1.00000000032969,7.6708366665696
7.232,1,1.0000000003231,7.67030243105016
7.234,1,1.00000000031663,7.66997824212068
7.236,1,1.0000000003103,7.6697980481652
7.238,1,1.00000000030409,7.66971241810915
7.24,1,1.00000000029801,7.66968566175776
7.242,1,1.00000000029205,7.66969293816315
7.244,1,1.00000000028621,7.59401872532429
7.246,1,1.00000000028049,7.56115809667729
7.248,1,1.00000000027488,7.55436928618022
7.25,1,1.00000000026938,7.56215224205846
7.252,1,1.00000000026399,7.57693685329661
7.254,1,1.00000000025871,7.59399563011124
7.256,1,1.00000000025354,7.61058337952466
7.258,1,1.00000000024847,7.62528282746981
7.26,1,1.0000000002435,7.63752463802422
7.262,1,1.00000000023863,7.6472477950295
7.264,1,1.00000000023386,7.65466834524003
7.266,1,1.00000000022918,7.6601287449904
7.268,1,1.0000000002246,7.66400505430184
7.27,1,1.0000000002201,7.66665413535968
7.272,1,1.0000000002157,7.66838739299735
7.274,1,1.00000000021139,7.66946125933738
7.276,1,1.00000000020716,7.67007754570182
7.278,1,1.00000000020302,7.67038902111128
7.28,1,1.00000000019896,7.67050722707385
7.282,1,1.00000000019498,7.67051071349624
7.284,1,1.00000000019108,7.67045268628919
7.286,1,1.00000000018726,7.67036758649453
7.288,1,1.00000000018351,7.67027645035569
7.29,1,1.00000000017984,7.67019109035796
7.292,1,1.00000000017624,7.67011723494684
7.294,1,1.00000000017272,7.67005680312599
7.296,1,1.00000000016926,7.67000949327084
7.298,1,1.00000000016588,7.66997384946626
7.3,1,1.00000000016256,7.66994794401159
7.302,1,1.00000000015931,7.66992978790224
7.304,1,1.00000000015612,7.66991755575255
7.306,1,1.000000000153,7.66990968957842
7.308,1,1.00000000014994,7.66990492774361
7.31,1,1.00000000014694,7.66990229114587
7.312,1,1.000000000144,7.66990104796621
7.314,1,1.00000000014112,7.66990067046703
7.316,1,1.0000000001383,7.66990079181447
7.318,1,1.00000000013554,7.66990116717509
7.32,1,1.00000000013282,7.59420272325479
7.322,1,1.00000000013017,7.63700993217689
7.324,1,1.00000000012756,7.58738272763296
7.326,1,1.00000000012501,7.5690655544948
7.328,1,1.00000000012251,7.56925101588958
7.33,1,1.00000000012006,7.57928395101377
7.332,1,1.00000000011766,7.59357744035895
7.334,1,1.00000000011531,7.68443090394368
7.336,1,1.000000000113,7.65574215008805
7.338,1,1.00000000011074,7.7175416680834
7.34,1,1.00000000010853,7.74579209455141
7.342,1,1.00000000010636,7.75336562585001
7.344,1,1.00000000010423,7.74916656539856
7.346,1,1.00000000010214,7.73910467941473
7.348,1,1.0000000001001,7.72690974828556
7.35,1,1.0000000000981,7.71478104896546
7.352,1,1.00000000009614,7.70388471970818
7.354,1,1.00000000009422,7.69472092630317
7.356,1,1.00000000009233,7.68738536739936
7.358,1,1.00000000009048,7.68174863089992
7.36,1,1.00000000008867,7.67757404601189
7.362,1,1.0000000000869,7.67459110907196
7.364,1,1.00000000008516,7.67253797405487
7.366,1,1.00000000008346,7.6711832544359
7.368,1,1.00000000008179,7.67033464191597
7.37,1,1.00000000008015,7.66983964514024
7.372,1,1.00000000007855,7.66958205381498
7.374,1,1.00000000007698,7.6694764725443
7.376,1,1.00000000007544,7.59376344723573
7.378,1,1.00000000007393,7.56090731835384
7.38,1,1.00000000007245,7.55414565800211
7.382,1,1.000000000071,7.56196516180865
7.384,1,1.00000000006958,7.57678772482504
7.386,1,1.00000000006819,7.59388145627352
7.388,1,1.00000000006683,7.61049911233122
7.39,1,1.00000000006549,7.62522282361783
7.392,1,1.00000000006418,7.63748349375599
7.394,1,1.0000000000629,7.64722076764448
7.396,1,1.00000000006164,7.65465151260535
7.398,1,1.00000000006041,7.66011900960653
7.4,1,1.0000000000592,7.66400006408246
7.402,1,1.00000000005802,7.66665216782136
7.404,1,1.00000000005686,7.66838723136913
7.406,1,1.00000000005572,7.66946207658939
7.408,1,1.0000000000546,7.67007880424241
7.41,1,1.00000000005351,7.6703903907381
7.412,1,1.00000000005244,7.67050852075614
7.414,1,1.00000000005139,7.67051183900286
7.416,1,1.00000000005036,7.5947546933634
7.418,1,1.00000000004936,7.56177720703639
7.42,1,1.00000000004837,7.55486498318655
7.422,1,1.0000000000474,7.56253321057561
7.424,1,1.00000000004646,7.57721904742318
7.426,1,1.00000000004553,7.59419730536369
7.428,1,1.00000000004462,7.61072221680967
7.43,1,1.00000000004372,7.62537445627121
7.432,1,1.00000000004285,7.63758205141977
7.434,1,1.00000000004199,7.64728129797516
7.436,1,1.00000000004115,7.65468579230167
7.438,1,1.00000000004033,7.58443699127182
7.44,1,1.00000000003952,7.63111383994004
7.442,1,1.00000000003873,7.65983080220859
7.444,1,1.00000000003796,7.67613713425808
7.446,1,1.0000000000372,7.60851771389015
7.448,1,1.00000000003645,7.57852098321919
7.45,1,1.00000000003572,7.57154558173296
7.452,1,1.00000000003501,7.57753381312627
7.454,1,1.00000000003431,7.58984336024394
7.456,1,1.00000000003362,7.60430858850949
7.458,1,1.00000000003295,7.61849558534847
7.46,1,1.00000000003229,7.63113402612039
7.462,1,1.00000000003165,7.64169939818634
7.464,1,1.00000000003101,7.57441771249824
7.466,1,1.00000000003039,7.54796660036005
7.468,1,1.00000000002979,7.54589735260044
7.47,1,1.00000000002919,7.55703296986489
7.472,1,1.00000000002861,7.57411050347012
7.474,1,1.00000000002803,7.5926708375141
7.476,1,1.00000000002747,7.61018998309483
7.478,1,1.00000000002692,7.62542488687152
7.48,1,1.00000000002639,7.63793818678962
7.482,1,1.00000000002586,7.64776528883933
7.484,1,1.00000000002534,7.65519018892933
7.486,1,1.00000000002483,7.66060140416844
7.488,1,1.00000000002434,7.66440483824676
7.49,1,1.00000000002385,7.66697560445389
7.492,1,1.00000000002337,7.66863537615177
7.494,1,1.00000000002291,7.66964558414407
7.496,1,1.00000000002245,7.59451081747552
7.498,1,1.000000000022,7.56188925903058
7.5,3,1.00000000002156,7.55515576017267
7.502,3,1.04000000002113,7.5628905868632
7.504,3,1.07920000002071,7.57757666345632
7.506,3,1.11761600002029,7.74591758929666
7.508,3,1.15526368001989,8.05527305419394
7.51,3,1.19215840641949,8.48498554920798
7.512,3,1.2283152382911,9.0878604520212
7.514,3,1.26374893352528,9.79926472231062
7.516,3,1.29847395485477,10.5740239983705
7.518,3,1.33250447575768,11.3817979989819
7.52,3,1.36585438624252,12.2031505793134
7.522,3,1.39853729851767,13.1020769704699
7.524,3,1.43056655254732,13.8779470478021
7.526,3,1.46195522149637,14.6630248740669
7.528,3,1.49271611706644,15.3755282826126
7.53,3,1.52286179472511,15.9790130641043
7.532,3,1.55240455883061,16.6162043673416
7.534,3,1.581356467654,17.2084800427735
7.536,3,1.60972933830092,17.794049936311
7.538,3,1.6375347515349,18.3182508121496
7.54,3,1.6647840565042,18.7579926002341
7.542,3,1.69148837537412,19.1849981544599
7.544,3,1.71765860786664,19.6387677882038
7.546,3,1.7433054357093,20.062023012086
7.548,3,1.76843932699512,20.4272340506167
7.55,3,1.79307054045522,20.725450501123
7.552,3,1.81720912964611,21.0342109435514
7.554,3,1.84086494705319,21.3181201070169
7.556,3,1.86404764811213,21.6364565421572
7.558,3,1.88676669514988,21.8660324565235
7.56,3,1.90903136124689,22.1013211129781
7.562,3,1.93085073402195,22.3164337974291
7.564,3,1.95223371934151,22.4995576936604
7.566,3,1.97318904495468,22.6475512642723
7.568,3,1.99372526405559,22.8379055539387
7.57,3,2.01385075877447,22.9563608427438
7.572,3,2.03357374359898,23.1004867601366
7.574,3,2.052902268727,23.2440758392467
7.576,3,2.07184422335246,23.373206997085
7.578,3,2.09040733888542,23.4818843214458
7.58,3,2.10859919210771,23.5689294482302
7.582,3,2.12642720826555,23.7115479926643
7.584,3,2.14389866410024,23.7940240000954
7.586,3,2.16102069081824,23.9119903054967
7.588,3,2.17780027700187,23.9615386448447
7.59,3,2.19424427146184,24.045414576461
7.592,3,2.2103593860326,24.1393160791612
7.594,3,2.22615219831195,24.2292956034233
7.596,3,2.24162915434571,24.3083032689609
7.598,3,2.25679657125879,24.3736628926251
7.6,3,2.27166063983362,24.4252945162361
7.602,3,2.28622742703695,24.4645104046411
7.604,3,2.30050287849621,24.5689345713725
7.606,3,2.31449282092628,24.6978221507165
7.608,3,2.32820296450776,24.8270331565953
7.61,3,2.3416389052176,24.8679650837326
7.612,3,2.35480612711325,24.8577859599485
7.614,3,2.36771000457098,24.8213585843374
7.616,3,2.38035580447956,24.6988317151914
7.618,3,2.39274868838997,24.6938865422762
7.62,3,2.40489371462217,24.6764261824314
7.622,3,2.41679584032973,24.7297147938142
7.624,3,2.42845992352314,24.7397691265054
7.626,3,2.43989072505267,24.7257782139884
7.628,3,2.45109291055162,24.7760459169039
7.63,3,2.46207105234059,24.7799167743418
7.632,3,2.47282963129378,24.8343652785618
7.634,3,2.4833730386679,24.8347094881293
7.636,3,2.49370557789454,24.8818697265814
7.638,3,2.50383146633665,24.8736392634845
7.64,3,2.51375483700992,24.9123851913368
7.642,3,2.52347974026972,24.9723553010405
7.644,3,2.53301014546433,24.9620246130377
7.646,3,2.54234994255504,24.9909273969492
7.648,3,2.55150294370394,25.0378972451274
7.65,3,2.56047288482986,25.0141659653158
7.652,3,2.56926342713326,25.0307772829608
7.654,3,2.5778781585906,24.9915612624193
7.656,3,2.58632059541879,25.0021469660232
7.658,3,2.59459418351041,25.0382426483339
7.66,3,2.6027022998402,25.0086790715003
7.662,3,2.6106482538434,25.0227220884592
7.664,3,2.61843528876653,25.0586305594437
7.666,3,2.6260665829912,25.0269549536053
7.668,3,2.63354525133138,25.0380680596522
7.67,3,2.64087434630475,25.0708996880476
7.672,3,2.64805685937865,25.0363725664652
7.674,3,2.65509572219108,25.0450357364759
7.676,3,2.66199380774726,25.0758733538913
7.678,3,2.66875393159231,25.0397921258347
7.68,3,2.67537885296047,25.0472891347349
7.682,3,2.68187127590126,25.0772825426298
7.684,3,2.68823385038323,25.1163110104725
7.686,3,2.69446917337557,25.1563051015251
7.688,3,2.70057978990806,25.1171678956705
7.69,3,2.7065681941099,25.1153987462003
7.692,3,2.7124368302277,25.133729202451
7.694,3,2.71818809362314,25.0852688955391
7.696,3,2.72382433175068,25.0816768863825
7.698,3,2.72934784511567,25.1023635909356
7.7,3,2.73476088821335,25.0582553194625
7.702,3,2.74006567044909,25.059649989458
7.704,3,2.7452643570401,25.0851696056304
7.706,3,2.7503590698993,25.0453352662299
7.708,3,2.75535188850132,25.0502839949802
7.71,3,2.76024485073129,25.0786230551724
7.712,3,2.76503995371666,25.0409381883635
7.714,3,2.76973915464233,25.0474670102228
7.716,3,2.77434437154948,25.0012276984357
7.718,3,2.77885748411849,25.0071144783702
7.72,3,2.78328033443612,25.0402143767513
7.722,3,2.7876147277474,25.0088588180722
7.724,3,2.79186243319245,25.0219285932511
7.726,3,2.79602518452861,25.0573964374408
7.728,3,2.80010468083803,25.1013066059044
7.73,3,2.80410258722127,25.1453845408255
7.732,3,2.80802053547685,25.1852016125882
7.734,3,2.81186012476731,25.218816964739
7.736,3,2.81562292227196,25.2458077996298
7.738,3,2.81931046382652,25.1909035735652
7.74,3,2.82292425454999,25.1734498815287
7.742,3,2.82646576945899,25.1776877753687
7.744,3,2.82993645406981,25.1930735626125
7.746,3,2.83333772498842,25.2128849946994
7.748,3,2.83667097048865,25.1574019944192
7.75,3,2.83993755107888,25.0672472502034
7.752,3,2.8431388000573,25.0432020416521
7.754,3,2.84627602405615,25.0567802236848
7.756,3,2.84935050357503,25.0890794371196
7.758,3,2.85236349350353,25.1281730752555
7.76,3,2.85531622363346,25.1670311768509
7.762,3,2.85820989916079,25.1262296295751
7.764,3,2.86104570117757,25.1226786803822
7.766,3,2.86382478715402,25.0636416459508
7.768,3,2.86654829141094,25.1322434682692
7.77,3,2.86921732558272,25.1864338783671
7.772,3,2.87183297907107,25.1518926917101
7.774,3,2.87439631948965,25.1491469827259
7.776,3,2.87690839309985,25.1636259108596
7.778,3,2.87937022523786,25.110161246232
7.78,3,2.8817828207331,25.1014440901292
7.782,3,2.88414716431844,25.1174470735157
7.784,3,2.88646422103207,25.1450516356631
7.786,3,2.88873493661143,25.1761178071899
7.788,3,2.8909602378792,25.1302647153516
7.79,3,2.89314103312162,25.1236219882798
7.792,3,2.89527821245918,25.1385422058436
7.794,3,2.89737264821,25.0877885033276
7.796,3,2.8994251952458,25.0827249588329
7.798,3,2.90143669134088,25.1025235863561
7.8,3,2.90340795751407,25.1336249106542
7.802,3,2.90533979836378,25.1676833610659
7.804,3,2.90723300239651,25.1999571444982
7.806,3,2.90908834234858,25.1523951143547
7.808,3,2.91090657550161,25.2183559002146
7.81,3,2.91268844399158,25.1869402108864
7.812,3,2.91443467511174,25.1824019948573
7.814,3,2.91614598160951,25.1926430033045
7.816,3,2.91782306197732,25.2097536856497
7.818,3,2.91946660073777,25.2288385858032
7.82,3,2.92107726872302,25.1713936355615
7.822,3,2.92265572334856,25.1545107592963
7.824,3,2.92420260888158,25.1609222338934
7.826,3,2.92571855670395,25.1791216873749
7.828,3,2.92720418556987,25.201810387546
7.83,3,2.92866010185848,25.1489545934728
7.832,3,2.93008689982131,25.1367333429459
7.834,3,2.93148516182488,25.1473850007158
7.836,3,2.93285545858838,25.0934825132648
7.838,3,2.93419834941662,25.0861780308948
7.84,3,2.93551438242828,25.1044409648012
7.842,3,2.93680409477972,25.1345342052115
7.844,3,2.93806801288412,25.1679653920766
7.846,3,2.93930665262644,25.1998768773657
7.848,3,2.94052051957391,25.1521295885073
7.85,3,2.94171010918243,25.0666199636829
7.852,3,2.94287590699879,25.045113486997
7.854,3,2.94401838885881,25.059856692545
7.856,3,2.94513802108163,25.1681723898009
7.858,3,2.94623526066,25.2399925675693
7.86,3,2.9473105554468,25.2095657074143
7.862,3,2.94836434433786,25.2033216973612
7.864,3,2.94939705745111,25.1348895509021
7.866,3,2.95040911630208,25.0400520897732
7.868,3,2.95140093397604,25.0161940674548
7.87,3,2.95237291529652,25.0325376391499
7.872,3,2.95332545699059,24.9930051137681
7.874,3,2.95425894785078,24.927580633934
7.876,3,2.95517376889376,24.93050637649
7.878,3,2.95607029351589,24.9695883386014
7.88,3,2.95694888764557,25.0240919005796
7.882,3,2.95780990989266,25.0057402004227
7.884,3,2.95865371169481,25.0260515499894
7.886,3,2.95948063746091,25.0649737499503
7.888,3,2.96029102471169,25.0342790448203
7.89,3,2.96108520421746,25.0451923174836
7.892,3,2.96186350013311,25.0772142567827
7.894,3,2.96262623013045,25.117331096113
7.896,3,2.96337370552784,25.0821059209431
7.898,3,2.96410623141728,25.0858831810763
7.9,3,2.96482410678894,25.1100841043919
7.902,3,2.96552762465316,25.142786580819
7.904,3,2.96621707216009,25.1767945599413
7.906,3,2.96689273071689,25.1324432746476
7.908,3,2.96755487610255,25.1263863097076
7.91,3,2.9682037785805,25.1413460335373
7.912,3,2.96883970300889,25.1660355871072
7.914,3,2.96946290894871,25.1934764157622
7.916,3,2.97007365076974,25.2196759488292
7.918,3,2.97067217775435,25.2426278211937
7.92,3,2.97125873419926,25.1858838337715
7.922,3,2.97183355951527,25.1679445922068
7.924,3,2.97239688832497,25.1724669367677
7.926,3,2.97294895055847,25.1885196719165
7.928,3,2.9734899715473,25.2091361778699
7.93,3,2.97402017211635,25.2301513615831
7.932,3,2.97453976867403,25.2493050085155
7.934,3,2.97504897330055,25.2655756774199
7.936,3,2.97554799383453,25.2787032647826
7.938,3,2.97603703395784,25.2888592906876
7.94,3,2.97651629327869,25.2964284926113
7.942,3,2.97698596741311,25.3018713254726
7.944,3,2.97744624806485,25.3056431723619
7.946,3,2.97789732310355,25.3081517675133
7.948,3,2.97833937664148,25.3097391965885
7.95,3,2.97877258910865,25.310678778314
7.952,3,2.97919713732648,25.3111801887654
7.954,3,2.97961319457995,25.3113984749614
7.956,3,2.98002093068835,25.2357453349921
7.958,3,2.98042051207458,25.2028024232602
7.96,3,2.98081210183309,25.1958843403306
7.962,3,2.98119585979643,25.2035257272935
7.964,3,2.9815719426005,25.1424772676319
7.966,3,2.98194050374849,25.126526897514
7.968,3,2.98230169367352,25.1361974895772
7.97,3,2.98265565980005,25.1585749694706
7.972,3,2.98300254660405,25.1855193122322
7.974,3,2.98334249567197,25.2122394490108
7.976,3,2.98367564575853,25.2362028652639
7.978,3,2.98400213284336,25.2563312779272
7.98,3,2.98432209018649,25.2724282360542
7.982,3,2.98463564838276,25.2847868787748
7.984,3,2.98494293541511,25.2939324675602
7.986,3,2.98524407670681,25.3004621924596
7.988,3,2.98553919517267,25.2292537385411
7.99,3,2.98582841126922,25.1993214699313
7.992,3,2.98611184304383,25.194352246436
7.994,3,2.98638960618296,25.2031839951094
7.996,3,2.9866618140593,25.2185028927526
7.998,3,2.98692857777811,25.1600699667148
8,3,2.98719000622255,25.1437778938201
8.002,3,2.9874462060981,25.1515636816717
8.004,3,2.98769728197614,25.1714195839345
8.006,3,2.98794333633661,25.195751685251
8.008,3,2.98818446960988,25.2957679733626
8.01,3,2.98842078021768,25.2748707314329
8.012,3,2.98865236461333,25.191563737874
8.014,3,2.98887931732106,25.0832013508968
8.016,3,2.98910173097464,25.0478730500616
8.018,3,2.98931969635515,25.0549739715554
8.02,3,2.98953330242805,25.0839977189423
8.022,3,2.98974263637948,25.121846393383
8.024,3,2.9899477836519,25.1606650871479
8.026,3,2.99014882797886,25.1961697527937
8.028,3,2.99034585141928,25.1507042598865
8.03,3,2.9905389343909,25.1422509020083
8.032,3,2.99072815570308,25.1543670741777
8.034,3,2.99091359258902,25.1762552941687
8.036,3,2.99109532073724,25.1254948631866
8.038,3,2.99127341432249,25.1167062624585
8.04,3,2.99144794603604,25.1311648348697
8.042,3,2.99161898711532,25.1565920138413
8.044,3,2.99178660737301,25.185358194592
8.046,3,2.99195087522555,25.2130656541242
8.048,3,2.99211185772104,25.1617750592644
8.05,3,2.99226962056662,25.1491230583623
8.052,3,2.99242422815529,25.1583222200994
8.054,3,2.99257574359218,25.1782647055501
8.056,3,2.99272422872034,25.2019673874091
8.058,3,2.99286974414593,25.2253356802804
8.06,3,2.99301234926301,25.2462193157497
8.062,3,2.99315210227775,25.2637169764146
8.064,3,2.9932890602322,25.2776822537125
8.066,3,2.99342327902755,25.2883857134908
8.068,3,2.993554813447,25.2962935524788
8.07,3,2.99368371717806,25.301930267852
8.072,3,2.9938100428345,25.305799677333
8.074,3,2.99393384197781,25.3083448473506
8.076,3,2.99405516513826,25.3099327222708
8.078,3,2.99417406183549,25.3108534415059
8.08,3,2.99429058059878,25.3113275557345
8.082,3,2.99440476898681,25.3115167427921
8.084,3,2.99451667360707,25.3115353319989
8.086,3,2.99462634013493,25.3114611221528
8.088,3,2.99473381333223,25.3113447552007
8.09,3,2.99483913706559,25.2355184769661
8.092,3,2.99494235432427,25.2782045539559
8.094,3,2.99504350723779,25.3041706641715
8.096,3,2.99514263709303,25.2429598614648
8.098,3,2.99523978435117,25.2927046116879
8.1,3,2.99533498866415,25.3210033742496
8.102,3,2.99542828889087,25.3350739594041
8.104,3,2.99551972311305,25.340169236007
8.106,3,2.99560932865079,25.4156748280569
8.108,3,2.99569714207777,25.4455728388794
8.11,3,2.99578319923622,25.3725027271456
8.112,3,2.99586753525149,25.3274396966679
8.114,3,2.99595018454646,25.2260589294032
8.116,3,2.99603118085553,25.1046548980592
8.118,3,2.99611055723842,25.1359542077364
8.12,3,2.99618834609365,25.0941894157229
8.122,3,2.99626457917178,25.0932870977702
8.124,3,2.99633928758835,25.0385631712552
8.126,3,2.99641250183658,25.0362410116785
8.128,3,2.99648425179985,25.0620891530108
8.13,3,2.99655456676385,25.100406853347
8.132,3,2.99662347542857,25.1415916338994
8.134,3,2.99669100592,25.1802403935634
8.136,3,2.9967571858016,25.138023525775
8.138,3,2.99682204208557,25.1325539035298
8.14,3,2.99688560124386,25.1472180868741
8.142,3,2.99694788921898,25.1711705070548
8.144,3,2.9970089314346,25.1977114929971
8.146,3,2.99706875280591,25.2230132361326
8.148,3,2.99712737774979,25.2451570214418
8.15,3,2.99718483019479,25.2634314500505
8.152,3,2.9972411335909,25.2778390876141
8.154,3,2.99729631091908,25.213064021467
8.156,3,2.9973503847007,25.1881599565033
8.158,3,2.99740337700669,25.1869734155085
8.16,3,2.99745530946655,25.198550387343
8.162,3,2.99750620327722,25.2157903824446
8.164,3,2.99755607921168,25.1586495176021
8.166,3,2.99760495762744,25.2188854942233
8.168,3,2.9976528584749,25.184365014155
8.17,3,2.9976998013054,25.1784254563525
8.172,3,2.99774580527929,25.1883117248599
8.174,3,2.9977908891737,25.2056607365945
8.176,3,2.99783507139023,25.2252766740911
8.178,3,2.99787836996243,25.1684664245294
8.18,3,2.99792080256318,25.1522108807604
8.182,3,2.99796238651191,25.1591838438337
8.184,3,2.99800313878167,25.1778542604514
8.186,3,2.99804307600604,25.2009191726012
8.188,3,2.99808221448592,25.224050855345
8.19,3,2.9981205701962,25.2449351352165
8.192,3,2.99815815879228,25.2625598830212
8.194,3,2.99819499561643,25.276707124913
8.196,3,2.9982310957041,25.2876038512716
8.198,3,2.99826647379002,25.2956919085187
8.2,3,2.99830114431422,25.2257851801577
8.202,3,2.99833512142794,25.1968893367985
8.204,3,2.99836841899938,25.192712786873
8.206,3,2.99840105061939,25.2021290046917
8.208,3,2.998433029607,25.217863670138
8.21,3,2.99846436901486,25.2354144418068
8.212,3,2.99849508163457,25.2522013865909
8.214,3,2.99852518000187,25.2669242466843
8.216,3,2.99855467640184,25.27909342944
8.218,3,2.9985835828738,25.2886999173239
8.22,3,2.99861191121632,25.2959918299482
8.222,3,2.998639672992,25.3013299064352
8.224,3,2.99866687953216,25.3050993321615
8.226,3,2.99869354194151,25.3076603112027
8.228,3,2.99871967110268,25.3093241766523
8.23,3,2.99874527768063,25.3860443934709
8.232,3,2.99877037212702,25.4195144602726
8.234,3,2.99879496468448,25.4266197788022
8.236,3,2.99881906539079,25.3432669821049
8.238,3,2.99884268408297,25.2956065800723
8.24,3,2.99886583040131,25.2716815903197
8.242,3,2.99888851379329,25.3384727642275
8.244,3,2.99891074351742,25.3713437039635
8.246,3,2.99893252864707,25.3071849077385
8.248,3,2.99895387807413,25.2733200845355
8.25,3,2.99897480051265,25.2589506155735
8.252,3,2.99899530450239,25.2563944618348
8.254,3,2.99901539841235,25.2603895606827
8.256,3,2.9990350904441,25.2674835483193
8.258,3,2.99905438863522,25.2755297439674
8.26,3,2.99907330086251,25.2832895381665
8.262,3,2.99909183484526,25.2144318417638
8.264,3,2.99910999814836,25.1872158816561
8.266,3,2.99912779818539,25.1848897929691
8.268,3,2.99914524222168,25.196064792603
8.27,3,2.99916233737725,25.2133357707295
8.272,3,2.9991790906297,25.2321526044686
8.274,3,2.99919550881711,25.2499365558485
8.276,3,2.99921159864077,25.2654145590317
8.278,3,2.99922736666795,25.2781353913548
8.28,3,2.99924281933459,25.288130578524
8.282,3,2.9992579629479,25.2956859407349
8.284,3,2.99927280368894,25.3011946810645
8.286,3,2.99928734761516,25.3050684525593
8.288,3,2.99930160066286,25.2319891997595
8.29,3,2.9993155686496,25.2007894244628
8.292,3,2.99932925727661,25.194999473225
8.294,3,2.99934267213108,25.1276308057788
8.296,3,2.99935581868846,25.185474646402
8.298,3,2.99936870231469,25.1529761755206
8.3,3,2.9993813282684,25.151212726155
8.302,3,2.99939370170303,25.166011523613
8.304,3,2.99940582766897,25.1124819657639
8.306,3,2.99941771111559,25.1792000798269
8.308,3,2.99942935689328,25.1520527295624
8.31,3,2.99944076975541,25.153233688293
8.312,3,2.9994519543603,25.1694030107583
8.314,3,2.9994629152731,25.1919684209919
8.316,3,2.99947365696763,25.2157171684099
8.318,3,2.99948418382828,25.2377529748779
8.32,3,2.99949450015172,25.2567005782623
8.322,3,2.99950461014868,25.1964325516634
8.324,3,2.99951451794571,25.1755731426771
8.326,3,2.99952422758679,25.1777855188646
8.328,3,2.99953374303506,25.1920816342281
8.33,3,2.99954306817436,25.2114099424697
8.332,3,2.99955220681087,25.1558149178498
8.334,3,2.99956116267465,25.1414559970622
8.336,3,2.99956993942116,25.150501721748
8.338,3,2.99957854063274,25.1711342453754
8.34,3,2.99958696982008,25.1959086102646
8.342,3,2.99959523042368,25.2204463119011
8.344,3,2.99960332581521,25.2424360483938
8.346,3,2.9996112592989,25.1851979683297
8.348,3,2.99961903411292,25.1670629641465
8.35,3,2.99962665343067,25.1715679394473
8.352,3,2.99963412036205,25.1877001406229
8.354,3,2.99964143795481,25.2841388207791
8.356,3,2.99964860919572,25.3381806338102
8.358,3,2.9996556370118,25.364282327028
8.36,3,2.99966252427157,25.3729099528015
8.362,3,2.99966927378613,25.295669811936
8.364,3,2.99967588831041,25.1802674699715
8.366,3,2.9996823705442,25.1316053572382
8.368,3,2.99968872313332,25.1233325178644
8.37,3,2.99969494867065,25.1374121138653
8.372,3,2.99970104969724,25.1620206373423
8.374,3,2.99970702870329,25.1898145196514
8.376,3,2.99971288812923,25.2165637188938
8.378,3,2.99971863036664,25.1644169255173
8.38,3,2.99972425775931,25.1510476497986
8.382,3,2.99972977260412,25.1596744043244
8.384,3,2.99973517715204,25.2548771393313
8.386,3,2.999740473609,25.2354490293558
8.388,3,2.99974566413682,25.232515074435
8.39,3,2.99975075085408,25.2386655272238
8.392,3,2.999755735837,25.2490528459319
8.394,3,2.99976062112026,25.260674113968
8.396,3,2.99976540869786,25.2718063621616
8.398,3,2.9997701005239,25.2815791515379
8.4,3,2.99977469851342,25.2896625290885
8.402,3,2.99977920454315,25.2960472990436
8.404,3,2.99978362045229,25.3008962039828
8.406,3,2.99978794804324,25.3044476035746
8.408,3,2.99979218908238,25.3069566520718
8.41,3,2.99979634530073,25.3086622760415
8.412,3,2.99980041839472,25.385470085866
8.414,3,2.99980441002682,25.4190435399674
8.416,3,2.99980832182629,25.3505515458685
8.418,3,2.99981215538976,25.3100961053474
8.42,3,2.99981591228196,25.3642817274092
8.422,3,2.99981959403633,25.3878840262668
8.424,3,2.9998232021556,25.3171506395341
8.426,3,2.99982673811249,25.2787966047883
8.428,3,2.99983020335024,25.2614929353004
8.43,3,2.99983359928323,25.2571213214588
8.432,3,2.99983692729757,25.2600766618058
8.434,3,2.99984018875162,25.2666471223526
8.436,3,2.99984338497658,25.3501956380633
8.438,3,2.99984651727705,25.3908447481321
8.44,3,2.99984958693151,25.4046075869449
8.442,3,2.99985259519288,25.402676076352
8.444,3,2.99985554328902,25.3925668241112
8.446,3,2.99985843242324,25.3790948666324
8.448,3,2.99986126377478,25.3651595121326
8.45,3,2.99986403849928,25.3523524343619
8.452,3,2.9998667577293,25.3414109722221
8.454,3,2.99986942257471,25.3325441528399
8.456,3,2.99987203412322,25.2499597547271
8.458,3,2.99987459344075,25.2876170419134
8.46,3,2.99987710157194,25.3099727789788
8.462,3,2.9998795595405,25.3219631633901
8.464,3,2.99988196834969,25.3272432411733
8.466,3,2.9998843289827,25.3284241978219
8.468,3,2.99988664240304,25.3273029089384
8.47,3,2.99988890955498,25.3250647079503
8.472,3,2.99989113136388,25.3224518605501
8.474,3,2.9998933087366,25.3198971258758
8.476,3,2.99989544256187,25.317625519657
8.478,3,2.99989753371063,25.31572907873
8.48,3,2.99989958303642,25.3899187683442
8.482,3,2.99990159137569,25.4216571488658
8.484,3,2.99990355954818,25.4276276411638
8.486,3,2.99990548835721,25.3435702724624
8.488,3,2.99990737859007,25.2955042524796
8.49,3,2.99990923101827,25.347072000442
8.492,3,2.9999110463979,25.3709769562798
8.494,3,2.99991282546995,25.3777725276835
8.496,3,2.99991456896055,25.2990756013638
8.498,3,2.99991627758134,25.2582592674838
8.5,3,2.99991795202971,25.2416696309811
8.502,3,2.99991959298911,25.2396352279305
8.504,3,2.99992120112933,25.2455625992193
8.506,3,2.99992277710675,25.255150255061
8.508,3,2.99992432156461,25.2657433452071
8.51,3,2.99992583513332,25.2001281285736
8.512,3,2.99992731843065,25.1760528089557
8.514,3,2.99992877206204,25.1765030903087
8.516,3,2.9999301966208,25.2656851285035
8.518,3,2.99993159268838,25.3176789384974
8.52,3,2.99993296083461,25.3447120535363
8.522,3,2.99993430161792,25.2800689130462
8.524,3,2.99993561558556,25.3243209920269
8.526,3,2.99993690327385,25.3465705991701
8.528,3,2.99993816520838,25.3548923340411
8.53,3,2.99993940190421,25.3549662746515
8.532,3,2.99994061386612,25.350635116465
8.534,3,2.9999418015888,25.2686836688423
8.536,3,2.99994296555703,25.3048304749069
8.538,3,2.99994410624588,25.3246819115499
8.54,3,2.99994522412097,25.3338852463244
8.542,3,2.99994631963855,25.336502580715
8.544,3,2.99994739324578,25.3353498774636
8.546,3,2.99994844538086,25.3323007220807
8.548,3,2.99994947647324,25.3285413002323
8.55,3,2.99995048694378,25.3247741977163
8.552,3,2.9999514772049,25.3213747979119
8.554,3,2.99995244766081,25.31850696795
8.556,3,2.99995339870759,25.3162056194793
8.558,3,2.99995433073344,25.3144334582355
8.56,3,2.99995524411877,25.3131183698815
8.562,3,2.99995613923639,25.3121767910916
8.564,3,2.99995701645167,25.3872262188779
8.566,3,2.99995787612263,25.419688763826
8.568,3,2.99995871860018,25.4262396591957
8.57,3,2.99995954422818,25.4183276728544
8.572,3,2.99996035334361,25.4034848242721
8.574,3,2.99996114627674,25.3107123877866
8.576,3,2.9999619233512,25.2612423552652
8.578,3,2.99996268488418,25.2397440666302
8.58,3,2.9999634311865,25.2352823698701
8.582,3,2.99996416256277,25.2403450952889
8.584,3,2.99996487931151,25.2499866608516
8.586,3,2.99996558172528,25.2611181224871
8.588,3,2.99996627009078,25.271945379436
8.59,3,2.99996694468896,25.2815418241685
8.592,3,2.99996760579518,25.2895348571672
8.594,3,2.99996825367928,25.2201851375982
8.596,3,2.99996888860569,25.2678379162672
8.598,3,2.99996951083358,25.2974754644681
8.6,3,2.99997012061691,25.2388830966075
8.602,3,2.99997071820457,25.2904263813797
8.604,3,2.99997130384048,25.3956079094038
8.606,3,2.99997187776367,25.5190088504065
8.608,3,2.9999724402084,25.5642464506782
8.61,3,2.99997299140423,25.5633418533784
8.612,3,2.99997353157614,25.4622241666475
8.614,3,2.99997406094462,25.3176518376593
8.616,3,2.99997457972573,25.1641778033518
8.618,3,2.99997508813121,25.0968034941127
8.62,3,2.99997558636859,25.0819879425115
8.622,3,2.99997607464122,25.0966594490999
8.624,3,2.99997655314839,25.0499067939651
8.626,3,2.99997702208543,25.0507154202637
8.628,3,2.99997748164372,25.0768043590821
8.63,3,2.99997793201084,25.1137981222671
8.632,3,2.99997837337063,25.1529553018634
8.634,3,2.99997880590321,25.1137024589563
8.636,3,2.99997922978515,25.1122136756208
8.638,3,2.99997964518945,25.1310079795869
8.64,3,2.99998005228566,25.1587624922295
8.642,3,2.99998045123994,25.1885554114616
8.644,3,2.99998084221515,25.216494784912
8.646,3,2.99998122537084,25.2406883247587
8.648,3,2.99998160086343,25.2604967443697
8.65,3,2.99998196884616,25.2760119641448
8.652,3,2.99998232946923,25.2120078010656
8.654,3,2.99998268287985,25.1876190336133
8.656,3,2.99998302922225,25.1867606410273
8.658,3,2.99998336863781,25.1985335846668
8.66,3,2.99998370126505,25.2158797321279
8.662,3,2.99998402723975,25.2344855679339
8.664,3,2.99998434669496,25.2519267589748
8.666,3,2.99998465976106,25.1913266562832
8.668,3,2.99998496656583,25.2464930305655
8.67,3,2.99998526723452,25.206544636424
8.672,3,2.99998556188983,25.1955218230224
8.674,3,2.99998585065203,25.2010103082756
8.676,3,2.99998613363899,25.2147610808401
8.678,3,2.99998641096621,25.2315602355325
8.68,3,2.99998668274689,25.2483268060167
8.682,3,2.99998694909195,25.2634212081177
8.684,3,2.99998721011011,25.2761342366002
8.686,3,2.99998746590791,25.2863227687461
8.688,3,2.99998771658975,25.3698585656597
8.69,3,2.99998796225796,25.4085602407791
8.692,3,2.9999882030128,25.4195362399944
8.694,3,2.99998843895254,25.414645361427
8.696,3,2.99998867017349,25.4017768253774
8.698,3,2.99998889677002,25.3859246012369
8.7,3,2.99998911883462,25.3700459984717
8.702,3,2.99998933645793,25.355720485654
8.704,3,2.99998954972877,25.3436369663863
8.706,3,2.99998975873419,25.3339414946285
8.708,3,2.99998996355951,25.3264762568779
8.71,3,2.99999016428832,25.3209369902223
8.712,3,2.99999036100255,25.3169713730995
8.714,3,2.9999905537825,25.3142362313691
8.716,3,2.99999074270685,25.3124271383121
8.718,3,2.99999092785271,25.3112903734088
8.72,3,2.99999110929566,25.3106242943733
8.722,3,2.99999128710975,25.3859738464937
8.724,3,2.99999146136755,25.4187200247479
8.726,3,2.9999916321402,25.4255177667677
8.728,3,2.9999917994974,25.4935075669756
8.73,3,2.99999196350745,25.5117163037665
8.732,3,2.9999921242373,25.501584180988
8.734,3,2.99999228175255,25.4773404468718
8.736,3,2.9999924361175,25.4479650300654
8.738,3,2.99999258739515,25.3430536717369
8.74,3,2.99999273564725,25.3596180132833
8.742,3,2.9999928809343,25.3636205831301
8.744,3,2.99999302331562,25.3605300608389
8.746,3,2.99999316284931,25.3539624577069
8.748,3,2.99999329959232,25.2704901212744
8.75,3,2.99999343360047,25.2299487677953
8.752,3,2.99999356492846,25.2162998877412
8.754,3,2.99999369362989,25.2183374168683
8.756,3,2.9999938197573,25.2285379902314
8.758,3,2.99999394336215,25.2420844190016
8.76,3,2.99999406449491,25.1803789926066
8.762,3,2.99999418320501,25.2360364890333
8.764,3,2.99999429954091,25.2730809027789
8.766,3,2.99999441355009,25.2965445094134
8.768,3,2.99999452527909,25.3104509373398
8.77,3,2.99999463477351,25.3178888786405
8.772,3,2.99999474207804,25.245444749228
8.774,3,2.99999484723648,25.2132556181677
8.776,3,2.99999495029175,25.2057077691675
8.778,3,2.99999505128591,25.2120438253977
8.78,3,2.99999515026019,25.2251575662547
8.782,3,2.99999524725499,25.2405909576914
8.784,3,2.99999534230989,25.255737993864
8.786,3,2.99999543546369,25.269237390179
8.788,3,2.99999552675442,25.280525912476
8.79,3,2.99999561621933,25.2138225258699
8.792,3,2.99999570389494,25.1878154009921
8.794,3,2.99999578981704,25.1860747043854
8.796,3,2.9999958740207,25.1974448944897
8.798,3,2.99999595654029,25.2146837394068
8.8,3,2.99999603740948,25.2333504002422
8.802,3,2.99999611666129,25.2509360603183
8.804,3,2.99999619432807,25.3419086032611
8.806,3,2.99999627044151,25.3873341717374
8.808,3,2.99999634503268,25.4039903429138
8.81,3,2.99999641813202,25.3279635861045
8.812,3,2.99999648976938,25.2100209641273
8.814,3,2.99999655997399,25.2327667158058
8.816,3,2.99999662877452,25.2525849926709
8.818,3,2.99999669619902,25.2688863270198
8.82,3,2.99999676227504,25.2817035174661
8.822,3,2.99999682702954,25.2913979237576
8.824,3,2.99999689048895,25.298470432738
8.826,3,2.99999695267917,25.3034468928574
8.828,3,2.99999701362559,25.2311156454879
8.83,3,2.99999707335308,25.200400930044
8.832,3,2.99999713188602,25.1949079601249
8.834,3,2.9999971892483,25.2034055955568
8.836,3,2.99999724546333,25.2185244698026
8.838,3,2.99999730055406,25.2356816775225
8.84,3,2.99999735454298,25.2522323952149
8.842,3,2.99999740745212,25.2668262363822
8.844,3,2.99999745930308,25.2789362982671
8.846,3,2.99999751011702,25.288526770574
8.848,3,2.99999755991468,25.2958272324413
8.85,3,2.99999760871639,25.3011861125879
8.852,3,2.99999765654206,25.4563786582575
8.854,3,2.99999770341122,25.5247491921101
8.856,3,2.99999774934299,25.5400775148369
8.858,3,2.99999779435613,25.4499114712882
8.86,3,2.99999783846901,25.3123938753443
8.862,3,2.99999788169963,25.1632004308537
8.864,3,2.99999792406564,25.1739039526737
8.866,3,2.99999796558432,25.1931107216473
8.868,3,2.99999800627264,25.2149558695319
8.87,3,2.99999804614718,25.1603528784098
8.872,3,2.99999808522424,25.2217739580966
8.874,3,2.99999812351976,25.2632992238017
8.876,3,2.99999816104936,25.2144185580119
8.878,3,2.99999819782837,25.1978558487928
8.88,3,2.99999823387181,25.2001600505971
8.882,3,2.99999826919437,25.212296850471
8.884,3,2.99999830381048,25.2284786295968
8.886,3,2.99999833773427,25.2452201519616
8.888,3,2.99999837097959,25.2606078126355
8.89,3,2.99999840356,25.2737548803401
8.892,3,2.9999984354888,25.2844096793153
8.894,3,2.99999846677902,25.2926839907514
8.896,3,2.99999849744344,25.2988723621292
8.898,3,2.99999852749457,25.3033377229568
8.9,3,2.99999855694468,25.3064436449717
8.902,3,2.99999858580578,25.3085181592631
8.904,3,2.99999861408967,25.3098379709419
8.906,3,2.99999864180788,25.3106251079268
8.908,3,2.99999866897172,25.3110505304698
8.91,3,2.99999869559228,25.3112410959621
8.912,3,2.99999872168044,25.2355887077383
8.914,3,2.99999874724683,25.202661655335
8.916,3,2.99999877230189,25.1957659219849
8.918,3,2.99999879685585,25.2034309133752
8.92,3,2.99999882091874,25.2181033152508
8.922,3,2.99999884450036,25.2350640260096
8.924,3,2.99999886761036,25.2515709294421
8.926,3,2.99999889025815,25.266206692491
8.928,3,2.99999891245299,25.2784002540471
8.93,3,2.99999893420393,25.2880881546044
8.932,3,2.99999895551985,25.2954838557892
8.934,3,2.99999897640945,25.3009274083486
8.936,3,2.99999899688126,25.3047927998737
8.938,3,2.99999901694364,25.3074352023017
8.94,3,2.99999903660476,25.3091647008218
8.942,3,2.99999905587267,25.3102367357651
8.944,3,2.99999907475521,25.3108523993644
8.946,3,2.99999909326011,25.3111639579258
8.948,3,2.99999911139491,25.3112826152353
8.95,3,2.99999912916701,25.3112867047842
8.952,3,2.99999914658367,25.2355303844302
8.954,3,2.999999163652,25.2025536707208
8.956,3,2.99999918037896,25.1956421151518
8.958,3,2.99999919677138,25.2033108892319
8.96,3,2.99999921283595,25.2179971539803
8.962,3,2.99999922857923,25.2349757342507
8.964,3,2.99999924400765,25.2515008799224
8.966,3,2.99999925912749,25.2661532835134
8.968,3,2.99999927394494,25.2783609892175
8.97,3,2.99999928846604,25.2880603068507
8.972,3,2.99999930269672,25.2197659265129
8.974,3,2.99999931664279,25.1923238787441
8.976,3,2.99999933030993,25.2650720165696
8.978,3,2.99999934370373,25.3840625463596
8.98,3,2.99999935682966,25.4402671404266
8.982,3,2.99999936969307,25.3817475967233
8.984,3,2.99999938229921,25.3435306333508
8.986,3,2.99999939465322,25.3199110590711
8.988,3,2.99999940676016,25.3064061079224
8.99,3,2.99999941862495,25.2996272538179
8.992,3,2.99999943025245,25.2971038637387
8.994,3,2.99999944164741,25.2970985755549
8.996,3,2.99999945281446,25.2227375671331
8.998,3,2.99999946375817,25.1917674472747
9,3,2.999999474483,25.2626893016018
9.002,3,2.99999948499334,25.3809412044658
9.004,3,2.99999949529348,25.4370600198343
9.006,3,2.99999950538761,25.3788112682413
9.008,3,2.99999951527986,25.341028497763
9.01,3,2.99999952497426,25.2421884724089
9.012,3,2.99999953447477,25.1962461840391
9.014,3,2.99999954378528,25.2587427042803
9.016,3,2.99999955290957,25.2971927359619
9.018,3,2.99999956185138,25.2433271710197
9.02,3,2.99999957061435,25.2212533011407
9.022,3,2.99999957920207,25.2940085821515
9.024,3,2.99999958761803,25.3344480785275
9.026,3,2.99999959586566,25.3536652775413
9.028,3,2.99999960394835,25.2839709696294
9.03,3,2.99999961186938,25.325144601281
9.032,3,2.999999619632,25.3456714644995
9.034,3,2.99999962723936,25.3531633572089
9.036,3,2.99999963469457,25.2772665437032
9.038,3,2.99999964200068,25.2400957239175
9.04,3,2.99999964916066,25.2272425795704
9.042,3,2.99999965617745,25.2286244020354
9.044,3,2.9999996630539,25.2374600617235
9.046,3,2.99999966979282,25.2493981325771
9.048,3,2.99999967639697,25.2618121977565
9.05,3,2.99999968286903,25.2732548484447
9.052,3,2.99999968921165,25.3587491051488
9.054,3,2.99999969542741,25.3995915091758
9.056,3,2.99999970151887,25.4125941434237
9.058,3,2.99999970748849,25.4094690431071
9.06,3,2.99999971333872,25.3223540010235
9.062,3,2.99999971907194,25.274751563014
9.064,3,2.99999972469051,25.252915787903
9.066,3,2.9999997301967,25.2469741434105
9.068,3,2.99999973559276,25.2500938150406
9.07,3,2.99999974088091,25.1820382483736
9.072,3,2.99999974606329,25.2341460285491
9.074,3,2.99999975114202,25.2694842813138
9.076,3,2.99999975611918,25.2166942015659
9.078,3,2.9999997609968,25.1978223591916
9.08,3,2.99999976577686,25.1988986148598
9.082,3,2.99999977046133,25.21050516107
9.084,3,2.9999997750521,25.2265810366311
9.086,3,2.99999977955106,25.2434533751422
9.088,3,2.99999978396003,25.259085162094
9.09,3,2.99999978828083,25.2725126798016
9.092,3,2.99999979251522,25.2834396176236
9.094,3,2.99999979666491,25.2919547772937
9.096,3,2.99999980073162,25.2226446240129
9.098,3,2.99999980471698,25.1943768405411
9.1,3,2.99999980862264,25.266482069148
9.102,3,2.99999981245019,25.3849906271095
9.104,3,2.99999981620119,25.4408466313847
9.106,3,2.99999981987716,25.4577829405516
9.108,3,2.99999982347962,25.3765964393587
9.11,3,2.99999982701003,25.2511027231232
9.112,3,2.99999983046983,25.1143697181702
9.114,3,2.99999983386043,25.0608377435523
9.116,3,2.99999983718322,25.0569527317233
9.118,3,2.99999984043956,25.0799233807636
9.12,3,2.99999984363077,25.0392476898541
9.122,3,2.99999984675815,25.0443486218053
9.124,3,2.99999984982299,25.0733546360219
9.126,3,2.99999985282653,25.0365453674741
9.128,3,2.99999985577,25.0439746205714
9.13,3,2.9999998586546,25.0742590298732
9.132,3,2.99999986148151,25.1137410711403
9.134,3,2.99999986425188,25.1542306546363
9.136,3,2.99999986696684,25.1912613073716
9.138,3,2.9999998696275,25.2227928468955
9.14,3,2.99999987223495,25.1725812518587
9.142,3,2.99999987479025,25.2351369729853
9.144,3,2.99999987729445,25.2002494457515
9.146,3,2.99999987974856,25.2682453620793
9.148,3,2.99999988215359,25.2329909308551
9.15,3,2.99999988451052,25.2218608378072
9.152,3,2.99999988682031,25.2246925639854
9.154,3,2.9999998890839,25.2346893827754
9.156,3,2.99999989130222,25.2475200495893
9.158,3,2.99999989347618,25.260595414656
9.16,3,2.99999989560665,25.2725107683167
9.162,3,2.99999989769452,25.3583305124379
9.164,3,2.99999989974063,25.3236888651727
9.166,3,2.99999990174582,25.303933986954
9.168,3,2.9999999037109,25.2940666017564
9.17,3,2.99999990563668,25.2904451923311
9.172,3,2.99999990752395,25.2905116144733
9.174,3,2.99999990937347,25.2925378673468
9.176,3,2.999999911186,25.2954091371795
9.178,3,2.99999991296228,25.2984475949958
9.18,3,2.99999991470303,25.3769742329215
9.182,3,2.99999991640897,25.4123026893416
9.184,3,2.99999991808079,25.4211106918836
9.186,3,2.99999991971918,25.4149084250107
9.188,3,2.99999992132479,25.4013146810989
9.19,3,2.9999999228983,25.3851213811454
9.192,3,2.99999992444033,25.3691401882074
9.194,3,2.99999992595153,25.3548493732383
9.196,3,2.9999999274325,25.3428703305381
9.198,3,2.99999992888385,25.3333062305902
9.2,3,2.99999993030617,25.3259737395659
9.202,3,2.99999993170005,25.3205548511788
9.204,3,2.99999993306604,25.3166911364885
9.206,3,2.99999993440472,25.3140379883344
9.208,3,2.99999993571663,25.3879910984996
9.21,3,2.9999999370023,25.3440946683542
9.212,3,2.99999993826225,25.3173910811715
9.214,3,2.99999993949701,25.3024904173071
9.216,3,2.99999994070707,25.2953538192826
9.218,3,2.99999994189292,25.2930614478777
9.22,3,2.99999994305507,25.2935783114688
9.222,3,2.99999994419396,25.2955420730793
9.224,3,2.99999994531008,25.3737824364409
9.226,3,2.99999994640388,25.4092732662684
9.228,3,2.99999994747581,25.418466839905
9.23,3,2.99999994852629,25.4127311008825
9.232,3,2.99999994955576,25.3996010072683
9.234,3,2.99999995056465,25.3838240628244
9.236,3,2.99999995155336,25.3681929147299
9.238,3,2.99999995252229,25.354182239095
9.24,3,2.99999995347184,25.342418412812
9.242,3,2.99999995440241,25.2573147530884
9.244,3,2.99999995531436,25.2172039194693
9.246,3,2.99999995620807,25.2050424627485
9.248,3,2.99999995708391,25.2089841632409
9.25,3,2.99999995794223,25.2211231877429
9.252,3,2.99999995878339,25.2364350284896
9.254,3,2.99999995960772,25.2519274264667
9.256,3,2.99999996041556,25.1902881431816
9.258,3,2.99999996120725,25.1693039960968
9.26,3,2.99999996198311,25.1720686007282
9.262,3,2.99999996274345,25.1872234066742
9.264,3,2.99999996348858,25.2074890646178
9.266,3,2.99999996421881,25.2284797364481
9.268,3,2.99999996493443,25.2477852962027
9.27,3,2.99999996563574,25.2642869560401
9.272,3,2.99999996632303,25.2776649016337
9.274,3,2.99999996699657,25.2880569032273
9.276,3,2.99999996765663,25.2958311220664
9.278,3,2.9999999683035,25.3014422299766
9.28,3,2.99999996893743,25.2296472350501
9.282,3,2.99999996955868,25.2750622984088
9.284,3,2.99999997016751,25.3027936579086
9.286,3,2.99999997076416,25.242660007725
9.288,3,2.99999997134888,25.2173097824636
9.29,3,2.9999999719219,25.2130083721136
9.292,3,2.99999997248346,25.2203549192102
9.294,3,2.99999997303379,25.2331871911805
9.296,3,2.99999997357312,25.247678008556
9.298,3,2.99999997410165,25.261622991526
9.3,3,2.99999997461962,25.2739006158267
9.302,3,2.99999997512723,25.2840774359191
9.304,3,2.99999997562468,25.2921296756465
9.306,3,2.99999997611219,25.2982543450175
9.308,3,2.99999997658995,25.3027467351823
9.31,3,2.99999997705815,25.3059253976481
9.312,3,2.99999997751698,25.30808984679
9.314,3,2.99999997796664,25.30949988532
9.316,3,2.99999997840731,25.310368499821
9.318,3,2.99999997883917,25.3108626931433
9.32,3,2.99999997926238,25.3111084666605
9.322,3,2.99999997967713,25.3111975235367
9.324,3,2.99999998008359,25.3111942280707
9.326,3,2.99999998048192,25.3111420147206
9.328,3,2.99999998087228,25.3110688711473
9.33,3,2.99999998125484,25.3109917863643
9.332,3,2.99999998162974,25.3109202080545
9.334,3,2.99999998199714,25.3108586303443
9.336,3,2.9999999823572,25.310808462523
9.338,3,2.99999998271006,25.3107693299273
9.34,3,2.99999998305586,25.3107399436495
9.342,3,2.99999998339474,25.3107186545094
9.344,3,2.99999998372684,25.3107037839925
9.346,3,2.99999998405231,25.3106938036068
9.348,3,2.99999998437126,25.3863863333861
9.35,3,2.99999998468384,25.4949735973921
9.352,3,2.99999998499016,25.5346845907284
9.354,3,2.99999998529036,25.5337507934773
9.356,3,2.99999998558455,25.4355380576086
9.358,3,2.99999998587286,25.2951484890208
9.36,3,2.9999999861554,25.2218246509002
9.362,3,2.99999998643229,25.1914976611814
9.364,3,2.99999998670365,25.187090147666
9.366,3,2.99999998696957,25.1212392281055
9.368,3,2.99999998723018,25.1048242518717
9.37,3,2.99999998748558,25.1163890768715
9.372,3,2.99999998773587,25.1417315914812
9.374,3,2.99999998798115,25.0962203756238
9.376,3,2.99999998822153,25.0931199816793
9.378,3,2.9999999884571,25.1129394318312
9.38,3,2.99999998868795,25.143023856206
9.382,3,2.9999999889142,25.0999135296339
9.384,3,2.99999998913591,25.0977288126529
9.386,3,2.99999998935319,25.117581636954
9.388,3,2.99999998956613,25.1472256894568
9.39,3,2.99999998977481,25.1791647658349
9.392,3,2.99999998997931,25.2091753099513
9.394,3,2.99999999017972,25.2351956206196
9.396,3,2.99999999037613,25.2565201997127
9.398,3,2.99999999056861,25.1975374014742
9.4,3,2.99999999075724,25.1772542439816
9.402,3,2.99999999094209,25.1796079648147
9.404,3,2.99999999112325,25.1937995782617
9.406,3,2.99999999130078,25.2129026108224
9.408,3,2.99999999147477,25.2327390643144
9.41,3,2.99999999164527,25.25100880523
9.412,3,2.99999999181237,25.2666400091722
9.414,3,2.99999999197612,25.2793215824936
9.416,3,2.9999999921366,25.2891787640227
9.418,3,2.99999999229387,25.220858170895
9.42,3,2.99999999244799,25.1932943460217
9.422,3,2.99999999259903,25.1901828521966
9.424,3,2.99999999274705,25.2004166624482
9.426,3,2.99999999289211,25.2167562772431
9.428,3,2.99999999303427,25.2347389088684
9.43,3,2.99999999317358,25.2518227978548
9.432,3,2.99999999331011,25.266741356589
9.434,3,2.99999999344391,25.2790329382218
9.436,3,2.99999999357503,25.2887106605774
9.438,3,2.99999999370353,25.2960394957722
9.44,3,2.99999999382946,25.3013925552915
9.442,3,2.99999999395287,25.3051637869177
9.444,3,2.99999999407381,25.3077193674512
9.446,3,2.99999999419233,25.2336756080711
9.448,3,2.99999999430849,25.2774940246796
9.45,3,2.99999999442232,25.304134035415
9.452,3,2.99999999453387,25.2432861778905
9.454,3,2.99999999464319,25.2174933300677
9.456,3,2.99999999475033,25.2129377938
9.458,3,2.99999999485532,25.2201558043768
9.46,3,2.99999999495822,25.2329391913174
9.462,3,2.99999999505905,25.2474284193427
9.464,3,2.99999999515787,25.261397188325
9.466,3,2.99999999525471,25.3494086991087
9.468,3,2.99999999534962,25.3925151877145
9.47,3,2.99999999544263,25.4074234580008
9.472,3,2.99999999553377,25.4058247868647
9.474,3,2.9999999956231,25.4712811601455
9.476,3,2.99999999571064,25.4903327083965
9.478,3,2.99999999579642,25.4827604568524
9.48,3,2.9999999958805,25.3860405794837
9.482,3,2.99999999596289,25.3270311399876
9.484,3,2.99999999604363,25.3696521750883
9.486,3,2.99999999612276,25.3865580859195
9.488,3,2.9999999962003,25.3880839051133
9.49,3,2.99999999627629,25.3812583230724
9.492,3,2.99999999635077,25.2949544359399
9.494,3,2.99999999642375,25.2504887420294
9.496,3,2.99999999649528,25.3084190703759
9.498,3,2.99999999656537,-4935.66473734302
9.5,3,2.99999999663406,-7091.19774328582
9.502,3,2.99999999670138,-7538.25260163591
9.504,3,2.99999999676736,-7030.20836348509
9.506,3,2.99999999683201,-6062.96259884384
9.508,3,2.99999999689537,-4946.32960978529
9.51,3,2.99999999695746,-3860.17351316667
9.512,3,2.99999999701831,-2897.61868880464
9.514,3,2.99999999707795,-2095.89387489486
9.516,3,2.99999999713639,-1459.05219646904
9.518,3,2.99999999719366,-972.981504560735
9.52,3,2.99999999724979,-615.276569240603
9.522,3,2.99999999730479,-361.321519693051
9.524,3,2.9999999973587,-187.751239745644
9.526,3,2.99999999741152,-74.0978729331
9.528,3,2.99999999746329,-3.76130093599866
9.53,3,2.99999999751403,36.6121078568859
9.532,3,2.99999999756374,57.0241816522744
9.534,3,2.99999999761247,64.7780937281903
9.536,3,2.99999999766022,65.0172749668227
9.538,3,2.99999999770702,61.2259250952514
9.54,3,2.99999999775288,55.65964951808
9.542,3,2.99999999779782,49.6963363094229
9.544,3,2.99999999784186,44.1098743397507
9.546,3,2.99999999788502,39.2000157591783
9.548,3,2.99999999792732,35.2112109792201
9.55,3,2.99999999796878,32.1071999647892
9.552,3,2.9999999980094,29.7813228811289
9.554,3,2.99999999804921,28.0999089646545
9.556,3,2.99999999808823,26.928077747102
9.558,3,2.99999999812646,26.1436159029725
9.56,3,2.99999999816394,25.6431263176883
9.562,3,2.99999999820066,25.3434497427447
9.564,3,2.99999999823664,25.180425438231
9.566,3,2.99999999827191,25.1063552581795
9.568,3,2.99999999830647,25.0870266842183
9.57,3,2.99999999834034,25.0987945011407
9.572,3,2.99999999837354,25.1259817679651
9.574,3,2.99999999840607,25.0830086365425
9.576,3,2.99999999843794,25.082565519373
9.578,3,2.99999999846919,25.1048435380661
9.58,3,2.9999999984998,25.1370379269029
9.582,3,2.99999999852981,25.1713423583633
9.584,3,2.99999999855921,25.2033861726357
9.586,3,2.99999999858803,25.2310620069473
9.588,3,2.99999999861626,25.25367729807
9.59,3,2.99999999864394,25.1956633027208
9.592,3,2.99999999867106,25.1760816861361
9.594,3,2.99999999869764,25.1789252019727
9.596,3,2.99999999872369,25.1934453646942
9.598,3,2.99999999874921,25.2884574599601
9.6,3,2.99999999877423,25.3413123719628
9.602,3,2.99999999879874,25.3664721082688
9.604,3,2.99999999882277,25.2986824333723
9.606,3,2.99999999884631,25.188021834561
9.608,3,2.99999999886939,25.1411227385812
9.61,3,2.999999998892,25.1328506283653
9.612,3,2.99999999891416,25.1459912133072
9.614,3,2.99999999893588,25.1692523241166
9.616,3,2.99999999895716,25.1956140144951
9.618,3,2.99999999897802,25.14532825071
9.62,3,2.99999999899845,25.1348352700894
9.622,3,2.99999999901849,25.1465957898431
9.624,3,2.99999999903812,25.1690613676554
9.626,3,2.99999999905735,25.1950177190357
9.628,3,2.99999999907621,25.2202735943801
9.63,3,2.99999999909468,25.242663314357
9.632,3,2.99999999911279,25.261314996658
9.634,3,2.99999999913053,25.2761326750009
9.636,3,2.99999999914792,25.2117446626123
9.638,3,2.99999999916496,25.1871771938377
9.64,3,2.99999999918166,25.1862671238706
9.642,3,2.99999999919803,25.2737601385143
9.644,3,2.99999999921407,25.3240563737872
9.646,3,2.99999999922979,25.2738559807742
9.648,3,2.99999999924519,25.2507233421459
9.65,3,2.99999999926029,25.3200055012789
9.652,3,2.99999999927508,25.3560273034653
9.654,3,2.99999999928958,25.2950602447484
9.656,3,2.99999999930379,25.2640939421518
9.658,3,2.99999999931772,25.2521805752806
9.66,3,2.99999999933136,25.2516022143762
9.662,3,2.99999999934473,25.2571248667539
9.664,3,2.99999999935784,25.265355572616
9.666,3,2.99999999937068,25.2742178998525
9.668,3,2.99999999938327,25.2825423368832
9.67,3,2.9999999993956,25.2897583768143
9.672,3,2.99999999940769,25.2956712144354
9.674,3,2.99999999941954,25.3003055986964
9.676,3,2.99999999943115,25.3038009042591
9.678,3,2.99999999944252,25.3063438695585
9.68,3,2.99999999945367,25.3081280574947
9.682,3,2.9999999994646,25.309331565943
9.684,3,2.99999999947531,25.3101066691262
9.686,3,2.9999999994858,25.3105768429919
9.688,3,2.99999999949609,25.3108380213882
9.69,3,2.99999999950616,25.3109619841694
9.692,3,2.99999999951604,25.3110005476629
9.694,3,2.99999999952572,25.3109897693913
9.696,3,2.99999999953521,25.235254827726
9.698,3,2.9999999995445,25.2023167096903
9.7,3,2.99999999955361,25.1954491208125
9.702,3,2.99999999956254,25.2031603861212
9.704,3,2.99999999957129,25.2178841616532
9.706,3,2.99999999957986,25.1591949772435
9.708,3,2.99999999958826,25.1428526229838
9.71,3,2.9999999995965,25.1507029209119
9.712,3,2.99999999960457,25.1706781742335
9.714,3,2.99999999961248,25.195147088857
9.716,3,2.99999999962023,25.2195970807012
9.718,3,2.99999999962782,25.2416238652711
9.72,3,2.99999999963527,25.2601846165266
9.722,3,2.99999999964256,25.2750653736314
9.724,3,2.99999999964971,25.2865152515292
9.726,3,2.99999999965672,25.2950056948462
9.728,3,2.99999999966358,25.3010801667575
9.73,3,2.99999999967031,25.2295679760638
9.732,3,2.9999999996769,25.2751416558366
9.734,3,2.99999999968337,25.3029497588297
9.736,3,2.9999999996897,25.3185405401288
9.738,3,2.99999999969591,25.3260781826311
9.74,3,2.99999999970199,25.2528789629259
9.742,3,2.99999999970795,25.2195534831666
9.744,3,2.99999999971379,25.2864770657119
9.746,3,2.99999999971951,25.3245503767229
9.748,3,2.99999999972512,25.3434827675504
9.75,3,2.99999999973062,25.3503404883766
9.752,3,2.99999999973601,25.27438413447
9.754,3,2.99999999974129,25.2374660495731
9.756,3,2.99999999974646,25.2250072042905
9.758,3,2.99999999975153,25.2268198934067
9.76,3,2.9999999997565,25.2360633930926
9.762,3,2.99999999976137,25.2483567737215
9.764,3,2.99999999976614,25.2610630714
9.766,3,2.99999999977082,25.2727354790025
9.768,3,2.9999999997754,25.2070056686009
9.77,3,2.9999999997799,25.2578893781959
9.772,3,2.9999999997843,25.2902315703795
9.774,3,2.99999999978861,25.3094952053896
9.776,3,2.99999999979284,25.2441850689712
9.778,3,2.99999999979698,25.2159241752528
9.78,3,2.99999999980104,25.2102075231691
9.782,3,2.99999999980502,25.2170758828284
9.784,3,2.99999999980892,25.2299768086975
9.786,3,2.99999999981274,25.2448210850257
9.788,3,2.99999999981649,25.2592365026707
9.79,3,2.99999999982016,25.2720005041548
9.792,3,2.99999999982376,25.2826241986221
9.794,3,2.99999999982728,25.2910581447245
9.796,3,2.99999999983074,25.2974920993728
9.798,3,2.99999999983412,25.3022246339739
9.8,3,2.99999999983744,25.3055828730267
9.802,3,2.99999999984069,25.3078768799112
9.804,3,2.99999999984388,25.3093770188316
9.806,3,2.999999999847,25.3103058021409
9.808,3,2.99999999985006,25.3108382660482
9.81,3,2.99999999985306,25.3868057743339
9.812,3,2.999999999856,25.4197993446165
9.814,3,2.99999999985888,25.426622473782
9.816,3,2.9999999998617,25.4188178627647
9.818,3,2.99999999986446,25.4039838879064
9.82,3,2.99999999986718,25.3868658450434
9.822,3,2.99999999986983,25.3702193988387
9.824,3,2.99999999987244,25.2797684331004
9.826,3,2.99999999987499,25.3102891941149
9.828,3,2.99999999987749,25.3266020168501
9.83,3,2.99999999987994,25.2580301050717
9.832,3,2.99999999988234,25.3023624695647
9.834,3,2.99999999988469,25.3268221049949
9.836,3,2.999999999887,25.2625724282213
9.838,3,2.99999999988926,25.2330622219007
9.84,3,2.99999999989147,25.2249879672302
9.842,3,2.99999999989364,25.2291404597501
9.844,3,2.99999999989577,25.239402533808
9.846,3,2.99999999989785,25.3276083855302
9.848,3,2.9999999998999,25.3729701032525
9.85,3,2.9999999999019,25.3910099053435
9.852,3,2.99999999990386,25.392700949012
9.854,3,2.99999999990578,25.3098088645644
9.856,3,2.99999999990767,25.1899973847835
9.858,3,2.99999999990952,25.0623250566919
9.86,3,2.99999999991132,25.0187609220421
9.862,3,2.9999999999131,25.0243436716744
9.864,3,2.99999999991484,25.0555810050296
9.866,3,2.99999999991654,25.0217156838126
9.868,3,2.99999999991821,25.0321783083123
9.87,3,2.99999999991984,25.0652443890114
9.872,3,2.99999999992145,25.031400435236
9.874,3,2.99999999992302,25.0409186064032
9.876,3,2.99999999992456,25.0726184628937
9.878,3,2.99999999992607,25.1130171513303
9.88,3,2.99999999992755,25.1540669477046
9.882,3,2.999999999929,25.1157135507431
9.884,3,2.99999999993041,25.1145058736074
9.886,3,2.99999999993181,25.1332238351583
9.888,3,2.99999999993317,25.160718945131
9.89,3,2.99999999993451,25.1901804542683
9.892,3,2.99999999993582,25.2177827314552
9.894,3,2.9999999999371,25.2416694131887
9.896,3,2.99999999993836,25.1855184659565
9.898,3,2.99999999993959,25.167931499334
9.9,3,2.9999999999408,25.1726429724083
9.902,3,2.99999999994198,25.1887791786306
9.904,3,2.99999999994314,25.2094145798562
9.906,3,2.99999999994428,25.2304123615306
9.908,3,2.9999999999454,25.2495309698708
9.91,3,2.99999999994649,25.2657606543775
9.912,3,2.99999999994756,25.2788481319816
9.914,3,2.99999999994861,25.213269555492
9.916,3,2.99999999994963,25.1879167658926
9.918,3,2.99999999995064,25.1865149626705
9.92,3,2.99999999995163,25.1980224021509
9.922,3,2.9999999999526,25.2152774319993
9.924,3,2.99999999995354,25.2338941276808
9.926,3,2.99999999995447,25.2513994821221
9.928,3,2.99999999995538,25.2665845497724
9.93,3,2.99999999995628,25.2790337126681
9.932,3,2.99999999995715,25.2887953823943
9.934,3,2.99999999995801,25.2961606174057
9.936,3,2.99999999995885,25.3015211314214
9.938,3,2.99999999995967,25.3052836478988
9.94,3,2.99999999996048,25.3078227516294
9.942,3,2.99999999996127,25.3094589207312
9.944,3,2.99999999996204,25.3104521532138
9.946,3,2.9999999999628,25.311004537752
9.948,3,2.99999999996355,25.3112673398689
9.95,3,2.99999999996427,25.3113497963968
9.952,3,2.99999999996499,25.3870268705114
9.954,3,2.99999999996569,25.4198437572554
9.956,3,2.99999999996637,25.3508693760743
9.958,3,2.99999999996705,25.3101253536594
9.96,3,2.99999999996771,25.2884552967832
9.962,3,2.99999999996835,25.2790944058729
9.964,3,2.99999999996898,25.3529196781264
9.966,3,2.9999999999696,25.3881154117342
9.968,3,2.99999999997021,25.3992398338449
9.97,3,2.99999999997081,25.3964312707499
9.972,3,2.99999999997139,25.3864707035092
9.974,3,2.99999999997196,25.4493786069288
9.976,3,2.99999999997253,25.3935340648595
9.978,3,2.99999999997307,25.3555801596357
9.98,3,2.99999999997361,25.3309116098478
9.982,3,2.99999999997414,25.391460541966
9.984,3,2.99999999997466,25.4157733758691
9.986,3,2.99999999997517,25.4183652022786
9.988,3,2.99999999997566,25.3334204633556
9.99,3,2.99999999997615,25.2101841175887
9.992,3,2.99999999997663,25.154392185882
9.994,3,2.99999999997709,25.2157676080846
9.996,3,2.99999999997755,25.1821624141001
9.998,3,2.999999999978,25.1769282833226
