Time [s],Voltage [V],Set Frequency [rad/s],Measured Frequency [rad/s]
0,1,0,0
0.002,1,0.379784946236559,0
0.004,1,0.743235056075847,0
0.006,1,1.09105290312635,0
0.008,1,1.42391084277683,0.0756989176765132
0.01,1,1.74245231190471,0.259988941247751
0.012,1,2.047293072683,0.483992063308805
0.014,1,2.33902240289018,0.782761277134992
0.016,1,2.61820423502394,1.09190913189994
0.018,1,2.88537824642076,1.45177822262034
0.02,1,3.14106090248868,1.80317469580987
0.022,1,3.38574645506981,2.11537204819113
0.024,1,3.61990789786251,2.45155433624997
0.026,1,3.84399788075014,2.76734575476582
0.028,1,4.0584495848039,3.11679612458942
0.03,1,4.26367755965104,3.4497043934326
0.032,1,4.46007852482734,3.74093552994034
0.034,1,4.64803213666273,4.056899585734
0.036,1,4.82790172218261,4.27916814571546
0.038,1,5.00003498144357,4.50523927984203
0.04,1,5.16476465966105,4.71102565551571
0.042,1,5.32240919042832,4.96138462447404
0.044,1,5.47327331127011,5.13510176015957
0.046,1,5.61764865272086,5.32650647609613
0.048,1,5.7558143020662,5.5084514872229
0.05,1,5.88803734283754,5.66739524231631
0.052,1,6.0145733711026,5.79838739240662
0.054,1,6.1356669895498,5.90154707789396
0.056,1,6.25155228032185,5.97968477970698
0.058,1,6.36245325751231,6.11246756107928
0.06,1,6.46858430019995,6.18558355778762
0.062,1,6.57015056685802,6.29536732409975
0.064,1,6.66734839193939,6.33816854750019
0.066,1,6.76036566540436,6.41672865788525
0.068,1,6.84938219592461,6.50660216962923
0.07,1,6.93457005846548,6.59363793287273
0.072,1,7.01609392691858,6.67057049651678
0.074,1,7.09411139242746,6.73452299981687
0.076,1,7.16877326802198,6.78524255428527
0.078,1,7.24022388015007,6.82390035711195
0.08,1,7.30860134767049,6.85231134877937
0.082,1,7.37403784884595,6.87245459227729
0.084,1,7.43665987685258,6.96190025424222
0.086,1,7.49658848429978,7.00377176417909
0.088,1,7.55393951723312,7.0161437382702
0.09,1,7.60882383907256,7.08726413632207
0.092,1,7.6613475449189,7.10699152467626
0.094,1,7.71161216664282,7.17306758138126
0.096,1,7.75971486915281,7.18163681909231
0.098,1,7.8057486382215,7.15869713242369
0.1,1,7.84980246023348,7.19691956615328
0.102,1,7.89196149420193,7.26398181234437
0.104,1,7.9323072363868,7.26410402058607
0.106,1,7.97091767783253,7.30422002981485
0.108,1,8.00786745513005,7.28600289923756
0.11,1,8.04322799469435,7.31417886854395
0.112,1,8.07706765083653,7.28861229885979
0.114,1,8.10945183789732,7.3126119409769
0.116,1,8.14044315669744,7.36067208174704
0.118,1,8.17010151554916,7.34111924231324
0.12,1,8.19848424606318,7.36314323412468
0.122,1,8.22564621397444,7.40516270091473
0.124,1,8.25163992520134,7.45369678710466
0.126,1,8.27651562734322,7.42521548939376
0.128,1,8.30032140681233,7.43417877672164
0.13,1,8.32310328178814,7.46222322651126
0.132,1,8.3449052911736,7.42197513691938
0.134,1,8.36576957972527,7.42498407057467
0.136,1,8.38573647952203,7.45076108433796
0.138,1,8.40484458792969,7.4104352447076
0.14,1,8.42313084221228,7.41454166302377
0.142,1,8.44063059093434,7.44193449020289
0.144,1,8.457377662292,7.47904028501989
0.146,1,8.47340442950525,7.51766292999828
0.148,1,8.48874187339749,7.47758355374499
0.15,1,8.50341964228362,7.47519411617826
0.152,1,8.51746610928218,7.49313713497217
0.154,1,8.53090842716251,7.5201507049662
0.156,1,8.54377258083294,7.5493346453252
0.158,1,8.55608343757131,7.50109659035269
0.16,1,8.56786479509513,7.49203622517986
0.162,1,8.57913942756415,7.50475999336058
0.164,1,8.5899291296044,7.52784347989922
0.166,1,8.60025475843862,7.55417261649586
0.168,1,8.6101362742047,7.57963378247905
0.17,1,8.61959277853999,7.60211922204298
0.172,1,8.62864255150601,7.5450998347991
0.174,1,8.6373030869251,7.60271315253602
0.176,1,8.64559112619714,7.56436566036441
0.178,1,8.65352269066178,7.55433462899723
0.18,1,8.6611131125688,7.56039222286656
0.182,1,8.66837706471638,7.5744305618528
0.184,1,8.6753285888146,7.51563986268699
0.186,1,8.68198112262903,7.499517365344
0.188,1,8.68834752595681,7.50773717956621
0.19,1,8.69444010548555,7.5281252791677
0.192,1,8.70027063858294,7.55298939773048
0.194,1,8.70585039606325,7.57778618138748
0.196,1,8.71119016397451,7.60009971699087
0.198,1,8.71630026444872,7.61888690378114
0.2,1,8.72119057565523,7.63393958734089
0.202,1,8.72587055089586,7.64551535848031
0.204,1,8.73034923687884,7.65409472453334
0.206,1,8.73463529120663,7.66022962983932
0.208,1,8.73873699911172,7.66445563489519
0.21,1,8.74266228947251,7.59154778880075
0.212,1,8.74641875014036,7.56040608447257
0.214,1,8.75001364260743,7.55460804115202
0.216,1,8.75345391604368,7.56289571919747
0.218,1,8.75674622072997,7.57787607477012
0.22,1,8.75989692091363,7.59494652685345
0.222,1,8.76291210711089,7.6114466518828
0.224,1,8.76579760788031,7.62601417611896
0.226,1,8.76855900108976,7.63811346249763
0.228,1,8.7712016246988,7.64770250963134
0.23,1,8.77373058707735,7.65500667266988
0.232,1,8.77615077688048,7.6603716221111
0.234,1,8.77846687249852,7.66417306541269
0.236,1,8.78068335110073,7.66676564518086
0.238,1,8.78280449728995,7.66845777022345
0.24,1,8.78483441138501,7.6695027583247
0.242,1,8.78677701734694,7.59440063307937
0.244,1,8.78863607036428,7.56180735411103
0.246,1,8.79041516411205,7.55509701782646
0.248,1,8.79211773769863,7.56284999265522
0.25,1,8.79374708231374,7.57754975249337
0.252,1,8.79530634759057,7.5945027950207
0.254,1,8.7967985476942,7.61098411075156
0.256,1,8.79822656714821,7.62558725667347
0.258,1,8.79959316641066,7.637747672129
0.26,1,8.8009009872102,7.64740541592136
0.262,1,8.80215255765277,7.65477553063561
0.264,1,8.80335029710857,7.66019845893245
0.266,1,8.80449652088884,7.6640479076236
0.268,1,8.80559344472158,7.59097951921726
0.27,1,8.80664318903463,7.63550721586101
0.272,1,8.80764778305465,7.58694570364061
0.274,1,8.80860916872972,7.56923990017022
0.276,1,8.80952920448327,7.56973414236971
0.278,1,8.81040966880657,7.57988403963879
0.28,1,8.81125226369661,7.59418066792178
0.282,1,8.81205861794622,7.60927735136694
0.284,1,8.81283029029262,7.62331064878447
0.286,1,8.81356877243057,7.63539190787247
0.288,1,8.81427549189593,7.56954103168448
0.29,1,8.81495181482513,7.54433414967745
0.292,1,8.8155990485961,7.54328684559014
0.294,1,8.8162184443554,7.55522501950733
0.296,1,8.81681119943689,7.57290892138492
0.298,1,8.81737845967617,7.51621225039302
0.3,1,8.81792132162558,7.5011498160836
0.302,1,8.81844083467394,7.50977374941418
0.304,1,8.81893800307506,7.53017632772204
0.306,1,8.81941378788904,7.55484573608831
0.308,1,8.81986910884005,7.57935548519252
0.31,1,8.82030484609424,7.52566216952998
0.312,1,8.82072184196115,7.51126848277763
0.314,1,8.82112090252196,7.51925032619603
0.316,1,8.82150279918769,7.46267631783301
0.318,1,8.82186827019037,7.45296307314229
0.32,1,8.82221802201014,7.46919508538213
0.322,1,8.82255273074088,7.49765931623565
0.324,1,8.82287304339719,7.52983657364441
0.326,1,8.82317957916505,7.56081788357654
0.328,1,8.82347293059881,7.58810377038393
0.33,1,8.82375366476661,7.61072621388328
0.332,1,8.82402232434654,7.55293040237553
0.334,1,8.82427942867572,7.53365795970402
0.336,1,8.82452547475418,7.53682865197
0.338,1,8.82476093820562,7.55165329921182
0.34,1,8.82498627419677,7.57122881036531
0.342,1,8.82520191831734,7.59140550114452
0.344,1,8.82540828742197,7.60991138696989
0.346,1,8.82560578043608,7.55000100854609
0.348,1,8.825794779127,7.52989017857143
0.35,1,8.82597564884197,7.53298569996722
0.352,1,8.82614873921436,7.62384846723349
0.354,1,8.82631438483954,7.67684283870437
0.356,1,8.82647290592172,7.70441509202887
0.358,1,8.82662460889282,7.71571076151735
0.36,1,8.82676978700496,7.71721276615907
0.362,1,8.82690872089722,7.6376455373807
0.364,1,8.8270416791382,7.5984033224086
0.366,1,8.82716891874516,7.58453583387274
0.368,1,8.82729068568085,7.58556705340054
0.37,1,8.82740721532899,7.59444062632666
0.372,1,8.82751873294925,7.60662002899504
0.374,1,8.82762545411272,7.54366115450734
0.376,1,8.82772758511862,7.59824947406782
0.378,1,8.82782532339309,7.55872957194187
0.38,1,8.82791885787081,7.5486296602368
0.382,1,8.82800836936024,7.55521358431268
0.384,1,8.82809403089313,7.57004367863348
0.386,1,8.82817600805902,7.58780703652371
0.388,1,8.82825445932529,7.60538126487111
0.39,1,8.82832953634356,7.54542122308383
0.392,1,8.82840138424276,7.52573591884618
0.394,1,8.82847014190974,7.52946834355122
0.396,1,8.82853594225771,7.54531894511456
0.398,1,8.82859891248318,7.56606668041254
0.4,1,8.82865917431186,7.58737789389005
0.402,1,8.82871684423393,7.60688622674736
0.404,1,8.82877203372925,7.62350785149323
0.406,1,8.82882484948283,7.6369497678287
0.408,1,8.82887539359109,7.6473695698912
0.41,1,8.82892376375922,7.65514955907418
0.412,1,8.82897005349001,7.58505520347301
0.414,1,8.82901435226463,7.55605447111527
0.416,1,8.82905674571561,7.55182750112591
0.418,1,8.82909731579236,7.5612273184876
0.42,1,8.82913614091957,7.57696534171025
0.422,1,8.82917329614884,7.59452967503136
0.424,1,8.82920885330373,7.61133428378829
0.426,1,8.82924288111862,7.62607525188633
0.428,1,8.82927544537158,7.63826099222008
0.43,1,8.82930660901151,7.57218265913588
0.432,1,8.82933643227983,7.54659377680215
0.434,1,8.82936497282694,7.54511977030452
0.436,1,8.82939228582363,7.55664952008162
0.438,1,8.82941842406777,7.57397505381085
0.44,1,8.82944343808636,7.59268099218935
0.442,1,8.82946737623319,7.61027677313873
0.444,1,8.8294902847823,7.62554397377779
0.446,1,8.82951220801747,7.56236382360236
0.448,1,8.82953318831779,7.53928935976494
0.45,1,8.82955326623961,7.53987698182588
0.452,1,8.82957248059489,7.55302345374283
0.454,1,8.8295908685263,7.5715689172628
0.456,1,8.82960846557893,7.59116280979069
0.458,1,8.82962530576908,7.60938189480627
0.46,1,8.82964142164998,7.62506976796279
0.462,1,8.82965684437471,7.63785964422834
0.464,1,8.82967160375645,7.5721430535406
0.466,1,8.82968572832606,7.62244988223294
0.468,1,8.8296992453873,7.65395748220128
0.47,1,8.82971218106957,7.67233148186034
0.472,1,8.82972456037841,7.68188908174145
0.474,1,8.82973640724385,7.68580239738478
0.476,1,8.8297477445667,7.61062098135664
0.478,1,8.82975859426275,7.57638453959282
0.48,1,8.82976897730522,7.56735934297537
0.482,1,8.82977891376521,7.57266776961027
0.484,1,8.82978842285057,7.58509509770844
0.486,1,8.82979752294302,7.60009176262415
0.488,1,8.82980623163365,7.61497831049581
0.49,1,8.82981456575693,7.62833689954426
0.492,1,8.8298225414233,7.63956232674412
0.494,1,8.82983017405025,7.64854242680935
0.496,1,8.82983747839218,7.65543899706457
0.498,1,8.82984446856886,7.66054394550862
0.5,1,8.82985115809278,7.66418974620564
0.502,1,8.82985755989524,7.66669768955096
0.504,1,8.82986368635136,7.668351392612
0.506,1,8.82986954930399,7.66938639280221
0.508,1,8.82987516008661,7.59429042672589
0.51,1,8.82988052954525,7.63741022649181
0.512,1,8.82988566805943,7.58791019084831
0.514,1,8.82989058556225,7.56960876682626
0.516,1,8.82989529155958,7.56974901288907
0.518,1,8.82989979514841,7.57970868844102
0.52,1,8.8299041050345,7.59392119519224
0.522,1,8.82990822954915,7.60899863318068
0.524,1,8.82991217666531,7.62304917712283
0.526,1,8.82991595401304,7.63516543843789
0.528,1,8.8299195688942,7.64505449507905
0.53,1,8.8299230282966,7.57708105688122
0.532,1,8.8299263389075,7.54999823427122
0.534,1,8.82992950712653,7.54739163834132
0.536,1,8.82993253907808,7.5580932564371
0.538,1,8.82993544062311,7.57483473153041
0.54,1,8.8299382173705,7.59314439758367
0.542,1,8.8299408746879,7.61048314613843
0.544,1,8.82994341771207,7.62559292649857
0.546,1,8.82994585135887,7.63802292459256
0.548,1,8.82994818033268,7.64779724604353
0.55,1,8.82995040913557,7.65519084897426
0.552,1,8.82995254207598,7.66058531113108
0.554,1,8.82995458327701,7.66438140062815
0.556,1,8.82995653668445,7.66695056383602
0.558,1,8.82995840607437,7.59291303453309
0.56,1,8.82996019506042,7.56103422818425
0.562,1,8.82996190710083,7.55478115986289
0.564,1,8.82996354550509,7.56280912818406
0.566,1,8.82996511344036,7.57765955028967
0.568,1,8.82996661393755,7.59468209074101
0.57,1,8.82996804989722,7.61118276763759
0.572,1,8.82996942409519,7.62577663046568
0.574,1,8.82997073918787,7.63791340564449
0.576,1,8.82997199771743,7.57184326930102
0.578,1,8.82997320211668,7.62199117165679
0.58,1,8.82997435471381,7.57776038585661
0.582,1,8.82997545773687,7.63896923848142
0.584,1,8.82997651331808,7.59896058693502
0.586,1,8.82997752349795,7.58462942743476
0.588,1,8.82997849022922,7.58540417594708
0.59,1,8.82997941538065,7.59415707148587
0.592,1,8.82998030074062,7.60630011358213
0.594,1,8.8299811480206,7.61905234335897
0.596,1,8.82998195885842,7.63087080308169
0.598,1,8.8299827348215,7.64102493264457
0.6,1,8.82998347740982,7.64928945335929
0.602,1,8.82998418805886,7.65573074143724
0.604,1,8.82998486814235,7.66056413514454
0.606,1,8.82998551897494,7.66406314767529
0.608,1,8.82998614181473,7.66650531696957
0.61,1,8.82998673786571,7.66814293510329
0.612,1,8.82998730828009,7.66918993259108
0.614,1,8.82998785416051,7.66981867110834
0.616,1,8.82998837656221,7.6701623360206
0.618,1,8.82998887649502,7.6703200786492
0.62,1,8.82998935492534,7.67036311720138
0.622,1,8.82998981277801,7.67034074673079
0.624,1,8.8299902509381,7.67028570743358
0.626,1,8.82999067025259,7.670218680973
0.628,1,8.82999107153205,7.67015187809101
0.63,1,8.82999145555218,7.67009178760344
0.632,1,8.82999182305531,7.59434228924438
0.634,1,8.82999217475185,7.63710850085046
0.636,1,8.82999251132167,7.58744970781551
0.638,1,8.82999283341536,7.56910908071899
0.64,1,8.82999314165556,7.5692777403774
0.642,1,8.82999343663811,7.65499799673367
0.644,1,8.82999371893325,7.62647708020974
0.646,1,8.82999398908666,7.61555551959051
0.648,1,8.82999424762057,7.61509601520926
0.65,1,8.82999449503473,7.62026032847011
0.652,1,8.82999473180743,7.62791361668364
0.654,1,8.82999495839636,7.63613870038425
0.656,1,8.82999517523953,7.64385688757125
0.658,1,8.82999538275611,7.65054303824714
0.66,1,8.82999558134724,7.65601900076751
0.662,1,8.82999577139682,7.66030922379033
0.664,1,8.82999595327223,7.58784485369028
0.666,1,8.82999612732504,7.55730507996274
0.668,1,8.8299962938917,7.55213404855392
0.67,1,8.82999645329421,7.56100022850584
0.672,1,8.82999660584069,7.57647612414619
0.674,1,8.82999675182604,7.59394897242349
0.676,1,8.82999689153245,7.61076211354831
0.678,1,8.82999702522998,7.62556410212403
0.68,1,8.82999715317708,7.6378328276074
0.682,1,8.82999727562107,7.6475399188123
0.684,1,8.82999739279866,7.65492307112582
0.686,1,8.82999750493635,7.66033838953005
0.688,1,8.82999761225092,7.66416996995878
0.69,1,8.8299977149498,7.66677892463444
0.692,1,8.82999781323153,7.66847847030154
0.694,1,8.82999790728609,7.59382645445697
0.696,1,8.82999799729529,7.5615298471956
0.698,1,8.82999808343313,7.55500508787864
0.7,1,8.82999816586611,7.56286608720692
0.702,1,8.82999824475359,7.57762185825143
0.704,1,8.82999832024806,7.59459764992557
0.706,1,8.82999839249545,7.61108173391068
0.708,1,8.82999846163544,7.54997780319552
0.71,1,8.82999852780165,7.5292328502362
0.712,1,8.82999859112201,7.53205512702345
0.714,1,8.82999865171891,7.54716512389688
0.716,1,8.8299987097095,7.56733575129504
0.718,1,8.82999876520586,7.5882139931593
0.72,1,8.82999881831529,7.53171002413023
0.722,1,8.82999886914044,7.51522077135345
0.724,1,8.82999891777956,7.52169516409256
0.726,1,8.82999896432667,7.53977499075588
0.728,1,8.82999900887176,7.56225853612033
0.73,1,8.82999905150093,7.50917223088363
0.732,1,8.82999909229659,7.49672969948622
0.734,1,8.8299991313376,7.50718683761068
0.736,1,8.82999916869942,7.52882221584628
0.738,1,8.82999920445429,7.5542826101662
0.74,1,8.82999923867131,7.57926969869034
0.742,1,8.82999927141663,7.60153828934236
0.744,1,8.82999930275355,7.62015952966344
0.746,1,8.82999933274264,7.63499812587141
0.748,1,8.82999936144188,7.64635527006423
0.75,1,8.82999938890675,7.57903624855438
0.752,1,8.82999941519033,7.55210939736856
0.754,1,8.82999944034343,7.54937760341696
0.756,1,8.82999946441468,7.5598164578584
0.758,1,8.82999948745061,7.57624775174671
0.76,1,8.82999950949574,7.59425256677077
0.762,1,8.8299995305927,7.61131939398657
0.764,1,8.82999955078226,7.62620164898743
0.766,1,8.82999957010346,7.63845024992723
0.768,1,8.82999958859363,7.57238675571999
0.77,1,8.82999960628853,7.62248455976546
0.772,1,8.82999962322235,7.65387728329894
0.774,1,8.82999963942784,7.67219794508138
0.776,1,8.82999965493632,7.60604136658236
0.778,1,8.82999966977777,7.57706904258028
0.78,1,8.82999968398088,7.49508424744561
0.782,1,8.8299996975731,7.54432211647066
0.784,1,8.82999971058071,7.50727172086374
0.786,1,8.82999972302885,7.50356725949962
0.788,1,8.82999973494159,7.51800877828577
0.79,1,8.82999974634195,7.54070058287625
0.792,1,8.82999975725197,7.56555192578823
0.794,1,8.82999976769275,7.51340310784997
0.796,1,8.82999977768446,7.5010428826416
0.798,1,8.82999978724642,7.51111821308247
0.8,1,8.82999979639711,7.53216199667856
0.802,1,8.82999980515422,7.55697732403943
0.804,1,8.82999981353469,7.58135449922006
0.806,1,8.8299998215547,7.60309211679982
0.808,1,8.82999982922977,7.62127688068238
0.81,1,8.82999983657472,7.63577246543985
0.812,1,8.82999984360377,7.64687028846233
0.814,1,8.82999985033049,7.65506108187366
0.816,1,8.82999985676788,7.66089342096101
0.818,1,8.82999986292841,7.66489258131733
0.82,1,8.82999986882396,7.5918206546211
0.822,1,8.82999987446594,7.56056453020215
0.824,1,8.82999987986525,7.55468983905085
0.826,1,8.82999988503234,7.56292857462594
0.828,1,8.82999988997718,7.57787959091416
0.83,1,8.82999989470935,7.59493405198679
0.832,1,8.82999989923798,7.53572796400288
0.834,1,8.82999990357183,7.51740136131983
0.836,1,8.82999990771928,7.52268084627635
0.838,1,8.82999991168834,7.54002625398588
0.84,1,8.82999991548669,7.56209340159848
0.842,1,8.82999991912167,7.58450028498094
0.844,1,8.82999992260031,7.60487684790958
0.846,1,8.82999992592933,7.6221597388038
0.848,1,8.82999992911516,7.63608730183258
0.85,1,8.82999993216397,7.64685117724263
0.852,1,8.82999993508165,7.57916687518438
0.854,1,8.82999993787384,7.55203236065711
0.856,1,8.82999994054593,7.54919744188539
0.858,1,8.8299999431031,7.55959909043735
0.86,1,8.82999994555028,7.5760319991015
0.862,1,8.8299999478922,7.59405896907169
0.864,1,8.8299999501334,7.61115671683929
0.866,1,8.82999995227819,7.5503725968823
0.868,1,8.82999995433075,7.52975920543961
0.87,1,8.82999995629501,7.53259968288348
0.872,1,8.8299999581748,7.54766563900825
0.874,1,8.82999995997373,7.49206446692876
0.876,1,8.82999996169529,7.47996945359985
0.878,1,8.82999996334281,7.49226606157904
0.88,1,8.82999996491946,7.51635488393823
0.882,1,8.8299999664283,7.54435395398338
0.884,1,8.82999996787224,7.57167460726997
0.886,1,8.82999996925408,7.59593708198742
0.888,1,8.82999997057649,7.61617429697531
0.89,1,8.82999997184201,7.63226787271219
0.892,1,8.82999997305311,7.56886473125391
0.894,1,8.82999997421212,7.54502975250815
0.896,1,8.82999997532127,7.54464530684192
0.898,1,8.82999997638272,7.55680284832637
0.9,1,8.82999997739852,7.57444799358288
0.902,1,8.82999997837063,7.59327767453678
0.904,1,8.82999997930092,7.61088054599911
0.906,1,8.82999998019121,7.62609193737336
0.908,1,8.8299999810432,7.56282794733611
0.91,1,8.82999998185854,7.5396629721226
0.912,1,8.82999998263882,7.54016545860837
0.914,1,8.82999998338554,7.55323806392196
0.916,1,8.82999998410014,7.57172295990149
0.918,1,8.829999984784,7.59126935385038
0.92,1,8.82999998543846,7.60945259670151
0.922,1,8.82999998606476,7.54941546280637
0.924,1,8.82999998666412,7.52929483667528
0.926,1,8.82999998723771,7.53244389255873
0.928,1,8.82999998778662,7.5476897614866
0.93,1,8.82999998831193,7.56788105748218
0.932,1,8.82999998881464,7.58871650047266
0.934,1,8.82999998929573,7.60783903287587
0.936,1,8.82999998975613,7.62416090701048
0.938,1,8.82999999019673,7.63737853951645
0.94,1,8.82999999061837,7.64763643327091
0.942,1,8.82999999102189,7.65530375306772
0.944,1,8.82999999140804,7.58513410275737
0.946,1,8.82999999177759,7.55608543550817
0.948,1,8.82999999213124,7.55182985012267
0.95,1,8.82999999246968,7.56121417765035
0.952,1,8.82999999279356,7.57694523849709
0.954,1,8.82999999310352,7.59450784352175
0.956,1,8.82999999340014,7.535614767742
0.958,1,8.82999999368401,7.59316515579761
0.96,1,8.82999999395566,7.55572645843683
0.962,1,8.82999999421563,7.54703266002851
0.964,1,8.82999999446442,7.55452395448725
0.966,1,8.82999999470251,7.56990593093056
0.968,1,8.82999999493036,7.587977152691
0.97,1,8.82999999514841,7.60569874714483
0.972,1,8.82999999535708,7.54578594810134
0.974,1,8.82999999555678,7.52608983722081
0.976,1,8.82999999574788,7.52978156937915
0.978,1,8.82999999593077,7.54557955914538
0.98,1,8.82999999610579,7.56627351976644
0.982,1,8.82999999627328,7.58753564585662
0.984,1,8.82999999643357,7.60700223536415
0.986,1,8.82999999658696,7.62359015257346
0.988,1,8.82999999673376,7.63700597294369
0.99,1,8.82999999687424,7.6474063131706
0.992,1,8.82999999700869,7.6551722987042
0.994,1,8.82999999713734,7.58506823191456
0.996,1,8.82999999726047,7.55606103560446
0.998,1,8.8299999973783,7.55182997108604
1,1,8.82999999749106,7.56122736143113
1.002,1,8.82999999759897,7.57696408630746
1.004,1,8.82999999770224,7.59452785124142
1.006,1,8.82999999780107,7.61133233692987
1.008,1,8.82999999789565,7.62607343155383
1.01,1,8.82999999798616,7.63825941901199
1.012,1,8.82999999807277,7.64788029064276
1.014,1,8.82999999815567,7.65518387651867
1.016,1,8.82999999823499,7.66053102889252
1.018,1,8.82999999831091,7.66430724981238
1.02,1,8.82999999838356,7.66687313730098
1.022,1,8.82999999845308,7.66854042072305
1.024,1,8.82999999851961,7.66956400576218
1.026,1,8.82999999858329,7.67014334100044
1.028,1,8.82999999864422,7.6704286199876
1.03,1,8.82999999870253,7.67052894952001
1.032,1,8.82999999875834,7.67052076014294
1.034,1,8.82999999881174,7.67045551572592
1.036,1,8.82999999886285,7.67036628839315
1.038,1,8.82999999891176,7.59457416185328
1.04,1,8.82999999895857,7.63729475880491
1.042,1,8.82999999900336,7.58759326068565
1.044,1,8.82999999904623,7.56921569473777
1.046,1,8.82999999908725,7.5693541358728
1.048,1,8.82999999912651,7.57935182181968
1.05,1,8.82999999916407,7.59361981739326
1.052,1,8.82999999920003,7.60875658733802
1.054,1,8.82999999923444,7.62286265660209
1.056,1,8.82999999926736,7.63502693337645
1.058,1,8.82999999929888,7.64495526221183
1.06,1,8.82999999932903,7.65271147588384
1.062,1,8.82999999935789,7.65854398979987
1.064,1,8.82999999938551,7.66277512293777
1.066,1,8.82999999941194,7.6657347887433
1.068,1,8.82999999943723,7.6677243889517
1.07,1,8.82999999946144,7.6690003754279
1.072,1,8.8299999994846,7.66976992156068
1.074,1,8.82999999950677,7.67019347779991
1.076,1,8.82999999952798,7.67039074566194
1.078,1,8.82999999954828,7.67044788488412
1.08,1,8.82999999956771,7.67042466678797
1.082,1,8.82999999958631,7.67036089295115
1.084,1,8.8299999996041,7.67028178863907
1.086,1,8.82999999962113,7.67020231725656
1.088,1,8.82999999963742,7.67013049365976
1.09,1,8.82999999965302,7.67006983663888
1.092,1,8.82999999966794,7.67002112034879
1.094,1,8.82999999968222,7.66998357907335
1.096,1,8.82999999969589,7.66995570159578
1.098,1,8.82999999970897,7.66993572834246
1.1,1,8.82999999972149,7.66992194097663
1.102,1,8.82999999973347,7.66991281274243
1.104,1,8.82999999974493,7.59420815204497
1.106,1,8.8299999997559,7.63701151032309
1.108,1,8.8299999997664,7.58738209682301
1.11,1,8.82999999977645,7.56906380810715
1.112,1,8.82999999978606,7.56924884702703
1.114,1,8.82999999979526,7.57928177094182
1.116,1,8.82999999980407,7.59357546947454
1.118,1,8.8299999998125,7.60873032144203
1.12,1,8.82999999982056,7.62284862454996
1.122,1,8.82999999982828,7.6350208094325
1.124,1,8.82999999983566,7.64495395935417
1.126,1,8.82999999984273,7.65271287226156
1.128,1,8.8299999998495,7.58284776994167
1.13,1,8.82999999985597,7.62988606021423
1.132,1,8.82999999986216,7.65891692353359
1.134,1,8.82999999986809,7.67548082677328
1.136,1,8.82999999987377,7.60806352072895
1.138,1,8.8299999998792,7.57821938637663
1.14,1,8.82999999988439,7.57135511709202
1.142,1,8.82999999988937,7.57742140332271
1.144,1,8.82999999989412,7.58978366441368
1.146,1,8.82999999989868,7.5285839743294
1.148,1,8.82999999990303,7.5855983655292
1.15,1,8.8299999999072,7.54862068188993
1.152,1,8.82999999991119,7.5408740123508
1.154,1,8.82999999991502,7.54947815895601
1.156,1,8.82999999991867,7.56595151864492
1.158,1,8.82999999992217,7.58499496102326
1.16,1,8.82999999992552,7.60352928313672
1.162,1,8.82999999992872,7.61996287328542
1.164,1,8.82999999993179,7.63365440313763
1.166,1,8.82999999993472,7.64453254092389
1.168,1,8.82999999993753,7.6528369225435
1.17,1,8.82999999994022,7.65894934365453
1.172,1,8.82999999994279,7.6632897191087
1.174,1,8.82999999994525,7.5905579276577
1.176,1,8.8299999999476,7.63530671036977
1.178,1,8.82999999994986,7.66258179008708
1.18,1,8.82999999995201,7.67784778523427
1.182,1,8.82999999995408,7.68520373067834
1.184,1,8.82999999995605,7.68761596081702
1.186,1,8.82999999995794,7.68715407807821
1.188,1,8.82999999995975,7.68520527743246
1.19,1,8.82999999996148,7.60695705946927
1.192,1,8.82999999996314,7.57144698478477
1.194,1,8.82999999996472,7.56222999229127
1.196,1,8.82999999996624,7.56794239818957
1.198,1,8.82999999996769,7.58105150728042
1.2,1,8.82999999996908,7.59681079058613
1.202,1,8.82999999997041,7.61242779268692
1.204,1,8.82999999997168,7.62642759279005
1.206,1,8.8299999999729,7.63818336075352
1.208,1,8.82999999997407,7.57188342429283
1.21,1,8.82999999997518,7.5462059142584
1.212,1,8.82999999997625,7.54472293113934
1.214,1,8.82999999997727,7.55628706095348
1.216,1,8.82999999997825,7.57366669972256
1.218,1,8.82999999997918,7.59243192074377
1.22,1,8.82999999998008,7.61008389411997
1.222,1,8.82999999998094,7.70109901115994
1.224,1,8.82999999998176,7.67085137619733
1.226,1,8.82999999998254,7.7303284633404
1.228,1,8.82999999998329,7.68037962414135
1.23,1,8.82999999998401,7.72841144427833
1.232,1,8.8299999999847,7.67254908370884
1.234,1,8.82999999998536,7.64250168454963
1.236,1,8.82999999998598,7.62918462403648
1.238,1,8.82999999998659,7.62610267798237
1.24,1,8.82999999998716,7.62878236670717
1.242,1,8.82999999998772,7.63426973838519
1.244,1,8.82999999998824,7.64071261103505
1.246,1,8.82999999998875,7.64702907971006
1.248,1,8.82999999998923,7.65265473813146
1.25,1,8.8299999999897,7.65735681982402
1.252,1,8.82999999999014,7.66110236489259
1.254,1,8.82999999999056,7.66396820519303
1.256,1,8.82999999999097,7.59038321389444
1.258,1,8.82999999999136,7.55899538833734
1.26,1,8.82999999999173,7.55320534100012
1.262,1,8.82999999999208,7.56163572353468
1.264,1,8.82999999999243,7.57681652706481
1.266,1,8.82999999999275,7.59409843304361
1.268,1,8.82999999999306,7.61079501077451
1.27,1,8.82999999999336,7.5498326821542
1.272,1,8.82999999999365,7.52917755563078
1.274,1,8.82999999999392,7.5320531860738
1.276,1,8.82999999999418,7.54719182318027
1.278,1,8.82999999999443,7.56737508670525
1.28,1,8.82999999999467,7.58825618402136
1.282,1,8.8299999999949,7.60744849115128
1.284,1,8.82999999999512,7.62384611474701
1.286,1,8.82999999999533,7.63713520632617
1.288,1,8.82999999999553,7.64745521875112
1.29,1,8.82999999999572,7.65517354596104
1.292,1,8.82999999999591,7.66074286188389
1.294,1,8.82999999999608,7.66461663541075
1.296,1,8.82999999999625,7.66720400372842
1.298,1,8.82999999999641,7.59315116804571
1.3,1,8.82999999999656,7.63693961503267
1.302,1,8.82999999999671,7.58784255583949
1.304,1,8.82999999999685,7.56976267794297
1.306,1,8.82999999999699,7.57000586405672
1.308,1,8.82999999999712,7.57999507801372
1.31,1,8.82999999999724,7.5941950694014
1.312,1,8.82999999999736,7.60923880377968
1.314,1,8.82999999999747,7.62324767275316
1.316,1,8.82999999999758,7.63532212185115
1.318,1,8.82999999999769,7.64517341979341
1.32,1,8.82999999999778,7.65286702858152
1.322,1,8.82999999999788,7.65865080855121
1.324,1,8.82999999999797,7.66284541370437
1.326,1,8.82999999999806,7.59007974734912
1.328,1,8.82999999999814,7.55915874447335
1.33,1,8.82999999999822,7.62930040643433
1.332,1,8.8299999999983,7.59500908796723
1.334,1,8.82999999999837,7.58411646133156
1.336,1,8.82999999999844,7.58677529549892
1.338,1,8.82999999999851,7.59639747908043
1.34,1,8.82999999999857,7.60878291433651
1.342,1,8.82999999999864,7.621419347804
1.344,1,8.82999999999869,7.63294244987499
1.346,1,8.82999999999875,7.567035710952
1.348,1,8.8299999999988,7.54204630765682
1.35,1,8.82999999999886,7.54134076621244
1.352,1,8.82999999999891,7.55365324150778
1.354,1,8.82999999999895,7.57169185265663
1.356,1,8.829999999999,7.59100335351574
1.358,1,8.82999999999904,7.60908760235202
1.36,1,8.82999999999908,7.62473262509594
1.362,1,8.82999999999912,7.63753292778734
1.364,1,8.82999999999916,7.64755305986433
1.366,1,8.8299999999992,7.65510183153299
1.368,1,8.82999999999923,7.66058781678359
1.37,1,8.82999999999926,7.58873354227704
1.372,1,8.82999999999929,7.63413028486285
1.374,1,8.82999999999933,7.58616805372106
1.376,1,8.82999999999935,7.56885854350558
1.378,1,8.82999999999938,7.56960173137451
1.38,1,8.82999999999941,7.57989743724763
1.382,1,8.82999999999943,7.59427048975294
1.384,1,8.82999999999946,7.60939905824994
1.386,1,8.82999999999948,7.62343734508786
1.388,1,8.8299999999995,7.63550876015752
1.39,1,8.82999999999952,7.64534001986503
1.392,1,8.82999999999955,7.65300650131054
1.394,1,8.82999999999956,7.58306313364392
1.396,1,8.82999999999958,7.55433951887857
1.398,1,8.8299999999996,7.55042956958661
1.4,1,8.82999999999962,7.56013639566616
1.402,1,8.82999999999963,7.57614578857956
1.404,1,8.82999999999965,7.59393570541333
1.406,1,8.82999999999966,7.61091921986364
1.408,1,8.82999999999968,7.55009762964399
1.41,1,8.82999999999969,7.52949139688491
1.412,1,8.82999999999971,7.5323621230508
1.414,1,8.82999999999972,7.54746765429328
1.416,1,8.82999999999973,7.56760604202192
1.418,1,8.82999999999974,7.58844041676693
1.42,1,8.82999999999975,7.53189071026467
1.422,1,8.82999999999976,7.59105815450853
1.424,1,8.82999999999977,7.55468963934528
1.426,1,8.82999999999978,7.54666880205122
1.428,1,8.82999999999979,7.55455483702215
1.43,1,8.8299999999998,7.57014424481986
1.432,1,8.82999999999981,7.58830255028315
1.434,1,8.82999999999982,7.60603846312794
1.436,1,8.82999999999983,7.6217986878375
1.438,1,8.82999999999983,7.63494998529694
1.44,1,8.82999999999984,7.6454121972774
1.442,1,8.82999999999985,7.65340798475946
1.444,1,8.82999999999985,7.65929949900428
1.446,1,8.82999999999986,7.58778860822393
1.448,1,8.82999999999987,7.55776278980533
1.45,1,8.82999999999987,7.55282063003045
1.452,1,8.82999999999988,7.56174108360557
1.454,1,8.82999999999988,7.57717279898269
1.456,1,8.82999999999989,7.59455333087942
1.458,1,8.82999999999989,7.61125760025682
1.46,1,8.8299999999999,7.62595263481904
1.462,1,8.8299999999999,7.63812598478073
1.464,1,8.8299999999999,7.64775328741072
1.466,1,8.82999999999991,7.65507283707226
1.468,1,8.82999999999991,7.66043946064022
1.47,1,8.82999999999992,7.66423510120754
1.472,1,8.82999999999992,7.66681846421579
1.474,1,8.82999999999992,7.6685004617658
1.476,1,8.82999999999993,7.66953583630678
1.478,1,8.82999999999993,7.67012423803171
1.48,1,8.82999999999993,7.67041623674191
1.482,1,8.82999999999993,7.67052137147102
1.484,1,8.82999999999994,7.67051649219329
1.486,1,8.82999999999994,7.67045343398197
1.488,1,8.82999999999994,7.67036557781441
1.49,1,8.82999999999995,7.67027317020062
1.492,1,8.82999999999995,7.67018745597872
1.494,1,8.82999999999995,7.67011377039083
1.496,1,8.82999999999995,7.67005377105935
1.498,1,8.82999999999996,7.67000699106457
1.5,1,8.82999999999996,7.66997187674434
1.502,1,8.82999999999996,7.59424753063908
1.504,1,8.82999999999996,7.56133758828545
1.506,1,8.82999999999996,7.55450476814645
1.508,1,8.82999999999996,7.56225088613726
1.51,1,8.82999999999996,7.57700611928846
1.512,1,8.82999999999996,7.59404239515253
1.514,1,8.82999999999997,7.61061353132385
1.516,1,8.82999999999997,7.62530114506946
1.518,1,8.82999999999997,7.63753483764317
1.52,1,8.82999999999997,7.647252659403
1.522,1,8.82999999999997,7.65466988471639
1.524,1,8.82999999999997,7.58442944198364
1.526,1,8.82999999999997,7.55541257478255
1.528,1,8.82999999999998,7.55124035417235
1.53,1,8.82999999999998,7.56072731349744
1.532,1,8.82999999999998,7.57656115014568
1.534,1,8.82999999999998,7.59421646419108
1.536,1,8.82999999999998,7.61110049739327
1.538,1,8.82999999999998,7.6259068891417
1.54,1,8.82999999999998,7.63814413071552
1.542,1,8.82999999999998,7.64780371001968
1.544,1,8.82999999999998,7.57943657571764
1.546,1,8.82999999999998,7.55191135026657
1.548,1,8.82999999999998,7.54888004401761
1.55,1,8.82999999999998,7.55920830284117
1.552,1,8.82999999999998,7.57564064860455
1.554,1,8.82999999999998,7.59370594317669
1.556,1,8.82999999999998,7.6108589682402
1.558,1,8.82999999999998,7.55013370926403
1.56,1,8.82999999999998,7.60527419798703
1.562,1,8.82999999999998,7.56535540516927
1.564,1,8.82999999999998,7.5543888576833
1.566,1,8.82999999999998,7.55994227343898
1.568,1,8.82999999999998,7.57375618816118
1.57,1,8.82999999999998,7.59061129956786
1.572,1,8.82999999999998,7.60742447271452
1.574,1,8.82999999999998,7.6225558903111
1.576,1,8.82999999999998,7.63529716903951
1.578,1,8.82999999999998,7.64550648953023
1.58,1,8.82999999999998,7.65335812662906
1.582,1,8.82999999999998,7.65917769933964
1.584,1,8.82999999999998,7.66333938748102
1.586,1,8.82999999999998,7.66620633388571
1.588,1,8.82999999999998,7.66809995560091
1.59,1,8.82999999999998,7.66928769850305
1.592,1,8.82999999999998,7.66998183468485
1.594,1,8.82999999999998,7.67034426664481
1.596,1,8.82999999999998,7.67049406020619
1.598,1,8.82999999999998,7.67051568894978
1.6,1,8.82999999999998,7.67046684434079
1.602,1,8.82999999999998,7.59468632577331
1.604,1,8.82999999999998,7.56170312439281
1.606,1,8.82999999999998,7.55479516488674
1.608,1,8.82999999999998,7.48677363917728
1.61,1,8.82999999999998,7.46857816072788
1.612,1,8.82999999999998,7.4787462191083
1.614,1,8.82999999999998,7.5030344338522
1.616,1,8.82999999999998,7.53245449751231
1.618,1,8.82999999999998,7.56170726718349
1.62,1,8.82999999999998,7.51228478381352
1.622,1,8.82999999999998,7.50148863989116
1.624,1,8.82999999999998,7.51235395864637
1.626,1,8.82999999999998,7.53369700821226
1.628,1,8.82999999999998,7.55852040742543
1.63,1,8.82999999999998,7.58274959036755
1.632,1,8.82999999999998,7.60427060712226
1.634,1,8.82999999999998,7.62222356508342
1.636,1,8.82999999999998,7.636502114747
1.638,1,8.82999999999998,7.6474121991245
1.64,1,8.82999999999998,7.6554494040934
1.642,1,8.82999999999998,7.66116152251786
1.644,1,8.82999999999998,7.66507011952769
1.646,1,8.82999999999998,7.59193238128777
1.648,1,8.82999999999998,7.56063013855734
1.65,1,8.82999999999998,7.47902546372881
1.652,1,8.82999999999998,7.45435203720935
1.654,1,8.82999999999998,7.46247005511694
1.656,1,8.82999999999998,7.48727156207699
1.658,1,8.82999999999998,7.5185210510411
1.66,1,8.82999999999998,7.55012446346555
1.662,1,8.82999999999998,7.57879745941043
1.664,1,8.82999999999998,7.60307801857146
1.666,1,8.82999999999998,7.6226200941626
1.668,1,8.82999999999998,7.56200792270281
1.67,1,8.82999999999998,7.61603677285675
1.672,1,8.82999999999998,7.65016193805537
1.674,1,8.82999999999998,7.67030625320436
1.676,1,8.82999999999998,7.60530876626607
1.678,1,8.82999999999998,7.57702678549378
1.68,1,8.82999999999998,7.57111317611897
1.682,1,8.82999999999998,7.57771024173475
1.684,1,8.82999999999998,7.5903270121566
1.686,1,8.82999999999998,7.60490832023504
1.688,1,8.82999999999998,7.61909802076883
1.69,1,8.82999999999998,7.55597952750677
1.692,1,8.82999999999998,7.53356804448153
1.694,1,8.82999999999998,7.45937492762975
1.696,1,8.82999999999998,7.51629176109498
1.698,1,8.82999999999998,7.48610234643941
1.7,1,8.82999999999998,7.56384447556746
1.702,1,8.82999999999998,7.54006603881605
1.704,1,8.82999999999998,7.54020164077584
1.706,1,8.82999999999998,7.55307504878713
1.708,1,8.82999999999998,7.57146981984817
1.71,1,8.82999999999998,7.59099314226826
1.712,1,8.82999999999998,7.60919134415463
1.714,1,8.82999999999998,7.62488688882655
1.716,1,8.82999999999998,7.63769890506321
1.718,1,8.82999999999998,7.64770890161175
1.72,1,8.82999999999998,7.65523688795792
1.722,1,8.82999999999998,7.66069846074501
1.724,1,8.82999999999998,7.66451916683943
1.726,1,8.82999999999998,7.66708785886747
1.728,1,8.82999999999998,7.66873544552721
1.73,1,8.82999999999998,7.66972927989153
1.732,1,8.82999999999998,7.67027643988854
1.734,1,8.82999999999998,7.67053142640199
1.736,1,8.82999999999998,7.67060545711733
1.738,1,8.82999999999998,7.59487677629101
1.74,1,8.82999999999998,7.63760133624337
1.742,1,8.82999999999998,7.58787169325295
1.744,1,8.82999999999998,7.56945164000326
1.746,1,8.82999999999998,7.56954413964667
1.748,1,8.82999999999998,7.57949857653896
1.75,1,8.82999999999998,7.59372902720133
1.752,1,8.82999999999998,7.60883499927172
1.754,1,8.82999999999998,7.62291690787309
1.756,1,8.82999999999998,7.63506294756989
1.758,1,8.82999999999998,7.64497799776631
1.76,1,8.82999999999998,7.65272488723442
1.762,1,8.82999999999998,7.6585511057504
1.764,1,8.82999999999998,7.58707926212923
1.766,1,8.82999999999998,7.55714427367492
1.768,1,8.82999999999998,7.55231159038297
1.77,1,8.82999999999998,7.56134065804379
1.772,1,8.82999999999998,7.57686980788753
1.774,1,8.82999999999998,7.59433219677693
1.776,1,8.82999999999998,7.61110193813044
1.778,1,8.82999999999998,7.62584724619975
1.78,1,8.82999999999998,7.56235888622955
1.782,1,8.82999999999998,7.5391205693419
1.784,1,8.82999999999998,7.53963748236881
1.786,1,8.82999999999998,7.55276988921548
1.788,1,8.82999999999998,7.57133287892394
1.79,1,8.82999999999998,7.59095941262989
1.792,1,8.82999999999998,7.60921597672252
1.794,1,8.82999999999998,7.6249402095324
1.796,1,8.82999999999998,7.63776226001023
1.798,1,8.82999999999998,7.64777135402751
1.8,1,8.82999999999998,7.65529269532926
1.802,1,8.82999999999998,7.66074521694956
1.804,1,8.82999999999998,7.66455648222468
1.806,1,8.82999999999998,7.59141753976195
1.808,1,8.82999999999998,7.56016546775061
1.81,1,8.82999999999998,7.55433232326622
1.812,1,8.82999999999998,7.56262849730696
1.814,1,8.82999999999998,7.57763975676735
1.816,1,8.82999999999998,7.59475001074515
1.818,1,8.82999999999998,7.61129075387982
1.82,1,8.82999999999998,7.62589532258633
1.822,1,8.82999999999998,7.63802609179703
1.824,1,8.82999999999998,7.64764054901415
1.826,1,8.82999999999998,7.65496437621493
1.828,1,8.82999999999998,7.66034398526438
1.83,1,8.82999999999998,7.6641559728539
1.832,1,8.82999999999998,7.66675586190318
1.834,1,8.82999999999998,7.59275393221708
1.836,1,8.82999999999998,7.56090981068656
1.838,1,8.82999999999998,7.55468751615012
1.84,1,8.82999999999998,7.56274113560571
1.842,1,8.82999999999998,7.57761194573495
1.844,1,8.82999999999998,7.59465005565271
1.846,1,8.82999999999998,7.61116219607116
1.848,1,8.82999999999998,7.62576420168871
1.85,1,8.82999999999998,7.6379065453502
1.852,1,8.82999999999998,7.57184005525782
1.854,1,8.82999999999998,7.54629130136569
1.856,1,8.82999999999998,7.54486854485805
1.858,1,8.82999999999998,7.55645041656741
1.86,1,8.82999999999998,7.57382339292834
1.862,1,8.82999999999998,7.59256959649162
1.864,1,8.82999999999998,7.53449892385285
1.866,1,8.82999999999998,7.51689903666715
1.868,1,8.82999999999998,7.5226155905895
1.87,1,8.82999999999998,7.54020048804364
1.872,1,8.82999999999998,7.56237813761877
1.874,1,8.82999999999998,7.58481583936387
1.876,1,8.82999999999998,7.60517769096289
1.878,1,8.82999999999998,7.54672412794273
1.88,1,8.82999999999998,7.52771350073848
1.882,1,8.82999999999998,7.53161049004768
1.884,1,8.82999999999998,7.54733741761437
1.886,1,8.82999999999998,7.5678199935283
1.888,1,8.82999999999998,7.58881677647025
1.89,1,8.82999999999998,7.60801544000252
1.892,1,8.82999999999998,7.62436049728272
1.894,1,8.82999999999998,7.63757079248858
1.896,1,8.82999999999998,7.64780579931815
1.898,1,8.82999999999998,7.65544419983347
1.9,1,8.82999999999998,7.66094418562767
1.902,1,8.82999999999998,7.6647611218234
1.904,1,8.82999999999998,7.66730392370641
1.906,1,8.82999999999998,7.59321746307678
1.908,1,8.82999999999998,7.63698143786987
1.91,1,8.82999999999998,7.58786720212516
1.912,1,8.82999999999998,7.56977573303968
1.914,1,8.82999999999998,7.57001145013643
1.916,1,8.82999999999998,7.57999613021962
1.918,1,8.82999999999998,7.59419360025479
1.92,1,8.82999999999998,7.60923613522339
1.922,1,8.82999999999998,7.62324462803641
1.924,1,8.82999999999998,7.63531917706356
1.926,1,8.82999999999998,7.64517081892803
1.928,1,8.82999999999998,7.65286486779368
1.93,1,8.82999999999998,7.65864909567803
1.932,1,8.82999999999998,7.5871451910408
1.934,1,8.82999999999998,7.55718660042975
1.936,1,8.82999999999998,7.55233715476343
1.938,1,8.82999999999998,7.56135476146586
1.94,1,8.82999999999998,7.57687640826732
1.942,1,8.82999999999998,7.59433414503296
1.944,1,8.82999999999998,7.61110121354537
1.946,1,8.82999999999998,7.62584516794447
1.948,1,8.82999999999998,7.56235629130021
1.95,1,8.82999999999998,7.53911795502644
1.952,1,8.82999999999998,7.53963511573916
1.954,1,8.82999999999998,7.55276788823108
1.956,1,8.82999999999998,7.49563235271781
1.958,1,8.82999999999998,7.4823670662217
1.96,1,8.82999999999998,7.5695019563826
1.962,1,8.82999999999998,7.55017345681437
1.964,1,8.82999999999998,7.55168424478845
1.966,1,8.82999999999998,7.56415762727191
1.968,1,8.82999999999998,7.58124529432086
1.97,1,8.82999999999998,7.59910685598017
1.972,1,8.82999999999998,7.61561820001861
1.974,1,8.82999999999998,7.62977999103715
1.976,1,8.82999999999998,7.64129126562895
1.978,1,8.82999999999998,7.57455422509627
1.98,1,8.82999999999998,7.54838004960286
1.982,1,8.82999999999998,7.54641766125149
1.984,1,8.82999999999998,7.55755890454775
1.986,1,8.82999999999998,7.57458753033329
1.988,1,8.82999999999998,7.59307470560543
1.99,1,8.82999999999998,7.6105149820609
1.992,1,8.82999999999998,7.62567575596902
1.994,1,8.82999999999998,7.56242585168284
1.996,1,8.82999999999998,7.539308072374
1.998,1,8.82999999999998,7.53987075135947
2,1,8.82999999999998,7.55300453831724
2.002,1,8.82999999999998,7.57154510497586
2.004,1,8.82999999999998,7.59113873662986
2.006,1,8.82999999999998,7.60936005847082
2.008,1,8.82999999999998,7.62505127948347
2.01,1,8.82999999999998,7.71354368327355
2.012,1,8.82999999999998,7.68072267407083
2.014,1,8.82999999999998,7.66215443823993
2.016,1,8.82999999999998,7.65301852608839
2.018,1,8.82999999999998,7.57411477798068
2.02,1,8.82999999999998,7.54149657174229
2.022,1,8.82999999999998,7.53677753787441
2.024,1,8.82999999999998,7.54740035400264
2.026,1,8.82999999999998,7.56515515831794
2.028,1,8.82999999999998,7.58496047658731
2.03,1,8.82999999999998,7.60390444153939
2.032,1,8.82999999999998,7.62051943043634
2.034,1,8.82999999999998,7.55855383613464
2.036,1,8.82999999999998,7.53650301555591
2.038,1,8.82999999999998,7.5379114549409
2.04,1,8.82999999999998,7.55168958407113
2.042,1,8.82999999999998,7.57070350079332
2.044,1,8.82999999999998,7.59063259013823
2.046,1,8.82999999999998,7.60908273581853
2.048,1,8.82999999999998,7.62492333849428
2.05,1,8.82999999999998,7.63780910357924
2.052,1,8.82999999999998,7.64784754754678
2.054,1,8.82999999999998,7.65537701851782
2.056,1,8.82999999999998,7.660825552589
2.058,1,8.82999999999998,7.66462676285566
2.06,1,8.82999999999998,7.66717444022451
2.062,1,8.82999999999998,7.66880227643366
2.064,1,8.82999999999998,7.66977898372674
2.066,1,8.82999999999998,7.59461318816055
2.068,1,8.82999999999998,7.56196498123514
2.07,1,8.82999999999998,7.55520979967577
2.072,1,8.82999999999998,7.56292773146165
2.074,1,8.82999999999998,7.57760113350828
2.076,1,8.82999999999998,7.5945350507116
2.078,1,8.82999999999998,7.61100298513138
2.08,1,8.82999999999998,7.62559713318629
2.082,1,8.82999999999998,7.63775177612206
2.084,1,8.82999999999998,7.57170711922838
2.086,1,8.82999999999998,7.54618312726251
2.088,1,8.82999999999998,7.54478425040196
2.09,1,8.82999999999998,7.55638717449232
2.092,1,8.82999999999998,7.57377761792261
2.094,1,8.82999999999998,7.59253765290273
2.096,1,8.82999999999998,7.6101764256873
2.098,1,8.82999999999998,7.625476453872
2.1,1,8.82999999999998,7.63801938927545
2.102,1,8.82999999999998,7.64785427887947
2.104,1,8.82999999999998,7.65527454840146
2.106,1,8.82999999999998,7.66067496863222
2.108,1,8.82999999999998,7.66446538618937
2.11,1,8.82999999999998,7.66702323602296
2.112,1,8.82999999999998,7.66867141954206
2.114,1,8.82999999999998,7.66967189126883
2.116,1,8.82999999999998,7.59452933672317
2.118,1,8.82999999999998,7.6376007156093
2.12,1,8.82999999999998,7.58805606097691
2.122,1,8.82999999999998,7.64541536656385
2.124,1,8.82999999999998,7.60271789313973
2.126,1,8.82999999999998,7.58658219737132
2.128,1,8.82999999999998,7.58620201957585
2.13,1,8.82999999999998,7.59426035358003
2.132,1,8.82999999999998,7.60602285542629
2.134,1,8.82999999999998,7.61859954186076
2.136,1,8.82999999999998,7.63036908994577
2.138,1,8.82999999999998,7.640546656467
2.14,1,8.82999999999998,7.64887087795405
2.142,1,8.82999999999998,7.65538531077964
2.144,1,8.82999999999998,7.66029179859072
2.146,1,8.82999999999998,7.66385666412273
2.148,1,8.82999999999998,7.66635432596407
2.15,1,8.82999999999998,7.66803643545858
2.152,1,8.82999999999998,7.66911766725017
2.154,1,8.82999999999998,7.66977179212228
2.156,1,8.82999999999998,7.67013362004697
2.158,1,8.82999999999998,7.67030388151701
2.16,1,8.82999999999998,7.67035519382561
2.162,1,8.82999999999998,7.59463909932884
2.164,1,8.82999999999998,7.63739382820611
2.166,1,8.82999999999998,7.58770075179121
2.168,1,8.82999999999998,7.56931706742804
2.17,1,8.82999999999998,7.56944224108327
2.172,1,8.82999999999998,7.57942415704989
2.174,1,8.82999999999998,7.59367660472125
2.176,1,8.82999999999998,7.60879947969449
2.178,1,8.82999999999998,7.62289390672386
2.18,1,8.82999999999998,7.63504889148607
2.182,1,8.82999999999998,7.64497009855515
2.184,1,8.82999999999998,7.65272105054641
2.186,1,8.82999999999998,7.58285089622701
2.188,1,8.82999999999998,7.55418726649761
2.19,1,8.82999999999998,7.55032432849632
2.192,1,8.82999999999998,7.63576552599223
2.194,1,8.82999999999998,7.6089939814488
2.196,1,8.82999999999998,7.60073071503962
2.198,1,8.82999999999998,7.6031517875921
2.2,1,8.82999999999998,7.61103089946907
2.202,1,8.82999999999998,7.62104265186325
2.204,1,8.82999999999998,7.63120342780166
2.206,1,8.82999999999998,7.64044083610022
2.208,1,8.82999999999998,7.64827420046863
2.21,1,8.82999999999998,7.65458579338851
2.212,1,8.82999999999998,7.65946303426579
2.214,1,8.82999999999998,7.66309410081901
2.216,1,8.82999999999998,7.66570232364599
2.218,1,8.82999999999998,7.66750773534309
2.22,1,8.82999999999998,7.59300797595751
2.222,1,8.82999999999998,7.63657225153289
2.224,1,8.82999999999998,7.58739191936752
2.226,1,8.82999999999998,7.5693121155793
2.228,1,8.82999999999998,7.56959980993104
2.23,1,8.82999999999998,7.57965283203342
2.232,1,8.82999999999998,7.593920624846
2.234,1,8.82999999999998,7.60902759817113
2.236,1,8.82999999999998,7.62309103190145
2.238,1,8.82999999999998,7.6352100352714
2.24,1,8.82999999999998,7.64509615247083
2.242,1,8.82999999999998,7.65281595319202
2.244,1,8.82999999999998,7.65861873988448
2.246,1,8.82999999999998,7.66282664465089
2.248,1,8.82999999999998,7.66576883988182
2.25,1,8.82999999999998,7.66774576390339
2.252,1,8.82999999999998,7.66901288169488
2.254,1,8.82999999999998,7.66977646464287
2.256,1,8.82999999999998,7.67019619547979
2.258,1,8.82999999999998,7.67039115537716
2.26,1,8.82999999999998,7.67044702353392
2.262,1,8.82999999999998,7.67042321270555
2.264,1,8.82999999999998,7.67035926633048
2.266,1,8.82999999999998,7.6702802305603
2.268,1,8.82999999999998,7.67020094950111
2.27,1,8.82999999999998,7.6701293623787
2.272,1,8.82999999999998,7.67006894310126
2.274,1,8.82999999999998,7.67002044176668
2.276,1,8.82999999999998,7.66998308208084
2.278,1,8.82999999999998,7.66995535047971
2.28,1,8.82999999999998,7.66993548966301
2.282,1,8.82999999999998,7.66992178580601
2.284,1,8.82999999999998,7.66991271741446
2.286,1,8.82999999999998,7.66990701571047
2.288,1,8.82999999999998,7.66990367189156
2.29,1,8.82999999999998,7.66990191534079
2.292,1,8.82999999999998,7.66990117850091
2.294,1,8.82999999999998,7.66990105810364
2.296,1,8.82999999999998,7.66990127828183
2.298,1,8.82999999999998,7.66990165832764
2.3,1,8.82999999999998,7.59420316843057
2.302,1,8.82999999999998,7.63701030890059
2.304,1,8.82999999999998,7.66308194835245
2.306,1,8.82999999999998,7.67765689423617
2.308,1,8.82999999999998,7.68466320592673
2.31,1,8.82999999999998,7.68694235572786
2.312,1,8.82999999999998,7.61077707778774
2.314,1,8.82999999999998,7.65169954321346
2.316,1,8.82999999999998,7.59961756928673
2.318,1,8.82999999999998,7.57878395965116
2.32,1,8.82999999999998,7.57666846539247
2.322,1,8.82999999999998,7.66044135416445
2.324,1,8.82999999999998,7.63034484516054
2.326,1,8.82999999999998,7.61820143077364
2.328,1,8.82999999999998,7.61682928155246
2.33,1,8.82999999999998,7.6213358975051
2.332,1,8.82999999999998,7.62853234094493
2.334,1,8.82999999999998,7.63645276509623
2.336,1,8.82999999999998,7.6439775080133
2.338,1,8.82999999999998,7.65054860763229
2.34,1,8.82999999999998,7.58026375649848
2.342,1,8.82999999999998,7.55163434700002
2.344,1,8.82999999999998,7.54804161860139
2.346,1,8.82999999999998,7.55815327114835
2.348,1,8.82999999999998,7.57457424787057
2.35,1,8.82999999999998,7.59273872989709
2.352,1,8.82999999999998,7.6100401027649
2.354,1,8.82999999999998,7.62517368068692
2.356,1,8.82999999999998,7.63765774576687
2.358,1,8.82999999999998,7.64749693794661
2.36,1,8.82999999999998,7.65495476977876
2.362,1,8.82999999999998,7.58470786179338
2.364,1,8.82999999999998,7.55566006832504
2.366,1,8.82999999999998,7.55144693090608
2.368,1,8.82999999999998,7.56089168469882
2.37,1,8.82999999999998,7.57668679417452
2.372,1,8.82999999999998,7.59430905796016
2.374,1,8.82999999999998,7.6111663298158
2.376,1,8.82999999999998,7.62595195476415
2.378,1,8.82999999999998,7.63817367548684
2.38,1,8.82999999999998,7.64782206297574
2.382,1,8.82999999999998,7.65514606740532
2.384,1,8.82999999999998,7.66050783875303
2.386,1,8.82999999999998,7.66429414342154
2.388,1,8.82999999999998,7.66686670120818
2.39,1,8.82999999999998,7.66853817651277
2.392,1,8.82999999999998,7.66956421819762
2.394,1,8.82999999999998,7.67014484237577
2.396,1,8.82999999999998,7.67043066045797
2.398,1,8.82999999999998,7.6705310760545
2.4,1,8.82999999999998,7.67052272268713
2.402,1,8.82999999999998,7.67045719713367
2.404,1,8.82999999999998,7.67036765394807
2.406,1,8.82999999999998,7.67027414189398
2.408,1,8.82999999999998,7.59448882519543
2.41,1,8.82999999999998,7.56152255793253
2.412,1,8.82999999999998,7.55464144905177
2.414,1,8.82999999999998,7.56234832916868
2.416,1,8.82999999999998,7.57707302307614
2.418,1,8.82999999999998,7.59408641199035
2.42,1,8.82999999999998,7.61064100033783
2.422,1,8.82999999999998,7.62531707954586
2.424,1,8.82999999999998,7.63754304912614
2.426,1,8.82999999999998,7.6472559424727
2.428,1,8.82999999999998,7.65467021588386
2.43,1,8.82999999999998,7.66012708416088
2.432,1,8.82999999999998,7.58830275669843
2.434,1,8.82999999999998,7.55805906648466
2.436,1,8.82999999999998,7.55297149409153
2.438,1,8.82999999999998,7.63749844028742
2.44,1,8.82999999999998,7.61006837660227
2.442,1,8.82999999999998,7.60134794306752
2.444,1,8.82999999999998,7.60346433186203
2.446,1,8.82999999999998,7.6111501366226
2.448,1,8.82999999999998,7.62104704761658
2.45,1,8.82999999999998,7.63114615520087
2.452,1,8.82999999999998,7.64035633393466
2.454,1,8.82999999999998,7.64818351927363
2.456,1,8.82999999999998,7.65450076735213
2.458,1,8.82999999999998,7.73508833302282
2.46,1,8.82999999999998,7.77162493607188
2.462,1,8.82999999999998,7.78106713507133
2.464,1,8.82999999999998,7.77513043636715
2.466,1,8.82999999999998,7.76157949403985
2.468,1,8.82999999999998,7.74530599009521
2.47,1,8.82999999999998,7.72918692125729
2.472,1,8.82999999999998,7.63904216931543
2.474,1,8.82999999999998,7.59402207787259
2.476,1,8.82999999999998,7.57750618298864
2.478,1,8.82999999999998,7.57781904617857
2.48,1,8.82999999999998,7.58707428243881
2.482,1,8.82999999999998,7.524485302896
2.484,1,8.82999999999998,7.50546451692357
2.486,1,8.82999999999998,7.51155197616816
2.488,1,8.82999999999998,7.53042657878979
2.49,1,8.82999999999998,7.5542565574181
2.492,1,8.82999999999998,7.5783768643278
2.494,1,8.82999999999998,7.6002713981238
2.496,1,8.82999999999998,7.61881822497738
2.498,1,8.82999999999998,7.63374952469388
2.5,3,8.82999999999998,7.6452793312623
2.502,3,9.5895698924731,7.65385748352842
2.504,3,10.3164701121517,7.66001515638052
2.506,3,11.0121058062527,7.73997338666363
2.508,3,11.6778216855536,8.07848795742632
2.51,3,12.3149046238094,8.52145714169152
2.512,3,12.924586145366,9.05210211580694
2.514,3,13.5080448057804,9.72852191790763
2.516,3,14.0664084700479,10.4916091827888
2.518,3,14.6007564928415,11.301293573981
2.52,3,15.1121218049774,12.131610260737
2.522,3,15.6014929101396,12.9666782261542
2.524,3,16.069815795725,13.7975606308653
2.526,3,16.5179957615003,14.6199053666978
2.528,3,16.9468991696078,15.3565355652775
2.53,3,17.3573551193021,16.0504584009382
2.532,3,17.7501570496547,16.6531218319491
2.534,3,18.1260642733254,17.2233433147977
2.536,3,18.4858034443652,17.7956867601322
2.538,3,18.8300699628871,18.3126736218693
2.54,3,19.1595293193221,18.8248181943598
2.542,3,19.4748183808566,19.2838341696028
2.544,3,19.7765466225402,19.7449173359541
2.546,3,20.0652973054417,20.0858967458105
2.548,3,20.3416286041324,20.4805802242797
2.55,3,20.6060746856751,20.7892465995071
2.552,3,20.8591467422052,21.0972826171409
2.554,3,21.1013339790996,21.3745805858479
2.556,3,21.3331045606437,21.6081205264403
2.558,3,21.5549065150246,21.8709777260094
2.56,3,21.7671686003999,22.123524196924
2.562,3,21.970301133716,22.3456475531377
2.564,3,22.1646967838788,22.5296263230981
2.566,3,22.3507313308087,22.6751080656155
2.568,3,22.5287643918492,22.8614032777367
2.57,3,22.699140116931,22.9753750959939
2.572,3,22.8621878538372,23.1909326709977
2.574,3,23.0182227848549,23.3636831254021
2.576,3,23.167546536044,23.4965586357048
2.578,3,23.3104477603001,23.5950581651165
2.58,3,23.447202695341,23.6655065856494
2.582,3,23.5780756976919,23.7897438294543
2.584,3,23.7033197537052,23.8547011354746
2.586,3,23.8231769685996,23.9573377119734
2.588,3,23.9378790344662,24.0699354043377
2.59,3,24.0476476781451,24.1767315101799
2.592,3,24.1526950898378,24.2698938025865
2.594,3,24.2532243332856,24.3465916682583
2.596,3,24.3494297383056,24.4069407714574
2.598,3,24.441497276443,24.4526163436321
2.6,3,24.529604920467,24.4859598533458
2.602,3,24.6139229884039,24.5094369193461
2.604,3,24.6946144727736,24.5253360116068
2.606,3,24.771835355665,24.5356252797818
2.608,3,24.8457349102601,24.6176067448224
2.61,3,24.9164559893887,24.6540249967689
2.612,3,24.9841353016731,24.6625541793352
2.614,3,25.0489036757946,24.6553708523107
2.616,3,25.1108863133949,24.71621735164
2.618,3,25.1702030310983,24.731633765121
2.62,3,25.2269684921263,24.7213048922896
2.622,3,25.2812924279489,24.8496656458971
2.624,3,25.3332798504027,24.9636093910759
2.626,3,25.3830312546864,25.0586200554362
2.628,3,25.4306428136247,25.1341582470592
2.63,3,25.4762065635763,25.1161592954705
2.632,3,25.5198105823472,24.9743629706603
2.634,3,25.5615391594506,24.8562503809074
2.636,3,25.6014729590441,24.8381223435508
2.638,3,25.6396891758594,24.8750961715963
2.64,3,25.6762616844246,24.8621027421418
2.642,3,25.7112611818687,24.8237487030621
2.644,3,25.744755324584,24.851356458999
2.646,3,25.7768088590105,24.8357119678896
2.648,3,25.807483746795,24.8742479405982
2.65,3,25.8368392845672,24.9378700960301
2.652,3,25.8649322185644,24.9328902663275
2.654,3,25.891816854325,24.8918227050912
2.656,3,25.9175451616659,24.9112649508982
2.658,3,25.9421668751426,24.8853538021531
2.66,3,25.9657295901903,24.9135160441898
2.662,3,25.9882788551283,24.9677312227834
2.664,3,26.0098582592088,25.0304872475175
2.666,3,26.0305095168773,25.0159046423548
2.668,3,26.0502725484094,25.0372225184668
2.67,3,26.06918555708,25.0755788774125
2.672,3,26.087285103012,25.0435357764267
2.674,3,26.1046061738502,24.9771175513234
2.676,3,26.1211822523943,24.9746243218153
2.678,3,26.1370453813236,25.0064625705927
2.68,3,26.1522262251376,25.0534643759505
2.682,3,26.1667541294328,25.1039126394539
2.684,3,26.1806571776292,25.0755206250101
2.686,3,26.1939622452581,25.0835913331015
2.688,3,26.2066950519136,25.1103077594109
2.69,3,26.2188802109711,25.1443294517297
2.692,3,26.2305412771659,25.10318965619
2.694,3,26.2417007921265,25.1017323040816
2.696,3,26.252380327949,25.0458789197024
2.698,3,26.2626005288974,25.0422324871829
2.7,3,26.2723811513105,25.0667831788484
2.702,3,26.2817411017917,25.1039457850892
2.704,3,26.2906984737577,25.1441653800879
2.706,3,26.2992705824133,25.1063465575306
2.708,3,26.3074739982234,25.1820473233248
2.71,3,26.315324578945,25.235107513105
2.712,3,26.3228375002807,25.1951597871923
2.714,3,26.3300272852149,25.1852609696773
2.716,3,26.3369078320874,25.1923614856982
2.718,3,26.3434924414599,25.2078254127407
2.72,3,26.3497938418273,25.150523642774
2.722,3,26.3558242142218,25.1357768972994
2.724,3,26.3615952157606,25.14517633491
2.726,3,26.3671180021795,25.1665230561954
2.728,3,26.3724032493976,25.1921333440954
2.73,3,26.3774611741547,25.1417904538704
2.732,3,26.3823015537609,25.1316161794495
2.734,3,26.386933744997,25.1438643478454
2.736,3,26.3913667022015,25.0911606093246
2.738,3,26.3956089945799,25.0847244738453
2.74,3,26.39966882277,25.1035938787777
2.742,3,26.4035540346939,25.1340940992592
2.744,3,26.4072721407285,25.0920868107498
2.746,3,26.4108303282241,25.0912627101874
2.748,3,26.4142354753972,25.1881781243165
2.75,3,26.4174941646275,25.2519450774885
2.752,3,26.4206126951811,25.2917434147806
2.754,3,26.4235970953884,25.3148335231379
2.756,3,26.4264531342964,25.251036827305
2.758,3,26.4291863328213,25.2229066728403
2.76,3,26.4318019744204,25.2165705872621
2.762,3,26.4343051153055,25.2224806499266
2.764,3,26.4367005942171,25.2343371737307
2.766,3,26.4389930417777,25.1724952966396
2.768,3,26.4411868894432,25.1531592082049
2.77,3,26.4432863780693,25.0826970821649
2.772,3,26.4452955661093,25.1433262424545
2.774,3,26.4472183374594,25.1921717285152
2.776,3,26.4490584089666,25.1542142751885
2.778,3,26.4508193376131,25.0737189320362
2.78,3,26.4525045273932,25.0541854772107
2.782,3,26.4541172358924,25.0690853469493
2.784,3,26.4556605805852,25.1008748296612
2.786,3,26.4571375448611,25.1385325160198
2.788,3,26.4585509837918,25.0999036011797
2.79,3,26.4599036296503,25.1001093948082
2.792,3,26.4611980971922,25.0453029900385
2.794,3,26.4624368887108,25.0422716588325
2.796,3,26.4636223988738,25.067146462193
2.798,3,26.4647569193523,25.1044460331963
2.8,3,26.4658426432511,25.1446892865801
2.802,3,26.4668816693479,25.1068313713973
2.804,3,26.4678760061501,25.1067645257502
2.806,3,26.4688275757781,25.1268548297454
2.808,3,26.4697382176801,25.1557102812018
2.81,3,26.4706096921885,25.1863914724752
2.812,3,26.4714436839223,25.2150180531155
2.814,3,26.4722418050439,25.1640248481825
2.816,3,26.4730055983754,25.1513093731086
2.818,3,26.4737365403807,25.0845599915301
2.82,3,26.4744360440203,25.0712860424805
2.822,3,26.4751054614818,25.0878357811848
2.824,3,26.4757460867944,25.1186543958
2.826,3,26.4763591583301,25.1540396333539
2.828,3,26.4769458611976,25.1126685363919
2.83,3,26.4775073295332,25.1101523242209
2.832,3,26.4780446486931,25.1286022407369
2.834,3,26.4785588573514,25.0807116419965
2.836,3,26.4790509495084,25.077873189469
2.838,3,26.4795218764112,25.099337107313
2.84,3,26.4799725483935,25.1316408728834
2.842,3,26.4804038366347,25.1665362929234
2.844,3,26.4808165748439,25.1993695674888
2.846,3,26.4812115608722,25.2278627724608
2.848,3,26.481589558254,25.1755307273863
2.85,3,26.4819512976839,25.1609657854489
2.852,3,26.4822974784287,25.1679761187947
2.854,3,26.4826287696791,25.1857986988353
2.856,3,26.4829458118434,25.1319285342642
2.858,3,26.4832492177856,25.120846816576
2.86,3,26.4835395740099,25.1336740212345
2.862,3,26.4838174417944,25.1579836928725
2.864,3,26.4840833582764,25.1103177373544
2.866,3,26.4843378374903,25.1803759798834
2.868,3,26.4845813713617,25.1548935607182
2.87,3,26.484814430658,25.1566818975086
2.872,3,26.4850374658985,25.1728347550356
2.874,3,26.4852509082254,25.1950526864254
2.876,3,26.4854551702372,25.2183117500727
2.878,3,26.4856506467862,25.1641314599448
2.88,3,26.4858377157416,25.0740071613584
2.882,3,26.4860167387205,25.049311010213
2.884,3,26.4861880617862,25.0619391725274
2.886,3,26.486352016118,25.0932226587084
2.888,3,26.4865089186506,25.0556668643018
2.89,3,26.4866590726871,25.0608108467266
2.892,3,26.4868027684855,25.0882150593838
2.894,3,26.4869402838195,25.1247839479194
2.896,3,26.4870718845154,25.0869314051644
2.898,3,26.4871978249664,25.0888314720895
2.9,3,26.4873183486237,25.1117404737442
2.902,3,26.4874336884679,25.1435906083388
2.904,3,26.4875440674585,25.1013658388005
2.906,3,26.4876496989657,25.0995099719553
2.908,3,26.4877507871822,25.1193623488515
2.91,3,26.4878475275184,25.0731314958977
2.912,3,26.48794010698,25.0719261658025
2.914,3,26.4880287045293,25.0948478275333
2.916,3,26.4881134914312,25.128371949953
2.918,3,26.4881946315847,25.1642407054567
2.92,3,26.4882722818391,25.1978195370093
2.922,3,26.4883465922977,25.1511643441501
2.924,3,26.4884177066075,25.1420312186173
2.926,3,26.4884857622372,25.1538066141881
2.928,3,26.4885508907432,25.1755684440887
2.93,3,26.488613218023,25.2005073277888
2.932,3,26.4886728645597,25.224678877169
2.934,3,26.4887299456539,25.2460556404011
2.936,3,26.4887845716473,25.2638323955175
2.938,3,26.4888368481355,25.2022361795056
2.94,3,26.4888868761727,25.1800957723749
2.942,3,26.4889347524664,25.1811787426939
2.944,3,26.4889805695646,25.1188388328248
2.946,3,26.4890244160349,25.1045328693621
2.948,3,26.4890663766356,25.1172509980263
2.95,3,26.4891065324792,25.1431233967437
2.952,3,26.4891449611898,25.173456272059
2.954,3,26.4891817370526,25.2031737804772
2.956,3,26.4892169311579,25.1539312513071
2.958,3,26.4892506115382,25.1431454510291
2.96,3,26.4892828433,25.1539296546147
2.962,3,26.4893136887494,25.1751508280616
2.964,3,26.4893432075129,25.1998426457266
2.966,3,26.4893714566521,25.1482491409963
2.968,3,26.4893984907746,25.136770580339
2.97,3,26.4894243621391,25.14781457212
2.972,3,26.4894491207568,25.0940788838403
2.974,3,26.4894728144877,25.0868044809341
2.976,3,26.4894954891334,25.1050216253518
2.978,3,26.4895171885255,25.1350331414786
2.98,3,26.4895379546104,25.1683715091543
2.982,3,26.4895578275304,25.1244945025567
2.984,3,26.4895768457011,25.1194749398201
2.986,3,26.489595045886,25.1356699410875
2.988,3,26.4896124632673,25.1615783640279
2.99,3,26.4896291315139,25.190109015533
2.992,3,26.4896450828466,25.2172220014326
2.994,3,26.4896603481005,25.1652042126268
2.996,3,26.4896749567844,25.1518260212304
2.998,3,26.4896889371377,25.1603711996518
3,3,26.4897023161856,25.1797627488971
3.002,3,26.4897151197905,25.2030238154594
3.004,3,26.4897273727027,25.2260523696485
3.006,3,26.489739098608,25.1709852011886
3.008,3,26.4897503201732,25.2311094089737
3.01,3,26.4897610590905,25.2710217983633
3.012,3,26.4897713361189,25.2962178619334
3.014,3,26.4897811711245,25.3110802909388
3.016,3,26.4897905831192,25.2432669485823
3.018,3,26.4897995902968,25.2137619368621
3.02,3,26.489808210069,25.2075953137823
3.022,3,26.4898164590983,25.2144815594245
3.024,3,26.4898243533306,25.2276480717241
3.026,3,26.4898319080261,25.2428637983513
3.028,3,26.4898391377884,25.1819715355503
3.03,3,26.4898460565932,25.1622065230569
3.032,3,26.489852677815,25.1663216741832
3.034,3,26.4898590142531,25.1827638030852
3.036,3,26.4898650781562,25.2041560189185
3.038,3,26.4898708812462,25.1503774227161
3.04,3,26.489876434741,25.1375236978328
3.042,3,26.4898817493758,25.1477601094511
3.044,3,26.4898868354242,25.1692981047913
3.046,3,26.4898917027177,25.1947364954906
3.048,3,26.4898963606654,25.2197439449998
3.05,3,26.4899008182712,25.2420534762925
3.052,3,26.489905084152,25.2607225898405
3.054,3,26.489909166554,25.1999091132206
3.056,3,26.4899130733689,25.1784157423018
3.058,3,26.4899168121487,25.1800095307111
3.06,3,26.4899203901208,25.1937563081064
3.062,3,26.4899238142017,25.2126264205114
3.064,3,26.4899270910102,25.1566670200092
3.066,3,26.4899302268807,25.1420297114764
3.068,3,26.4899332278751,25.1508703738658
3.07,3,26.4899360997945,25.1713571718502
3.072,3,26.4899388481904,25.1960318325004
3.074,3,26.4899414783757,25.2205042093558
3.076,3,26.4899439954349,25.1667544821371
3.078,3,26.4899464042334,25.1522997994893
3.08,3,26.4899487094276,25.160224222653
3.082,3,26.4899509154737,25.1792992854285
3.084,3,26.4899530266362,25.2024373404516
3.086,3,26.4899550469959,25.2254581864997
3.088,3,26.4899569804584,25.2461444691891
3.09,3,26.4899588307613,25.2635442865629
3.092,3,26.4899606014813,25.2017755190301
3.094,3,26.4899622960412,25.1795885711789
3.096,3,26.4899639177168,25.2563957019782
3.098,3,26.489965469643,25.3027079250892
3.1,3,26.4899669548197,25.2524902269086
3.102,3,26.4899683761177,25.2314570763866
3.104,3,26.4899697362847,25.2280612887793
3.106,3,26.4899710379499,25.2344050590786
3.108,3,26.4899722836295,25.2453159478458
3.11,3,26.4899734757314,25.1818862877226
3.112,3,26.4899746165602,25.1607767248344
3.114,3,26.489975708321,25.164316064525
3.116,3,26.4899767531244,25.1806491111148
3.118,3,26.48997775299,25.1264929572932
3.12,3,26.4899787098507,25.1157952174019
3.122,3,26.489979625556,25.2050246531487
3.124,3,26.4899805018762,25.3387296025829
3.126,3,26.4899813405052,25.4072542452389
3.128,3,26.4899821430641,25.3585621089944
3.13,3,26.4899829111044,25.2521746095662
3.132,3,26.4899836461106,25.1255234274192
3.134,3,26.4899843495037,25.0005674304964
3.136,3,26.4899850226433,24.9645469024612
3.138,3,26.4899856668307,24.9795026830592
3.14,3,26.4899862833111,24.9444645148258
3.142,3,26.4899868732762,24.9619261510851
3.144,3,26.4899874378665,25.0056577804117
3.146,3,26.4899879781733,24.9833817596065
3.148,3,26.4899884952411,25.0038073143055
3.15,3,26.4899889900695,25.044985827577
3.152,3,26.4899894636149,25.0931658563801
3.154,3,26.4899899167927,25.0646250629239
3.156,3,26.4899903504791,25.0736917895278
3.158,3,26.4899907655122,25.1019163480254
3.16,3,26.4899911626945,25.1375703896604
3.162,3,26.4899915427937,25.1736669884288
3.164,3,26.4899919065445,25.2064369713053
3.166,3,26.4899922546501,25.1584999860811
3.168,3,26.4899925877834,25.2236583156919
3.17,3,26.4899929065884,25.1912914217446
3.172,3,26.4899932116814,25.1858165672046
3.174,3,26.4899935036521,25.1952211464424
3.176,3,26.4899937830649,25.2116313843706
3.178,3,26.48999405046,25.2301574795643
3.18,3,26.4899943063542,25.247983317364
3.182,3,26.4899945512421,25.2636764316898
3.184,3,26.4899947855973,25.276683509582
3.186,3,26.4899950098727,25.2869746205574
3.188,3,26.4899952245018,25.2191029429147
3.19,3,26.4899954298996,25.1919517180406
3.192,3,26.4899956264631,25.1891927384705
3.194,3,26.4899958145722,25.1997122329321
3.196,3,26.4899959945906,25.2162737016298
3.198,3,26.4899961668663,25.2344222561389
3.2,3,26.4899963317322,25.2516258691328
3.202,3,26.4899964895072,25.2666277019143
3.204,3,26.4899966404961,25.2789749033163
3.206,3,26.4899967849909,25.2886880104694
3.208,3,26.4899969232709,25.2960379486457
3.21,3,26.4899970556033,25.3014024131677
3.212,3,26.489997182244,25.3051787531136
3.214,3,26.4899973034378,25.3077355803479
3.216,3,26.489997419419,25.2336908855715
3.218,3,26.4899975304117,25.2018083779125
3.22,3,26.4899976366306,25.1955538207099
3.222,3,26.4899977382809,25.2035816267843
3.224,3,26.4899978355591,25.2184326100302
3.226,3,26.4899979286534,25.2354560419561
3.228,3,26.4899980177435,25.25195769848
3.23,3,26.4899981030019,25.2665524912539
3.232,3,26.4899981845932,25.2786900781053
3.234,3,26.4899982626752,25.2883195279383
3.236,3,26.4899983373989,25.2956612270165
3.238,3,26.4899984089086,25.3010584793085
3.24,3,26.4899984773426,25.3048862469121
3.242,3,26.4899985428333,25.3074993650596
3.244,3,26.4899986055071,25.3092069163165
3.246,3,26.4899986654853,25.3102630822717
3.248,3,26.4899987228838,25.386566601758
3.25,3,26.4899987778135,25.4197629417465
3.252,3,26.4899988303807,25.4266977824375
3.254,3,26.4899988806869,25.3432463867094
3.256,3,26.4899989288294,25.219836525758
3.258,3,26.4899989749012,25.2386983373045
3.26,3,26.4899990189915,25.2558602333364
3.262,3,26.4899990611854,25.2704219072479
3.264,3,26.4899991015645,25.2064610210842
3.266,3,26.4899991402069,25.1826427745302
3.268,3,26.4899991771873,25.1825797261162
3.27,3,26.4899992125771,25.1951893944797
3.272,3,26.4899992464447,25.2133117497424
3.274,3,26.4899992788557,25.2325849165211
3.276,3,26.4899993098727,25.1748706037859
3.278,3,26.4899993395556,25.1575009379071
3.28,3,26.4899993679618,25.0876588152466
3.282,3,26.4899993951462,25.0724299460425
3.284,3,26.4899994211614,25.0878244042543
3.286,3,26.4899994460577,25.1180281353475
3.288,3,26.4899994698832,25.0774484030006
3.29,3,26.4899994926839,25.0788302416907
3.292,3,26.4899995145039,25.1024500010722
3.294,3,26.4899995353855,25.1355960512435
3.296,3,26.4899995553689,25.1705502248643
3.298,3,26.4899995744928,25.2030186681855
3.3,3,26.4899995927942,25.2309571899183
3.302,3,26.4899996103084,25.2537228934605
3.304,3,26.4899996270694,25.2714835170135
3.306,3,26.4899996431094,25.2848224817542
3.308,3,26.4899996584595,25.2944872735496
3.31,3,26.4899996731494,25.3012390852003
3.312,3,26.4899996872075,25.3057712914545
3.314,3,26.489999700661,25.2329737548168
3.316,3,26.4899997135358,25.2018270215271
3.318,3,26.4899997258568,25.1959629460586
3.32,3,26.4899997376479,25.2041585815977
3.322,3,26.4899997489319,25.2190421099284
3.324,3,26.4899997597305,25.2360227399696
3.326,3,26.4899997700647,25.1767467255994
3.328,3,26.4899997799544,25.1583591799802
3.33,3,26.4899997894187,25.1635885268876
3.332,3,26.489999798476,25.1808945062416
3.334,3,26.4899998071437,25.2029318274308
3.336,3,26.4899998154386,25.2253169479798
3.338,3,26.4899998233767,25.2456781955621
3.34,3,26.4899998309734,25.1872518028584
3.342,3,26.4899998382433,25.1682804739023
3.344,3,26.4899998452006,25.1722193496048
3.346,3,26.4899998518587,25.2636843272432
3.348,3,26.4899998582303,25.2413939754241
3.35,3,26.4899998643279,25.2363471036848
3.352,3,26.4899998701633,25.2409927233078
3.354,3,26.4899998757477,25.2503479658304
3.356,3,26.4899998810919,25.2612910979672
3.358,3,26.4899998862062,25.2720008638677
3.36,3,26.4899998911006,25.2815291851788
3.362,3,26.4899998957844,25.2137882238732
3.364,3,26.4899999002668,25.1872312399185
3.366,3,26.4899999045564,25.1852550076889
3.368,3,26.4899999086615,25.1965805088144
3.37,3,26.48999991259,25.2138808365966
3.372,3,26.4899999163496,25.3083584416782
3.374,3,26.4899999199475,25.358964210341
3.376,3,26.4899999233906,25.3811825157347
3.378,3,26.4899999266856,25.3103725833019
3.38,3,26.4899999298389,25.1969477833318
3.382,3,26.4899999328566,25.1476938335709
3.384,3,26.4899999357445,25.1375175521823
3.386,3,26.4899999385082,25.1491822083011
3.388,3,26.489999941153,25.0956424837796
3.39,3,26.489999943684,25.0883182494558
3.392,3,26.4899999461062,25.1063594203306
3.394,3,26.4899999484242,25.1361450706438
3.396,3,26.4899999506426,25.1692532615427
3.398,3,26.4899999527655,25.1251664970592
3.4,3,26.4899999547971,25.1199687662542
3.402,3,26.4899999567413,25.1360200279239
3.404,3,26.4899999586019,25.0861183377015
3.406,3,26.4899999603824,25.0816739328824
3.408,3,26.4899999620864,25.1019064235831
3.41,3,26.4899999637171,25.133299999315
3.412,3,26.4899999652777,25.1675463483922
3.414,3,26.4899999667711,25.1999338437619
3.416,3,26.4899999682003,25.2281336632559
3.418,3,26.489999969568,25.1756184464466
3.42,3,26.4899999708769,25.1609471781
3.422,3,26.4899999721295,25.1679026536805
3.424,3,26.4899999733283,25.185703233763
3.426,3,26.4899999744754,25.2075296783097
3.428,3,26.4899999755733,25.1536496500885
3.43,3,26.4899999766239,25.1404188848061
3.432,3,26.4899999776293,25.1501685114513
3.434,3,26.4899999785915,25.1712092487349
3.436,3,26.4899999795123,25.1961938744339
3.438,3,26.4899999803935,25.2208155346582
3.44,3,26.4899999812368,25.1671146801548
3.442,3,26.4899999820438,25.1526505067767
3.444,3,26.4899999828161,25.1605352559725
3.446,3,26.4899999835552,25.1795584664587
3.448,3,26.4899999842625,25.2026432932133
3.45,3,26.4899999849394,25.2256154307265
3.452,3,26.4899999855871,25.2462602221863
3.454,3,26.489999986207,25.1879275740081
3.456,3,26.4899999868003,25.1689395345718
3.458,3,26.489999987368,25.1728044534091
3.46,3,26.4899999879113,25.1884733314466
3.462,3,26.4899999884313,25.2088897348142
3.464,3,26.4899999889289,25.2298225449092
3.466,3,26.489999989405,25.2489647223614
3.468,3,26.4899999898607,25.2652628605291
3.47,3,26.4899999902968,25.2784359685498
3.472,3,26.4899999907142,25.2886426475773
3.474,3,26.4899999911136,25.2962602400377
3.476,3,26.4899999914958,25.3017454810497
3.478,3,26.4899999918615,25.3055523607095
3.48,3,26.4899999922116,25.3080885984126
3.482,3,26.4899999925466,25.3096970012958
3.484,3,26.4899999928672,25.310651930961
3.486,3,26.4899999931739,25.3111641748048
3.488,3,26.4899999934675,25.3113898179816
3.49,3,26.4899999937485,25.3114403729092
3.492,3,26.4899999940174,25.3113925795713
3.494,3,26.4899999942747,25.3112970630307
3.496,3,26.4899999945209,25.3111855271356
3.498,3,26.4899999947566,25.3867753753996
3.5,3,26.4899999949821,25.4195705740758
3.502,3,26.489999995198,25.4263105083895
3.504,3,26.4899999954045,25.4184923268482
3.506,3,26.4899999956021,25.4036832451662
3.508,3,26.4899999957913,25.3866081478274
3.51,3,26.4899999959723,25.445708951951
3.512,3,26.4899999961456,25.3881966093078
3.514,3,26.4899999963113,25.3498802029443
3.516,3,26.48999999647,25.3255809273299
3.518,3,26.4899999966218,25.3111539594964
3.52,3,26.4899999967671,25.3034148832914
3.522,3,26.4899999969062,25.375704587426
3.524,3,26.4899999970392,25.4078327613196
3.526,3,26.4899999971666,25.3396765897793
3.528,3,26.4899999972884,25.2247746104602
3.53,3,26.4899999974051,25.1719866170794
3.532,3,26.4899999975167,25.1575283489017
3.534,3,26.4899999976235,25.1649348230838
3.536,3,26.4899999977257,25.1832687929844
3.538,3,26.4899999978235,25.1299209979758
3.54,3,26.4899999979171,25.1193159485207
3.542,3,26.4899999980067,25.1325484077667
3.544,3,26.4899999980924,25.2328841762194
3.546,3,26.4899999981745,25.2940625838866
3.548,3,26.489999998253,25.2526249355288
3.55,3,26.4899999983281,25.3119590122779
3.552,3,26.4899999984001,25.267771642716
3.554,3,26.4899999984689,25.2484457046086
3.556,3,26.4899999985347,25.2442835082526
3.558,3,26.4899999985977,25.2486175533419
3.56,3,26.4899999986581,25.2570541208437
3.562,3,26.4899999987158,25.2668455358844
3.564,3,26.489999998771,25.2763929943925
3.566,3,26.4899999988239,25.2848680766079
3.568,3,26.4899999988745,25.291934900652
3.57,3,26.4899999989229,25.297553360672
3.572,3,26.4899999989692,25.3018450196518
3.574,3,26.4899999990135,25.2293067284489
3.576,3,26.489999999056,25.1986601482491
3.578,3,26.4899999990966,25.193375316957
3.58,3,26.4899999991354,25.2021351996722
3.582,3,26.4899999991726,25.2175192896735
3.584,3,26.4899999992082,25.2349171202214
3.586,3,26.4899999992423,25.25167159904
3.588,3,26.4899999992748,25.1907305182358
3.59,3,26.489999999306,25.1700749985851
3.592,3,26.4899999993359,25.1729387355469
3.594,3,26.4899999993644,25.1880605209162
3.596,3,26.4899999993918,25.2082259521147
3.598,3,26.4899999994179,25.2290904542247
3.6,3,26.489999999443,25.2482684636746
3.602,3,26.4899999994669,25.1889555081001
3.604,3,26.4899999994899,25.1693433065502
3.606,3,26.4899999995118,25.172835565605
3.608,3,26.4899999995328,25.1883026673058
3.61,3,26.4899999995529,25.1329294078395
3.612,3,26.4899999995721,25.1209474436125
3.614,3,26.4899999995905,25.1332846968935
3.616,3,26.4899999996081,25.1573715466404
3.618,3,26.489999999625,25.1096471968146
3.62,3,26.4899999996411,25.1797404826502
3.622,3,26.4899999996566,25.2300383876436
3.624,3,26.4899999996713,25.2648170059163
3.626,3,26.4899999996855,25.28788808311
3.628,3,26.489999999699,25.2267406480169
3.63,3,26.4899999997119,25.1267221232969
3.632,3,26.4899999997243,25.0915475199005
3.634,3,26.4899999997362,25.0944198969109
3.636,3,26.4899999997475,25.1172957879884
3.638,3,26.4899999997584,25.1485799801734
3.64,3,26.4899999997688,25.1055610135797
3.642,3,26.4899999997787,25.1028676262709
3.644,3,26.4899999997883,25.1976409598896
3.646,3,26.4899999997974,25.1836328735573
3.648,3,26.4899999998061,25.1887029756021
3.65,3,26.4899999998144,25.2034453473688
3.652,3,26.4899999998224,25.2218900501714
3.654,3,26.48999999983,25.2404884513616
3.656,3,26.4899999998374,25.2573332173483
3.658,3,26.4899999998443,25.2715804168544
3.66,3,26.489999999851,25.207337509677
3.662,3,26.4899999998574,25.2589812985965
3.664,3,26.4899999998636,25.2916210039716
3.666,3,26.4899999998694,25.3109061442033
3.668,3,26.4899999998751,25.2454682204907
3.67,3,26.4899999998804,25.2170125474119
3.672,3,26.4899999998856,25.2110846191222
3.674,3,26.4899999998905,25.2177537584283
3.676,3,26.4899999998952,25.2304815544994
3.678,3,26.4899999998997,25.2451836999835
3.68,3,26.489999999904,25.25948754347
3.682,3,26.4899999999082,25.2721672758337
3.684,3,26.4899999999121,25.2827295775118
3.686,3,26.4899999999159,25.2911203879246
3.688,3,26.4899999999195,25.2975251990611
3.69,3,26.489999999923,25.3022389272611
3.692,3,26.4899999999263,25.2298868101969
3.694,3,26.4899999999295,25.1992822480179
3.696,3,26.4899999999325,25.1939584223422
3.698,3,26.4899999999354,25.2026399626918
3.7,3,26.4899999999382,25.2936313793739
3.702,3,26.4899999999408,25.2681328648415
3.704,3,26.4899999999434,25.2587363480882
3.706,3,26.4899999999458,25.2588529663981
3.708,3,26.4899999999481,25.3397294853382
3.71,3,26.4899999999504,25.304287911896
3.712,3,26.4899999999525,25.3617202205624
3.714,3,26.4899999999546,25.3873064937197
3.716,3,26.4899999999565,25.3933868985198
3.718,3,26.4899999999584,25.3127675620372
3.72,3,26.4899999999602,25.3452737563755
3.722,3,26.4899999999619,25.2834934751823
3.724,3,26.4899999999635,25.2532351491424
3.726,3,26.4899999999651,25.2427710019152
3.728,3,26.4899999999666,25.2438940661657
3.73,3,26.489999999968,25.2510846981078
3.732,3,26.4899999999694,25.2608009270467
3.734,3,26.4899999999707,25.2709048746016
3.736,3,26.489999999972,25.2802183377016
3.738,3,26.4899999999732,25.2881911051219
3.74,3,26.4899999999743,25.294662120444
3.742,3,26.4899999999754,25.2239948061924
3.744,3,26.4899999999765,25.1948701141405
3.746,3,26.4899999999775,25.266469746913
3.748,3,26.4899999999785,25.3090110149197
3.75,3,26.4899999999794,25.3318594358015
3.752,3,26.4899999999803,25.2662534797173
3.754,3,26.4899999999811,25.235656787344
3.756,3,26.489999999982,25.2267471347882
3.758,3,26.4899999999827,25.2302805624525
3.76,3,26.4899999999835,25.2401000217046
3.762,3,26.4899999999842,25.2523021100936
3.764,3,26.4899999999849,25.2645703408029
3.766,3,26.4899999999855,25.2756630133785
3.768,3,26.4899999999861,25.2850340644458
3.77,3,26.4899999999867,25.2925622451309
3.772,3,26.4899999999873,-4935.63020514188
3.774,3,26.4899999999879,-7091.29114921085
3.776,3,26.4899999999884,-7538.32930765516
3.778,3,26.4899999999889,-7030.26859437752
3.78,3,26.4899999999894,-6063.00810049352
3.782,3,26.4899999999898,-4946.36276683196
3.784,3,26.4899999999902,-3860.27251440373
3.786,3,26.4899999999907,-2897.6673288326
3.788,3,26.4899999999911,-2095.9108612761
3.79,3,26.4899999999915,-1459.05062834074
3.792,3,26.4899999999918,-972.970197762209
3.794,3,26.4899999999922,-615.261185628186
3.796,3,26.4899999999925,-361.30548058697
3.798,3,26.4899999999928,-187.736434120522
3.8,3,26.4899999999931,-74.1608851858848
3.802,3,26.4899999999934,-3.78388843240231
3.804,3,26.4899999999937,36.5376055980796
3.806,3,26.489999999994,57.0050499517928
3.808,3,26.4899999999943,64.7903743511809
3.81,3,26.4899999999945,65.0450928860009
3.812,3,26.4899999999947,61.2592821277092
3.814,3,26.489999999995,55.6926678504765
3.816,3,26.4899999999952,49.7259152649863
3.818,3,26.4899999999954,44.1347000614722
3.82,3,26.4899999999956,39.2955557292476
3.822,3,26.4899999999958,35.3350270317531
3.824,3,26.489999999996,32.158174017089
3.826,3,26.4899999999961,29.7884259593307
3.828,3,26.4899999999963,28.0829185828367
3.83,3,26.4899999999965,26.8999173902046
3.832,3,26.4899999999966,26.1122789265648
3.834,3,26.4899999999968,25.6888872912831
3.836,3,26.4899999999969,25.4258036383443
3.838,3,26.489999999997,25.2741630188821
3.84,3,26.4899999999971,25.1212122802623
3.842,3,26.4899999999973,25.1340564420189
3.844,3,26.4899999999974,25.1583374119223
3.846,3,26.4899999999975,25.1863201593759
3.848,3,26.4899999999976,25.2135149428174
3.85,3,26.4899999999977,25.2376055589238
3.852,3,26.4899999999978,25.2576633554249
3.854,3,26.4899999999979,25.273591189574
3.856,3,26.489999999998,25.2857448748934
3.858,3,26.4899999999981,25.218987710369
3.86,3,26.4899999999982,25.1924421273248
3.862,3,26.4899999999982,25.2656565978708
3.864,3,26.4899999999983,25.2334402494203
3.866,3,26.4899999999984,25.2238857445979
3.868,3,26.4899999999985,25.2273577388862
3.87,3,26.4899999999985,25.3131318300862
3.872,3,26.4899999999986,25.3586256890751
3.874,3,26.4899999999987,25.3024527693836
3.876,3,26.4899999999987,25.1976142160058
3.878,3,26.4899999999988,25.0771738414046
3.88,3,26.4899999999988,25.0360003357837
3.882,3,26.4899999999989,25.0411563292686
3.884,3,26.4899999999989,25.070506769455
3.886,3,26.489999999999,25.1098611429008
3.888,3,26.489999999999,25.1506655862872
3.89,3,26.489999999999,25.1125170657311
3.892,3,26.4899999999991,25.1117341110386
3.894,3,26.4899999999991,25.1309521005753
3.896,3,26.4899999999992,25.15893804137
3.898,3,26.4899999999992,25.1888370342544
3.9,3,26.4899999999992,25.141106254438
3.902,3,26.4899999999993,25.1323923095301
3.904,3,26.4899999999993,25.1453425383318
3.906,3,26.4899999999993,25.0928672534416
3.908,3,26.4899999999994,25.0863844925551
3.91,3,26.4899999999994,25.1050651991039
3.912,3,26.4899999999994,25.1353195903437
3.914,3,26.4899999999994,25.1687591899348
3.916,3,26.4899999999995,25.2005968162598
3.918,3,26.4899999999995,25.2284380076659
3.92,3,26.4899999999995,25.2514004470892
3.922,3,26.4899999999995,25.2694951883258
3.924,3,26.4899999999995,25.2832085479201
3.926,3,26.4899999999996,25.2175333417663
3.928,3,26.4899999999996,25.1917082094871
3.93,3,26.4899999999996,25.2653792659162
3.932,3,26.4899999999996,25.2334337449022
3.934,3,26.4899999999996,25.2240242897764
3.936,3,26.4899999999997,25.22755995206
3.938,3,26.4899999999997,25.2376491163148
3.94,3,26.4899999999997,25.250236908604
3.942,3,26.4899999999997,25.262914627462
3.944,3,26.4899999999997,25.2743890553109
3.946,3,26.4899999999997,25.2840893964867
3.948,3,26.4899999999997,25.291886392733
3.95,3,26.4899999999997,25.2978989749505
3.952,3,26.4899999999998,25.2266677551385
3.954,3,26.4899999999998,25.2726774915492
3.956,3,26.4899999999998,25.3009613072932
3.958,3,26.4899999999998,25.3170019953868
3.96,3,26.4899999999998,25.3249313806857
3.962,3,26.4899999999998,25.3277531444001
3.964,3,26.4899999999998,25.3275729795303
3.966,3,26.4899999999998,25.3258099397827
3.968,3,26.4899999999998,25.3233769013724
3.97,3,26.4899999999998,25.3965256623422
3.972,3,26.4899999999998,25.42705693566
3.974,3,26.4899999999998,25.4318508494957
3.976,3,26.4899999999999,25.422448221859
3.978,3,26.4899999999999,25.4064038674905
3.98,3,26.4899999999999,25.3884015965243
3.982,3,26.4899999999999,25.3711320990177
3.984,3,26.4899999999999,25.2802588365919
3.986,3,26.4899999999999,25.3105060241728
3.988,3,26.4899999999999,25.3266515747227
3.99,3,26.4899999999999,25.3336844983585
3.992,3,26.4899999999999,25.335164362231
3.994,3,26.4899999999999,25.409236143592
3.996,3,26.4899999999999,25.4390051058107
3.998,3,26.4899999999999,25.3665143934249
4,3,26.4899999999999,25.3223513289549
4.002,3,26.4899999999999,25.2976515514349
4.004,3,26.4899999999999,25.2857675511465
4.006,3,26.4899999999999,25.3575888648074
4.008,3,26.4899999999999,25.3912552386694
4.01,3,26.4899999999999,25.4012543033419
4.012,3,26.4899999999999,25.3219479512737
4.014,3,26.4899999999999,25.2785492554235
4.016,3,26.4899999999999,25.2585801377883
4.018,3,26.4899999999999,25.3287736812968
4.02,3,26.4899999999999,25.3644160574872
4.022,3,26.4899999999999,25.3781176661162
4.024,3,26.4899999999999,25.3030690397311
4.026,3,26.4899999999999,25.2638038769787
4.028,3,26.4899999999999,25.2474941084272
4.03,3,26.4899999999999,25.2450340807072
4.032,3,26.4899999999999,25.2502016595244
4.034,3,26.4899999999999,25.2589263300036
4.036,3,26.4899999999999,25.2686865846127
4.038,3,26.4899999999999,25.2780357238609
4.04,3,26.4899999999999,25.286242929489
4.042,3,26.4899999999999,25.2930312266877
4.044,3,26.4899999999999,25.298392970542
4.046,3,26.4899999999999,25.3024648798848
4.048,3,26.4899999999999,25.3054471560414
4.05,3,26.4899999999999,25.3075540907178
4.052,3,26.4899999999999,25.308986339001
4.054,3,26.4899999999999,25.3099174809407
4.056,3,26.4899999999999,25.2347906105815
4.058,3,26.4899999999999,25.2779214559343
4.06,3,26.4899999999999,25.2284537437848
4.062,3,26.4899999999999,25.2101927986358
4.064,3,26.4899999999999,25.2103738769912
4.066,3,26.4899999999999,25.2203705432968
4.068,3,26.4899999999999,25.234614341616
4.07,3,26.4899999999999,25.2497169439592
4.072,3,26.4899999999999,25.1880879838699
4.074,3,26.4899999999999,25.1673264882301
4.076,3,26.4899999999999,25.1704049849013
4.078,3,26.4899999999999,25.1858913533236
4.08,3,26.4899999999999,25.2064652718811
4.082,3,26.4899999999999,25.2277213554511
4.084,3,26.4899999999999,25.1715443667588
4.086,3,26.4899999999999,25.2310216205715
4.088,3,26.4899999999999,25.1948987947351
4.09,3,26.4899999999999,25.1870652086892
4.092,3,26.4899999999999,25.1950888542198
4.094,3,26.4899999999999,25.2107758220798
4.096,3,26.4899999999999,25.2290007035129
4.098,3,26.4899999999999,25.2467801005337
4.1,3,26.4899999999999,25.2625672049429
4.102,3,26.4899999999999,25.2757338755191
4.104,3,26.4899999999999,25.2862038079335
4.106,3,26.4899999999999,25.2942024733912
4.108,3,26.4899999999999,25.300093999522
4.11,3,26.4899999999999,25.3042805089053
4.112,3,26.4899999999999,25.3071446954751
4.114,3,26.4899999999999,25.3090211232511
4.116,3,26.4899999999999,25.2344867551124
4.118,3,26.4899999999999,25.2779635175307
4.12,3,26.4899999999999,25.3800739356411
4.122,3,26.4899999999999,25.3519726384777
4.124,3,26.4899999999999,25.3329136396578
4.126,3,26.4899999999999,25.2448582091186
4.128,3,26.4899999999999,25.2044028752643
4.13,3,26.4899999999999,25.1933211402138
4.132,3,26.4899999999999,25.198995406579
4.134,3,26.4899999999999,25.213044102199
4.136,3,26.4899999999999,25.2301715712544
4.138,3,26.4899999999999,25.2472502577027
4.14,3,26.4899999999999,25.262617334019
4.142,3,26.4899999999999,25.2755550941409
4.144,3,26.4899999999999,25.2102216966947
4.146,3,26.4899999999999,25.2609993681404
4.148,3,26.4899999999999,25.2172791584082
4.15,3,26.4899999999999,25.2031857227515
4.152,3,26.4899999999999,25.2062805268724
4.154,3,26.4899999999999,25.2182348165108
4.156,3,26.4899999999999,25.2337332257116
4.158,3,26.4899999999999,25.2495917609821
4.16,3,26.4899999999999,25.264077144151
4.162,3,26.4899999999999,25.2007017820669
4.164,3,26.4899999999999,25.1777641565434
4.166,3,26.4899999999999,25.1786521638068
4.168,3,26.4899999999999,25.192156578828
4.17,3,26.4899999999999,25.2110553482965
4.172,3,26.4899999999999,25.230965204298
4.174,3,26.4899999999999,25.3251480747613
4.176,3,26.4899999999999,25.3739396177997
4.178,3,26.4899999999999,25.3180136299476
4.18,3,26.4899999999999,25.3631687829134
4.182,3,26.4899999999999,25.3820657942853
4.184,3,26.4899999999999,25.3850966583496
4.186,3,26.4899999999999,25.3793684097685
4.188,3,26.4899999999999,25.3695350757583
4.19,3,26.4899999999999,25.2827844652367
4.192,3,26.4899999999999,25.2392817021947
4.194,3,26.4899999999999,25.2231326471199
4.196,3,26.4899999999999,25.223162693188
4.198,3,26.4899999999999,25.231816622097
4.2,3,26.4899999999999,25.2442147775629
4.202,3,26.4899999999999,25.2573857408014
4.204,3,26.4899999999999,25.3453677680917
4.206,3,26.4899999999999,25.3131584420507
4.208,3,26.4899999999999,25.2957398113951
4.21,3,26.4899999999999,25.2879268679917
4.212,3,26.4899999999999,25.2860068736078
4.214,3,26.4899999999999,25.2874185506862
4.216,3,26.4899999999999,25.2904673792512
4.218,3,26.4899999999999,25.2940882450051
4.22,3,26.4899999999999,25.2976567612196
4.222,3,26.4899999999999,25.3008451657367
4.224,3,26.4899999999999,25.3035162082236
4.226,3,26.4899999999999,25.3056477671031
4.228,3,26.4899999999999,25.3072812918415
4.23,3,26.4899999999999,25.3084880376809
4.232,3,26.4899999999999,25.2336492022979
4.234,3,26.4899999999999,25.2770462830799
4.236,3,26.4899999999999,25.3035058239301
4.238,3,26.4899999999999,25.3183226578377
4.24,3,26.4899999999999,25.3254691284622
4.242,3,26.4899999999999,25.3278203611614
4.244,3,26.4899999999999,25.3273826707186
4.246,3,26.4899999999999,25.3255010986495
4.248,3,26.4899999999999,25.3230353390937
4.25,3,26.4899999999999,25.2448025283351
4.252,3,26.4899999999999,25.2852891205001
4.254,3,26.4899999999999,25.385082143791
4.256,3,26.4899999999999,25.4309498173489
4.258,3,26.4899999999999,25.4435370314169
4.26,3,26.4899999999999,25.4371364845336
4.262,3,26.4899999999999,25.3455442766451
4.264,3,26.4899999999999,25.2932657834303
4.266,3,26.4899999999999,25.2671094115728
4.268,3,26.4899999999999,25.3331620475974
4.27,3,26.4899999999999,25.3661633387389
4.272,3,26.4899999999999,25.3025853286584
4.274,3,26.4899999999999,25.1937852286505
4.276,3,26.4899999999999,25.1473093438621
4.278,3,26.4899999999999,25.2143512180265
4.28,3,26.4899999999999,25.2596061390742
4.282,3,26.4899999999999,25.2887775709763
4.284,3,26.4899999999999,25.2307951132184
4.286,3,26.4899999999999,25.2077629420579
4.288,3,26.4899999999999,25.2056397752464
4.29,3,26.4899999999999,25.214875033561
4.292,3,26.4899999999999,25.2292552270786
4.294,3,26.4899999999999,25.3206583976996
4.296,3,26.4899999999999,25.3684108921114
4.298,3,26.4899999999999,25.3124765371528
4.3,3,26.4899999999999,25.3581737178531
4.302,3,26.4899999999999,25.377852736651
4.304,3,26.4899999999999,25.3817163865216
4.306,3,26.4899999999999,25.3767658065896
4.308,3,26.4899999999999,25.3676039994247
4.31,3,26.4899999999999,25.3571009605784
4.312,3,26.4899999999999,25.3469193728209
4.314,3,26.4899999999999,25.3379140682289
4.316,3,26.4899999999999,25.3304247567757
4.318,3,26.4899999999999,25.3244829524771
4.32,3,26.4899999999999,25.3199527260659
4.322,3,26.4899999999999,25.316622281631
4.324,3,26.4899999999999,25.3142602738741
4.326,3,26.4899999999999,25.3126477664462
4.328,3,26.4899999999999,25.3115940477177
4.33,3,26.4899999999999,25.3109422782276
4.332,3,26.4899999999999,25.3105691589064
4.334,3,26.4899999999999,25.3103814438666
4.336,3,26.4899999999999,25.3103111148578
4.338,3,26.4899999999999,25.3103103183752
4.34,3,26.4899999999999,25.2346477582195
4.342,3,26.4899999999999,25.2018081500415
4.344,3,26.4899999999999,25.1950432803679
4.346,3,26.4899999999999,25.2028493713649
4.348,3,26.4899999999999,25.2176544047678
4.35,3,26.4899999999999,25.2347301415883
4.352,3,26.4899999999999,25.2513313310663
4.354,3,26.4899999999999,25.2660410157288
4.356,3,26.4899999999999,25.2782903446233
4.358,3,26.4899999999999,25.2123199107966
4.36,3,26.4899999999999,25.1868519053688
4.362,3,26.4899999999999,25.1854937655092
4.364,3,26.4899999999999,25.1971252748236
4.366,3,26.4899999999999,25.2902339204645
4.368,3,26.4899999999999,25.4175974833513
4.37,3,26.4899999999999,25.4749568914729
4.372,3,26.4899999999999,25.4893282819211
4.374,3,26.4899999999999,25.4036607416438
4.376,3,26.4899999999999,25.2731065538276
4.378,3,26.4899999999999,25.1315035669862
4.38,3,26.4899999999999,25.073683829315
4.382,3,26.4899999999999,25.0662446842196
4.384,3,26.4899999999999,25.0864031571603
4.386,3,26.4899999999999,25.0435884593182
4.388,3,26.4899999999999,25.0471204359635
4.39,3,26.4899999999999,25.0750163014236
4.392,3,26.4899999999999,25.1131500090359
4.394,3,26.4899999999999,25.0772800662132
4.396,3,26.4899999999999,25.0811898229656
4.398,3,26.4899999999999,25.105924610598
4.4,3,26.4899999999999,25.139322274062
4.402,3,26.4899999999999,25.1740428467956
4.404,3,26.4899999999999,25.1303431062919
4.406,3,26.4899999999999,25.1248408294446
4.408,3,26.4899999999999,25.1402488509488
4.41,3,26.4899999999999,25.1652857286186
4.412,3,26.4899999999999,25.1929857618036
4.414,3,26.4899999999999,25.2193719307585
4.416,3,26.4899999999999,25.242453324508
4.418,3,26.4899999999999,25.2614945389097
4.42,3,26.4899999999999,25.2765021993076
4.422,3,26.4899999999999,25.2878779342193
4.424,3,26.4899999999999,25.296194352411
4.426,3,26.4899999999999,25.3020587166965
4.428,3,26.4899999999999,25.3060368333167
4.43,3,26.4899999999999,25.3086165606422
4.432,3,26.4899999999999,25.3101960448156
4.434,3,26.4899999999999,25.3110863011322
4.436,3,26.4899999999999,25.3115211899238
4.438,3,26.4899999999999,25.3116703506825
4.44,3,26.4899999999999,25.3116524370006
4.442,3,26.4899999999999,25.3115472056719
4.444,3,26.4899999999999,25.3114058016719
4.446,3,26.4899999999999,25.3112590660801
4.448,3,26.4899999999999,25.3111239698562
4.45,3,26.4899999999999,25.3110084133149
4.452,3,26.4899999999999,25.3866135981655
4.454,3,26.4899999999999,25.4194329412272
4.456,3,26.4899999999999,25.4261993333705
4.458,3,26.4899999999999,25.4184062319269
4.46,3,26.4899999999999,25.4036190204166
4.462,3,26.4899999999999,25.3865619231862
4.464,3,26.4899999999999,25.3699779696491
4.466,3,26.4899999999999,25.3552830713691
4.468,3,26.4899999999999,25.2673468456962
4.47,3,26.4899999999999,25.3004344512049
4.472,3,26.4899999999999,25.3190885636066
4.474,3,26.4899999999999,25.3282055151961
4.476,3,26.4899999999999,25.3313373562565
4.478,3,26.4899999999999,25.3309687800007
4.48,3,26.4899999999999,25.3287701254646
4.482,3,26.4899999999999,25.2501137368762
4.484,3,26.4899999999999,25.289850278103
4.486,3,26.4899999999999,25.2373953636439
4.488,3,26.4899999999999,25.2166591117372
4.49,3,26.4899999999999,25.2148821338222
4.492,3,26.4899999999999,25.2990887167468
4.494,3,26.4899999999999,25.3451327653726
4.496,3,26.4899999999999,25.3662838278172
4.498,3,26.4899999999999,25.372074190683
4.5,3,26.4899999999999,25.2934036810748
4.502,3,26.4899999999999,25.3288601466037
4.504,3,26.4899999999999,25.3459718536717
4.506,3,26.4899999999999,25.351613105911
4.508,3,26.4899999999999,25.3505814349198
4.51,3,26.4899999999999,25.2703946029303
4.512,3,26.4899999999999,25.2316145384758
4.514,3,26.4899999999999,25.2944393069266
4.516,3,26.4899999999999,25.3295412501618
4.518,3,26.4899999999999,25.3463967003957
4.52,3,26.4899999999999,25.3518593833997
4.522,3,26.4899999999999,25.2750092733293
4.524,3,26.4899999999999,25.2375529305425
4.526,3,26.4899999999999,25.2247985063033
4.528,3,26.4899999999999,25.2264741876173
4.53,3,26.4899999999999,25.235678753253
4.532,3,26.4899999999999,25.2479893363126
4.534,3,26.4899999999999,25.1850421534303
4.536,3,26.4899999999999,25.163878380465
4.538,3,26.4899999999999,25.1670826936943
4.54,3,26.4899999999999,25.1829640456829
4.542,3,26.4899999999999,25.2040374868612
4.544,3,26.4899999999999,25.2257995333483
4.546,3,26.4899999999999,25.2457809227382
4.548,3,26.4899999999999,25.262840764999
4.55,3,26.4899999999999,25.2766590720234
4.552,3,26.4899999999999,25.2873851498604
4.554,3,26.4899999999999,25.2954038006815
4.556,3,26.4899999999999,25.3011874169443
4.558,3,26.4899999999999,25.3052084718013
4.56,3,26.4899999999999,25.307892850201
4.562,3,26.4899999999999,25.3095995626651
4.564,3,26.4899999999999,25.3106165287268
4.566,3,26.4899999999999,25.311165345019
4.568,3,26.4899999999999,25.3114103734726
4.57,3,26.4899999999999,25.311469236066
4.572,3,26.4899999999999,25.3114230237738
4.574,3,26.4899999999999,25.2356264278627
4.576,3,26.4899999999999,25.2026187597422
4.578,3,26.4899999999999,25.195684274962
4.58,3,26.4899999999999,25.2790355796417
4.582,3,26.4899999999999,25.3266027511993
4.584,3,26.4899999999999,25.3503947961515
4.586,3,26.4899999999999,25.3591615401955
4.588,3,26.4899999999999,25.3590514101068
4.59,3,26.4899999999999,25.3542189169906
4.592,3,26.4899999999999,25.3473453636298
4.594,3,26.4899999999999,25.3400618903545
4.596,3,26.4899999999999,25.3332786939402
4.598,3,26.4899999999999,25.3274317244857
4.6,3,26.4899999999999,25.32266103277
4.602,3,26.4899999999999,25.3189350708249
4.604,3,26.4899999999999,25.3161339062829
4.606,3,26.4899999999999,25.314102316237
4.608,3,26.4899999999999,25.3126815804213
4.61,3,26.4899999999999,25.2360278611306
4.612,3,26.4899999999999,25.2025235469206
4.614,3,26.4899999999999,25.2710325605993
4.616,3,26.4899999999999,25.387174467573
4.618,3,26.4899999999999,25.4415530149601
4.62,3,26.4899999999999,25.4576318130111
4.622,3,26.4899999999999,25.3760029945501
4.624,3,26.4899999999999,25.2503320012591
4.626,3,26.4899999999999,25.1135805377183
4.628,3,26.4899999999999,25.0601166097976
4.63,3,26.4899999999999,25.0563390541538
4.632,3,26.4899999999999,25.0794275673871
4.634,3,26.4899999999999,25.1145625752645
4.636,3,26.4899999999999,25.1526532006347
4.638,3,26.4899999999999,25.1885603948968
4.64,3,26.4899999999999,25.2197594652165
4.642,3,26.4899999999999,25.2453688949346
4.644,3,26.4899999999999,25.2654703265269
4.646,3,26.4899999999999,25.2049519924746
4.648,3,26.4899999999999,25.183118282104
4.65,3,26.4899999999999,25.1840664762552
4.652,3,26.4899999999999,25.1970686122687
4.654,3,26.4899999999999,25.2152147635968
4.656,3,26.4899999999999,25.2343127987211
4.658,3,26.4899999999999,25.2520334866864
4.66,3,26.4899999999999,25.2672707984464
4.662,3,26.4899999999999,25.2796800883612
4.664,3,26.4899999999999,25.2136577850402
4.666,3,26.4899999999999,25.2637289970939
4.668,3,26.4899999999999,25.2950616106945
4.67,3,26.4899999999999,25.2376113054
4.672,3,26.4899999999999,25.214190151714
4.674,3,26.4899999999999,25.2869241532865
4.676,3,26.4899999999999,25.2523525906936
4.678,3,26.4899999999999,25.2396756903645
4.68,3,26.4899999999999,25.2399243889405
4.682,3,26.4899999999999,25.247040592353
4.684,3,26.4899999999999,25.2571162725428
4.686,3,26.4899999999999,25.2677755436943
4.688,3,26.4899999999999,25.2776939631179
4.69,3,26.4899999999999,25.2862384447011
4.692,3,26.4899999999999,25.2932070232286
4.694,3,26.4899999999999,25.2986475443535
4.696,3,26.4899999999999,25.22703741537
4.698,3,26.4899999999999,25.1971097121825
4.7,3,26.4899999999999,25.1923612147533
4.702,3,26.4899999999999,25.2772060812598
4.704,3,26.4899999999999,25.3257501982255
4.706,3,26.4899999999999,25.3501473032254
4.708,3,26.4899999999999,25.2835621798503
4.71,3,26.4899999999999,25.3264340037527
4.712,3,26.4899999999999,25.2720401823854
4.714,3,26.4899999999999,25.3225496982761
4.716,3,26.4899999999999,25.3483106490753
4.718,3,26.4899999999999,25.3583329292302
4.72,3,26.4899999999999,25.3589740433796
4.722,3,26.4899999999999,25.3545497565174
4.724,3,26.4899999999999,25.3478612100023
4.726,3,26.4899999999999,25.3406254721138
4.728,3,26.4899999999999,25.3338121053649
4.73,3,26.4899999999999,25.327896403208
4.732,3,26.4899999999999,25.3230432006197
4.734,3,26.4899999999999,25.3192355246497
4.736,3,26.4899999999999,25.3163611358204
4.738,3,26.4899999999999,25.3142680752424
4.74,3,26.4899999999999,25.3884971206816
4.742,3,26.4899999999999,25.4203967970976
4.744,3,26.4899999999999,25.426577685611
4.746,3,26.4899999999999,25.4184350462784
4.748,3,26.4899999999999,25.327759696352
4.75,3,26.4899999999999,25.3534242657857
4.752,3,26.4899999999999,25.4385893784304
4.754,3,26.4899999999999,25.4713763606361
4.756,3,26.4899999999999,25.4729988876607
4.758,3,26.4899999999999,25.3821451806097
4.76,3,26.4899999999999,25.3266480985298
4.762,3,26.4899999999999,25.2954808425028
4.764,3,26.4899999999999,25.3560614801586
4.766,3,26.4899999999999,25.45958388479
4.768,3,26.4899999999999,25.5000870723006
4.77,3,26.4899999999999,25.427291400928
4.772,3,26.4899999999999,25.3012683615857
4.774,3,26.4899999999999,25.2350008842093
4.776,3,26.4899999999999,25.2828348877054
4.778,3,26.4899999999999,25.2353900072516
4.78,3,26.4899999999999,25.2175230731448
4.782,3,26.4899999999999,25.217190772783
4.784,3,26.4899999999999,25.2262409001008
4.786,3,26.4899999999999,25.2394006139726
4.788,3,26.4899999999999,25.2534527861873
4.79,3,26.4899999999999,25.2665939317424
4.792,3,26.4899999999999,25.2779523302695
4.794,3,26.4899999999999,25.3629380400588
4.796,3,26.4899999999999,25.4030958508035
4.798,3,26.4899999999999,25.3396886711697
4.8,3,26.4899999999999,25.3787155417834
4.802,3,26.4899999999999,25.392810492008
4.804,3,26.4899999999999,25.3165214752549
4.806,3,26.4899999999999,25.2752672225718
4.808,3,26.4899999999999,25.2567654657777
4.81,3,26.4899999999999,25.2522216031026
4.812,3,26.4899999999999,25.2555686815768
4.814,3,26.4899999999999,25.2627929403771
4.816,3,26.4899999999999,25.271371542278
4.818,3,26.4899999999999,25.2798256185343
4.82,3,26.4899999999999,25.2873789126686
4.822,3,26.4899999999999,25.2937064210879
4.824,3,26.4899999999999,25.2230569113568
4.826,3,26.4899999999999,25.1940342793517
4.828,3,26.4899999999999,25.1900719074082
4.83,3,26.4899999999999,25.1998629712888
4.832,3,26.4899999999999,25.2160211566987
4.834,3,26.4899999999999,25.2339796019663
4.836,3,26.4899999999999,25.3268244528242
4.838,3,26.4899999999999,25.3747370993933
4.84,3,26.4899999999999,25.3939626851097
4.842,3,26.4899999999999,25.3202956543552
4.844,3,26.4899999999999,25.2800669726183
4.846,3,26.4899999999999,25.261638343517
4.848,3,26.4899999999999,25.2566525394567
4.85,3,26.4899999999999,25.3350255724323
4.852,3,26.4899999999999,25.2987133744198
4.854,3,26.4899999999999,25.2805327250304
4.856,3,26.4899999999999,25.2738143453657
4.858,3,26.4899999999999,25.2738708327734
4.86,3,26.4899999999999,25.2018352499995
4.862,3,26.4899999999999,25.2498669625652
4.864,3,26.4899999999999,25.281480223906
4.866,3,26.4899999999999,25.3769178271166
4.868,3,26.4899999999999,25.3455700179743
4.87,3,26.4899999999999,25.3254118618745
4.872,3,26.4899999999999,25.2375107461681
4.874,3,26.4899999999999,25.1221639422789
4.876,3,26.4899999999999,25.0792660312939
4.878,3,26.4899999999999,25.0792324026986
4.88,3,26.4899999999999,25.1020577299654
4.882,3,26.4899999999999,25.059119979422
4.884,3,26.4899999999999,25.1367523612998
4.886,3,26.4899999999999,25.1196140227572
4.888,3,26.4899999999999,25.205032369997
4.89,3,26.4899999999999,25.1853066143678
4.892,3,26.4899999999999,25.1871628099931
4.894,3,26.4899999999999,25.2003435050067
4.896,3,26.4899999999999,25.2182616467082
4.898,3,26.4899999999999,25.2369373896543
4.9,3,26.4899999999999,25.2541738707325
4.902,3,26.4899999999999,25.268941751407
4.904,3,26.4899999999999,25.2809358198235
4.906,3,26.4899999999999,25.2902670984588
4.908,3,26.4899999999999,25.2972575923555
4.91,3,26.4899999999999,25.3023100238117
4.912,3,26.4899999999999,25.3058304072245
4.914,3,26.4899999999999,25.3081864403547
4.916,3,26.4899999999999,25.3096890998591
4.918,3,26.4899999999999,25.3105884260045
4.92,3,26.4899999999999,25.3110772892192
4.922,3,26.4899999999999,25.3112990408891
4.924,3,26.4899999999999,25.3113564801687
4.926,3,26.4899999999999,25.3113206375137
4.928,3,26.4899999999999,25.3112385935853
4.93,3,26.4899999999999,25.3111400121163
4.932,3,26.4899999999999,25.3110423422769
4.934,3,26.4899999999999,25.3109547981538
4.936,3,26.4899999999999,25.310881293416
4.938,3,26.4899999999999,25.3108225292369
4.94,3,26.4899999999999,25.3107774246535
4.942,3,26.4899999999999,25.3107440551387
4.944,3,26.4899999999999,25.3107202363113
4.946,3,26.4899999999999,25.310703860824
4.948,3,26.4899999999999,25.3106930703912
4.95,3,26.4899999999999,25.3106863229347
4.952,3,26.4899999999999,25.2349834795018
4.954,3,26.4899999999999,25.2777881752174
4.956,3,26.4899999999999,25.3038586289829
4.958,3,26.4899999999999,25.242734259873
4.96,3,26.4899999999999,25.2925473632843
4.962,3,26.4899999999999,25.3208980922014
4.964,3,26.4899999999999,25.3350067772249
4.966,3,26.4899999999999,25.3401289996504
4.968,3,26.4899999999999,25.3399540129579
4.97,3,26.4899999999999,25.3369717752426
4.972,3,26.4899999999999,25.3327870200529
4.974,3,26.4899999999999,25.3283740900651
4.976,3,26.4899999999999,25.3242750338698
4.978,3,26.4899999999999,25.3207478987514
4.98,3,26.4899999999999,25.3178738315909
4.982,3,26.4899999999999,25.3156316454414
4.984,3,26.4899999999999,25.3139476790682
4.986,3,26.4899999999999,25.3127275615275
4.988,3,26.4899999999999,25.3118751933034
4.99,3,26.4899999999999,25.3870019555077
4.992,3,26.4899999999999,25.4195278697994
4.994,3,26.4899999999999,25.3504295162237
4.996,3,26.4899999999999,25.3096628029934
4.998,3,26.4899999999999,25.2880262990829
5,1,26.4899999999999,25.3544245569811
5.002,1,25.7304301075268,25.3855116113811
5.004,1,25.0035298878483,25.319003314372
5.006,1,24.3078941937473,25.2070203676873
5.008,1,23.6421783144463,25.0818421856974
5.01,1,23.0050953761905,24.8862838543339
5.012,1,22.395413854634,24.2940044134149
5.014,1,21.8119551942196,23.5486451988136
5.016,1,21.2535915299521,22.6438285855793
5.018,1,20.7192435071584,21.7432896141391
5.02,1,20.2078781950226,20.858212237652
5.022,1,19.7185070898603,19.9173349287623
5.024,1,19.2501842042749,19.0395654415606
5.026,1,18.8020042384997,18.2063790942371
5.028,1,18.3731008303922,17.4034981734067
5.03,1,17.9626448806979,16.696017560532
5.032,1,17.5698429503453,16.0335319054422
5.034,1,17.1939357266745,15.4604226966537
5.036,1,16.8341965556348,14.9158345401826
5.038,1,16.4899300371128,14.364503854928
5.04,1,16.1604706806779,13.939691065426
5.042,1,15.8451816191433,13.4728683093682
5.044,1,15.5434533774598,13.0297190049394
5.046,1,15.2547026945583,12.6429296899068
5.048,1,14.9783713958676,12.2486677066909
5.05,1,14.7139253143249,11.8893333248554
5.052,1,14.4608532577948,11.5840875491849
5.054,1,14.2186660209004,11.2621099577686
5.056,1,13.9868954393563,10.9629887200131
5.058,1,13.7650934849754,10.7055767869565
5.06,1,13.5528313996001,10.4958101853039
5.062,1,13.3496988662839,10.3321516543682
5.064,1,13.1553032161212,10.2092308281758
5.066,1,12.9692686691913,10.0444646093118
5.068,1,12.7912356081508,9.9493467268012
5.07,1,12.620859883069,9.82505483062784
5.072,1,12.4578121461628,9.69747419557024
5.074,1,12.3017772151451,9.58073167810824
5.076,1,12.152453463956,9.40559125342723
5.078,1,12.0095522396999,9.29229710237943
5.08,1,11.872797304659,9.22316164822592
5.082,1,11.7419243023081,9.10869650301207
5.084,1,11.6166802462948,9.05705731663669
5.086,1,11.4968230314004,8.96831518569966
5.088,1,11.3821209655337,8.86854791446315
5.09,1,11.2723523218549,8.77274857014617
5.092,1,11.1673049101622,8.68851997793079
5.094,1,11.0667756667144,8.61877404795612
5.096,1,10.9705702616944,8.56363405651238
5.098,1,10.878502723557,8.52172418732012
5.1,1,10.790395079533,8.41530616384841
5.102,1,10.7060770115961,8.36069374391262
5.104,1,10.6253855272264,8.3390945868139
5.106,1,10.5481646443349,8.33723016203379
5.108,1,10.4742650897399,8.27037357504217
5.11,1,10.4035440106113,8.2511599567479
5.112,1,10.3358646983269,8.18354740604483
5.114,1,10.2710963242053,8.17250010021533
5.116,1,10.2091136866051,8.11700532046927
5.118,1,10.1497969689017,8.11898676422023
5.12,1,10.0930315078736,8.07572059034688
5.122,1,10.0387075720511,8.01259816315144
5.124,1,9.98672014959731,8.02081704723279
5.126,1,9.93696874531355,7.99056569767415
5.128,1,9.88935718637534,7.94278734774002
5.13,1,9.84379343642371,7.96607788884554
5.132,1,9.8001894176528,7.94926542636437
5.134,1,9.75846084054945,7.91272899028809
5.136,1,9.71852704095593,7.94498046612852
5.138,1,9.68031082414062,7.93502829014012
5.14,1,9.64373831557543,7.90355497210124
5.142,1,9.60873881813133,7.93941158920489
5.144,1,9.575244675416,7.93193133442721
5.146,1,9.5431911409895,7.90208172520817
5.148,1,9.51251625320501,7.8632506050264
5.15,1,9.48316071543275,7.89916185469815
5.152,1,9.45506778143564,7.89568322008558
5.154,1,9.42818314567497,7.87154485770764
5.156,1,9.40245483833411,7.83877289585413
5.158,1,9.37783312485737,7.80463188088432
5.16,1,9.35427040980975,7.77313045708572
5.162,1,9.33172114487169,7.7461455539327
5.164,1,9.31014174079119,7.79993112275692
5.166,1,9.28949048312275,7.7400780055443
5.168,1,9.26972745159059,7.7769367777989
5.17,1,9.25081444292003,7.78602650267169
5.172,1,9.23271489698798,7.77941239149882
5.174,1,9.21539382614979,7.76507763446623
5.176,1,9.19881774760571,7.74804094055763
5.178,1,9.18295461867644,7.73124500289139
5.18,1,9.1677737748624,7.71623513131156
5.182,1,9.15324587056724,7.70365902184401
5.184,1,9.1393428223708,7.69362182938378
5.186,1,9.12603775474195,7.68592904244108
5.188,1,9.11330494808638,7.75594447979394
5.19,1,9.1011197890289,7.78478550582208
5.192,1,9.08945872283411,7.78882545490315
5.194,1,9.0782992078735,7.77924251046765
5.196,1,9.06761967205099,7.76334151031788
5.198,1,9.05739947110256,7.74564102949451
5.2,1,9.04761884868954,7.72872801615598
5.202,1,9.03825889820827,7.7139041353648
5.204,1,9.02930152624233,7.70165725800634
5.206,1,9.02072941758674,7.76769209903878
5.208,1,9.01252600177656,7.79325119027906
5.21,1,9.00467542105499,7.79470565142569
5.212,1,8.99716249971929,7.78316374847206
5.214,1,8.98997271478513,7.76583120261334
5.216,1,8.98309216791265,7.7471216854293
5.218,1,8.97650755854006,7.72952450956879
5.22,1,8.97020615817275,7.71425721616388
5.222,1,8.96417578577822,7.70173905936876
5.224,1,8.95840478423937,7.69192226051715
5.226,1,8.95288199782047,7.76021364791108
5.228,1,8.94759675060239,7.78771404434853
5.23,1,8.9425388258453,7.79075012200751
5.232,1,8.93769844623905,7.78044194689796
5.234,1,8.93306625500296,7.7640358673291
5.236,1,8.92863329779853,7.74599754313882
5.238,1,8.9243910054201,7.72886920206639
5.24,1,8.92033117722999,7.71391657201971
5.242,1,8.91644596530612,7.70159981690362
5.244,1,8.91272785927144,7.69190414999442
5.246,1,8.9091696717759,7.68456299583481
5.248,1,8.90576452460274,7.75490075047743
5.25,1,8.90250583537252,7.78401665105765
5.252,1,8.89938730481886,7.71258013107159
5.254,1,8.8964029046116,7.67027753822592
5.256,1,8.89354686570357,7.64768452677586
5.258,1,8.89081366717869,7.63783068958518
5.26,1,8.8881980255796,7.71144095185506
5.262,1,8.88569488469446,7.74659109435127
5.264,1,8.88329940578287,7.75776476074197
5.266,1,8.88100695822232,7.75505114883093
5.268,1,8.87881311055684,7.74520053281659
5.27,1,8.87671362193074,7.73251661619855
5.272,1,8.87470443389071,7.71957380955352
5.274,1,8.87278166254057,7.7077703641353
5.276,1,8.87094159103345,7.77343830784003
5.278,1,8.86918066238685,7.79823463791199
5.28,1,8.86749547260677,7.79879054109238
5.282,1,8.86588276410755,7.78636635616467
5.284,1,8.86433941941475,7.76824728458395
5.286,1,8.86286245513885,7.74887992678562
5.288,1,8.86144901620815,7.73075845268159
5.29,1,8.86009637034973,7.79078873091537
5.292,1,8.85880190280781,7.81086658683406
5.294,1,8.85756311128919,7.88335874969055
5.296,1,8.85637760112622,7.90094510456569
5.298,1,8.85524308064767,7.88751946470254
5.3,1,8.85415735674884,7.85888299631813
5.302,1,8.85311833065212,7.82496227783999
5.304,1,8.85212399384988,7.79157178844162
5.306,1,8.85117242422193,7.761759531366
5.308,1,8.85026178231991,7.66109865543961
5.31,1,8.84939030781153,7.68399329794184
5.312,1,8.8485563160777,7.69481037181572
5.314,1,8.84775819495608,7.69811997057493
5.316,1,8.84699440162463,7.69709986898022
5.318,1,8.84626345961927,7.69387181059528
5.32,1,8.84556395597973,7.6897850455616
5.322,1,8.84489453851824,7.68564375764156
5.324,1,8.84425391320563,7.68188212634285
5.326,1,8.8436408416699,7.67869418963878
5.328,1,8.84305413880238,7.67612678900707
5.33,1,8.84249267046679,7.6741436563071
5.332,1,8.84195535130693,7.74836670576956
5.334,1,8.84144114264857,7.78019916630305
5.336,1,8.84094905049164,7.7862868298482
5.338,1,8.84047812358877,7.77804629819465
5.34,1,8.84002745160646,7.7629791465328
5.342,1,8.83959616336532,7.74575904540559
5.344,1,8.83918342515606,7.72909052731682
5.346,1,8.83878843912784,7.71436123526521
5.348,1,8.838410441746,7.70211967955695
5.35,1,8.83804870231606,7.69241280128903
5.352,1,8.83770252157129,7.7607143849338
5.354,1,8.83737123032091,7.78817079734454
5.356,1,8.83705418815657,7.79113834259468
5.358,1,8.83675078221435,7.78075530952663
5.36,1,8.83646042599008,7.76427838734161
5.362,1,8.83618255820556,7.74617835343893
5.364,1,8.8359166417236,7.72899926290845
5.366,1,8.83566216250968,7.71400673628486
5.368,1,8.8354186286383,7.70165980908408
5.37,1,8.83518556934203,7.69194213314573
5.372,1,8.83496253410151,7.68458549477893
5.374,1,8.83474909177457,7.6792138548638
5.376,1,8.83454482976276,7.6754307943247
5.378,1,8.83434935321382,7.6728681522976
5.38,1,8.83416228425839,7.67120917148229
5.382,1,8.83398326127953,7.67019576613272
5.384,1,8.83381193821374,7.66962660676727
5.386,1,8.83364798388197,7.66935049729914
5.388,1,8.83349108134941,7.66925789569329
5.39,1,8.83334092731288,7.74497119928705
5.392,1,8.83319723151448,7.70223448266239
5.394,1,8.83305971618052,7.67625596835252
5.396,1,8.83292811548458,7.66177706107188
5.398,1,8.83280217503363,7.73055778051567
5.4,1,8.83268165137627,7.68554709250247
5.402,1,8.83256631153213,7.66000305474304
5.404,1,8.8324559325415,7.64735991270554
5.406,1,8.83235030103434,7.64284347720453
5.408,1,8.83224921281781,7.64310603206331
5.41,1,8.83215247248156,7.64589087621788
5.412,1,8.83205989301999,7.64974577554835
5.414,1,8.83197129547074,7.72948969268378
5.416,1,8.83188650856877,7.69043010040869
5.418,1,8.83180536841528,7.74327622675035
5.42,1,8.83172771816086,7.76421272179317
5.422,1,8.83165340770232,7.76606835331395
5.424,1,8.83158229339255,7.68186782851953
5.426,1,8.83151423776276,7.71148944919866
5.428,1,8.83144910925683,7.72317964948915
5.43,1,8.83138678197697,7.72415487195383
5.432,1,8.83132713544033,7.71932051728206
5.434,1,8.83127005434612,7.71186557334811
5.436,1,8.83121542835274,7.70374908014866
5.438,1,8.83116315186445,7.69608090845449
5.44,1,8.83111312382727,7.6894086041973
5.442,1,8.83106524753362,7.68392583581975
5.444,1,8.8310194304354,7.67961846666383
5.446,1,8.83097558396506,7.67636295167788
5.448,1,8.83093362336441,7.67398960163785
5.45,1,8.83089346752078,7.67232087046966
5.452,1,8.83085503881021,7.67119254584837
5.454,1,8.83081826294741,7.67046373223596
5.456,1,8.83078306884214,7.67001987265586
5.458,1,8.83074938846183,7.66977176041957
5.46,1,8.83071715670003,7.6696525101966
5.462,1,8.83068631125057,7.74531265760773
5.464,1,8.8306567924871,7.77821281469967
5.466,1,8.83062854334788,7.78506582909542
5.468,1,8.83060150922539,7.77735389762812
5.47,1,8.83057563786085,7.76263693773353
5.472,1,8.83055087924318,7.74563733679123
5.474,1,8.83052718551229,7.72909840362504
5.476,1,8.8305045108666,7.71443743010771
5.478,1,8.83048281147449,7.70222478235215
5.48,1,8.83046204538957,7.76822186252162
5.482,1,8.83044217246958,7.79370853375596
5.484,1,8.83042315429885,7.79507924188504
5.486,1,8.83040495411395,7.78345580913768
5.488,1,8.83038753673271,7.76605096559713
5.49,1,8.83037086848614,7.74728120887494
5.492,1,8.8303549171534,7.72963616839543
5.494,1,8.83033965189949,7.71433233284286
5.496,1,8.83032504321564,7.70178727771321
5.498,1,8.83031106286228,7.69195137745794
5.5,1,8.83029768381444,7.68453078840102
5.502,1,8.83028488020952,7.679130448682
5.504,1,8.83027262729728,7.75103923467546
5.506,1,8.83026090139202,7.78137394022056
5.508,1,8.83024967982678,7.78654704123896
5.51,1,8.83023894090949,7.77779317444528
5.512,1,8.83022866388113,7.76247728999144
5.514,1,8.83021882887549,7.74517409346507
5.516,1,8.83020941688084,7.72851900057355
5.518,1,8.83020040970317,7.7138532743917
5.52,1,8.830191789931,7.70169574632908
5.522,1,8.83018354090171,7.69207551292126
5.524,1,8.83017564666937,7.68475766776823
5.526,1,8.83016809197392,7.67938971996521
5.528,1,8.8301608622116,7.675591270905
5.53,1,8.8301539434068,7.6730045851706
5.532,1,8.830147322185,7.67131931864052
5.534,1,8.83014098574693,7.74597994408938
5.536,1,8.83013492184384,7.70258237049659
5.538,1,8.83012911875378,7.7519160635851
5.54,1,8.830123565259,7.77012697860198
5.542,1,8.8301182506242,7.76994559157383
5.544,1,8.83011316457585,7.75997515900833
5.546,1,8.83010829728226,7.7457691579259
5.548,1,8.83010363933464,7.73070678814643
5.55,1,8.83009918172885,7.7166743908673
5.552,1,8.83009491584804,7.70457612667184
5.554,1,8.83009083344597,7.69470321116794
5.556,1,8.83008692663109,7.68699129013294
5.558,1,8.83008318785126,7.68119276768735
5.56,1,8.83007960987916,7.67698677851761
5.562,1,8.83007618579834,7.67404505749898
5.564,1,8.83007290898981,7.67206779232726
5.566,1,8.83006977311928,7.67079993229703
5.568,1,8.8300667721249,7.67003546650202
5.57,1,8.83006390020555,7.66961486497789
5.572,1,8.83006115180961,7.66941912681039
5.574,1,8.83005852162425,7.66936260647364
5.576,1,8.83005600456515,7.66938589672175
5.578,1,8.83005359576664,7.66944944406602
5.58,1,8.83005129057238,7.66952818499957
5.582,1,8.83004908452626,7.66960725587851
5.584,1,8.83004697336384,7.66967869870447
5.586,1,8.8300449530041,7.6697390230568
5.588,1,8.83004301954156,7.66978746515989
5.59,1,8.8300411692387,7.7455237081689
5.592,1,8.83003939851875,7.77844361029091
5.594,1,8.83003770395881,7.78528437430983
5.596,1,8.83003608228316,7.77754434127873
5.598,1,8.830034530357,7.76279360133215
5.6,1,8.83003304518036,7.74576052647234
5.602,1,8.83003162388228,7.72919158636576
5.604,1,8.8300302637153,7.7145054160987
5.606,1,8.83002896205013,7.70227262325183
5.608,1,8.83002771637055,7.69255532248576
5.61,1,8.83002652426859,7.68513836480233
5.612,1,8.83002538343983,7.67967999597829
5.614,1,8.83002429167898,7.67580468448879
5.616,1,8.83002324687558,7.67315595191076
5.618,1,8.83002224700997,7.67142266212412
5.62,1,8.83002129014933,7.74604748152965
5.622,1,8.83002037444398,7.77832306781744
5.624,1,8.83001949812381,7.78483217366391
5.626,1,8.83001865949482,7.77695992780385
5.628,1,8.83001785693591,7.76219637003644
5.63,1,8.83001708889565,7.74521540496082
5.632,1,8.83001635388939,7.7287280516159
5.634,1,8.8300156504963,7.7141311332204
5.636,1,8.83001497735667,7.70198287054672
5.638,1,8.83001433316929,7.69233923950651
5.64,1,8.83001371668889,7.6849828897462
5.642,1,8.83001312672378,7.6795721824076
5.644,1,8.83001256213351,7.67573292524131
5.646,1,8.83001202182669,7.67311049951997
5.648,1,8.83001150475887,7.67139572276695
5.65,1,8.83001100993054,7.67033415462691
5.652,1,8.83001053638514,7.66972565601342
5.654,1,8.83001008320728,7.66941879472092
5.656,1,8.83000964952095,7.66930305526904
5.658,1,8.83000923448779,7.66930064679864
5.66,1,8.83000883730552,7.66935890517558
5.662,1,8.83000845720635,7.66944376181241
5.664,1,8.83000809345554,7.66953442587625
5.666,1,8.83000774534993,7.66961923832996
5.668,1,8.8300074122166,7.66969255999695
5.67,1,8.83000709341158,7.66975251811023
5.672,1,8.83000678831861,7.66979943302302
5.674,1,8.83000649634792,7.66983476286258
5.676,1,8.8300062169351,7.66986042851727
5.678,1,8.83000594954005,7.74557732571589
5.68,1,8.83000569364585,7.77848162063083
5.682,1,8.83000544875786,7.78531031127066
5.684,1,8.83000521440268,7.77756128072542
5.686,1,8.83000499012729,7.76280407136368
5.688,1,8.83000477549816,7.74576651360042
5.69,1,8.83000457010039,7.72919459226181
5.692,1,8.83000437353694,7.79020545338033
5.694,1,8.83000418542782,7.81086373246314
5.696,1,8.83000400540942,7.80796674642607
5.698,1,8.83000383313374,7.79279579346112
5.7,1,8.83000366826778,7.77257755940928
5.702,1,8.83000351049282,7.75166352752508
5.704,1,8.83000335950388,7.73244262193088
5.706,1,8.83000321500909,7.79172045215384
5.708,1,8.83000307672913,7.81130513854537
5.71,1,8.83000294439669,7.80779213779545
5.712,1,8.83000281775598,7.79230995319694
5.714,1,8.83000269656217,7.7719737180351
5.716,1,8.830002580581,7.75105636360867
5.718,1,8.83000246958827,7.73189361108056
5.72,1,8.83000236336942,7.71555771658555
5.722,1,8.83000226171912,7.70234141743322
5.724,1,8.83000216444088,7.76779182985634
5.726,1,8.83000207134665,7.79302945525102
5.728,1,8.83000198225647,7.7943343921677
5.73,1,8.83000189699813,7.78274940331434
5.732,1,8.83000181540681,7.76543477787831
5.734,1,8.8300017373248,7.74677394158466
5.736,1,8.83000166260115,7.72923704377261
5.738,1,8.83000159109142,7.71403026292461
5.74,1,8.83000152265739,7.77726568905491
5.742,1,8.83000145716674,7.80038723058731
5.744,1,8.83000139449291,7.79983766845032
5.746,1,8.83000133451472,7.86241960940997
5.748,1,8.83000127711624,7.87678835145774
5.75,1,8.8300012221865,7.86403122626563
5.752,1,8.83000116961934,7.83806941237987
5.754,1,8.83000111931313,7.7319301454521
5.756,1,8.83000107117063,7.66921395302758
5.758,1,8.83000102509878,7.63584119073238
5.76,1,8.83000098100851,7.62140837983948
5.762,1,8.83000093881459,7.69419790744838
5.764,1,8.83000089843547,7.65491332912928
5.766,1,8.83000085979309,7.7111448556262
5.768,1,8.83000082281274,7.73705771695917
5.77,1,8.83000078742294,7.74424688514858
5.772,1,8.83000075355529,7.74074286232085
5.774,1,8.83000072114431,7.73188296307766
5.776,1,8.83000069012735,7.72104169737025
5.778,1,8.83000066044445,7.71021393854333
5.78,1,8.83000063203824,7.77616095634986
5.782,1,8.8300006048538,7.8008373767097
5.784,1,8.83000057883858,7.80107246288543
5.786,1,8.8300005539423,7.71255308099574
5.788,1,8.83000053011683,7.66114441591416
5.79,1,8.8300005073161,7.71029628217521
5.792,1,8.83000048549605,7.73251795320238
5.794,1,8.8300004646145,7.7381870008712
5.796,1,8.83000044463108,7.73447052214914
5.798,1,8.83000042550717,7.72611639459487
5.8,1,8.83000040720578,7.64041503090948
5.802,1,8.83000038969156,7.67332761737163
5.804,1,8.83000037293063,7.69053901327571
5.806,1,8.8300003568906,7.69767969062332
5.808,1,8.83000034154047,7.69874580990499
5.81,1,8.83000032685056,7.69646769617362
5.812,1,8.83000031279247,7.69263124688958
5.814,1,8.83000029933903,7.68834252086015
5.816,1,8.83000028646423,7.68423591692706
5.818,1,8.83000027414319,7.68063172776402
5.82,1,8.83000026235208,7.67765115007433
5.822,1,8.83000025106812,7.67529725909013
5.824,1,8.83000024026949,7.67350984305518
5.826,1,8.83000022993532,7.67220088766075
5.828,1,8.83000022004563,7.67127624068039
5.83,1,8.8300002105813,7.67064776954501
5.832,1,8.83000020152404,7.67023924975921
5.834,1,8.83000019285634,7.66998832937996
5.836,1,8.83000018456145,7.66984620732912
5.838,1,8.83000017662332,7.66977612445026
5.84,1,8.83000016902662,7.66975137043564
5.842,1,8.83000016175665,7.6697532293192
5.844,1,8.83000015479938,7.66976909498484
5.846,1,8.83000014814134,7.66979086331958
5.848,1,8.83000014176967,7.66981363056408
5.85,1,8.83000013567205,7.66983468339977
5.852,1,8.83000012983669,7.74555166194142
5.854,1,8.83000012425232,7.77845853314223
5.856,1,8.83000011890813,7.78529087612541
5.858,1,8.8300001137938,7.7775457112157
5.86,1,8.83000010889945,7.76279209969604
5.862,1,8.8300001042156,7.74575764189223
5.864,1,8.83000009973321,7.72918824908354
5.866,1,8.83000009544361,7.71450216680796
5.868,1,8.83000009133851,7.70226974157115
5.87,1,8.83000008740997,7.69255292122877
5.872,1,8.8300000836504,7.76083537438283
5.874,1,8.83000008005253,7.71257072738019
5.876,1,8.83000007660941,7.7583234400292
5.878,1,8.83000007331438,7.77399256002743
5.88,1,8.83000007016108,7.77207434649348
5.882,1,8.83000006714339,7.76096772207816
5.884,1,8.83000006425551,7.7460579308109
5.886,1,8.83000006149183,7.73059179277161
5.888,1,8.83000005884702,7.71635545206297
5.89,1,8.83000005631597,7.70417992131913
5.892,1,8.83000005389377,7.77000382814525
5.894,1,8.83000005157576,7.79522228877347
5.896,1,8.83000004935745,7.72060166518686
5.898,1,8.83000004723455,7.75150850247019
5.9,1,8.83000004520296,7.75993427004897
5.902,1,8.83000004325874,7.75554133076749
5.904,1,8.83000004139815,7.74474690265219
5.906,1,8.83000003961759,7.73160450808421
5.908,1,8.8300000379136,7.7185072581646
5.91,1,8.83000003628291,7.70672672654886
5.912,1,8.83000003472235,7.69681097333228
5.914,1,8.83000003322892,7.76456710071663
5.916,1,8.83000003179972,7.7913524229338
5.918,1,8.83000003043199,7.79364812274808
5.92,1,8.83000002912309,7.7826591500284
5.922,1,8.83000002787048,7.76567123361968
5.924,1,8.83000002667175,7.74716126439321
5.926,1,8.83000002552458,7.72966658308561
5.928,1,8.83000002442675,7.79013883631866
5.93,1,8.83000002337613,7.81051649947257
5.932,1,8.83000002237071,7.80750415691615
5.934,1,8.83000002140853,7.79231735052942
5.936,1,8.83000002048773,7.77213788370929
5.938,1,8.83000001960654,7.75128791712826
5.94,1,8.83000001876325,7.73213824301406
5.942,1,8.83000001795623,7.71578517784782
5.944,1,8.83000001718391,7.70253727360602
5.946,1,8.83000001644482,7.69225258599335
5.948,1,8.83000001573752,7.76026188889969
5.95,1,8.83000001506063,7.78760711405149
5.952,1,8.83000001441286,7.79057100652496
5.954,1,8.83000001379296,7.78024201958787
5.956,1,8.83000001319971,7.76384457499245
5.958,1,8.83000001263198,7.74582973484764
5.96,1,8.83000001208867,7.72873047770257
5.962,1,8.83000001156873,7.71380704702441
5.964,1,8.83000001107115,7.70151667096899
5.966,1,8.83000001059497,7.69184327579663
5.968,1,8.83000001013927,7.68452000517848
5.97,1,8.83000000970318,7.75487153850037
5.972,1,8.83000000928583,7.7839976691082
5.974,1,8.83000000888644,7.78826739498838
5.976,1,8.83000000850423,7.7788620480003
5.978,1,8.83000000813846,7.76309329461343
5.98,1,8.83000000778842,7.74548782691091
5.982,1,8.83000000745343,7.72864059594726
5.984,1,8.83000000713285,7.71386041896323
5.986,1,8.83000000682606,7.70164115952005
5.988,1,8.83000000653247,7.69199339786396
5.99,1,8.8300000062515,7.68466897882252
5.992,1,8.83000000598262,7.67930627900854
5.994,1,8.8300000057253,7.67551886351776
5.996,1,8.83000000547905,7.67294520730867
5.998,1,8.8300000052434,7.67127274860359
6,1,8.83000000501787,7.67024588190661
6.002,1,8.83000000480205,7.66966459859601
6.004,1,8.83000000459551,7.66937827488348
6.006,1,8.83000000439785,7.74497640308571
6.008,1,8.8300000042087,7.70217776026916
6.01,1,8.83000000402768,7.75187074228605
6.012,1,8.83000000385445,7.77027770655778
6.014,1,8.83000000368866,7.77018597857557
6.016,1,8.83000000353001,7.76023962780718
6.018,1,8.83000000337818,7.74602036534033
6.02,1,8.83000000323289,7.73092613128847
6.022,1,8.83000000309384,7.71685509538038
6.024,1,8.83000000296077,7.70471839388555
6.026,1,8.83000000283342,7.69481094204231
6.028,1,8.83000000271156,7.76276889097311
6.03,1,8.83000000259493,7.71414038484062
6.032,1,8.83000000248332,7.75954416541176
6.034,1,8.83000000237651,7.69920783311521
6.036,1,8.8300000022743,7.66414375722156
6.038,1,8.83000000217648,7.64601577072887
6.04,1,8.83000000208286,7.71440634396328
6.042,1,8.83000000199328,7.67078170922984
6.044,1,8.83000000190755,7.64743401297884
6.046,1,8.8300000018255,7.63720249550449
6.048,1,8.83000000174699,7.63497445770377
6.05,1,8.83000000167185,7.63723384874538
6.052,1,8.83000000159994,7.64166298591886
6.054,1,8.83000000153113,7.64681191373519
6.056,1,8.83000000146527,7.65183646185769
6.058,1,8.83000000140225,7.65629878653981
6.06,1,8.83000000134194,7.66002091462433
6.062,1,8.83000000128422,7.66298100363282
6.064,1,8.83000000122898,7.6652426171933
6.066,1,8.83000000117612,7.6669085847913
6.068,1,8.83000000112554,7.59239360629522
6.07,1,8.83000000107713,7.56031148507686
6.072,1,8.8300000010308,7.5540213392482
6.074,1,8.83000000098646,7.56210452878394
6.076,1,8.83000000094404,7.5770539365318
6.078,1,8.83000000090343,7.59418902873687
6.08,1,8.83000000086457,7.610798382552
6.082,1,8.83000000082739,7.62548813021829
6.084,1,8.8300000007918,7.63770450592403
6.086,1,8.83000000075775,7.64739634857966
6.088,1,8.83000000072516,7.65478554003795
6.09,1,8.83000000069397,7.66021765234502
6.092,1,8.83000000066412,7.66407010372263
6.094,1,8.83000000063555,7.66670004338612
6.096,1,8.83000000060822,7.66841856371249
6.098,1,8.83000000058206,7.66948149555373
6.1,1,8.83000000055702,7.67008995430652
6.102,1,8.83000000053306,7.67039603127993
6.104,1,8.83000000051014,7.67051066686989
6.106,1,8.8300000004882,7.6705119100419
6.108,1,8.8300000004672,7.67045256861845
6.11,1,8.8300000004471,7.74606569736155
6.112,1,8.83000000042787,7.77886646161446
6.114,1,8.83000000040947,7.78560196645284
6.116,1,8.83000000039186,7.70207554547612
6.118,1,8.830000000375,7.654363265226
6.12,1,8.83000000035888,7.63045643357114
6.122,1,8.83000000034344,7.62160239978673
6.124,1,8.83000000032867,7.6216485169251
6.126,1,8.83000000031453,7.62643572631825
6.128,1,8.830000000301,7.63327845187962
6.13,1,8.83000000028806,7.64054184797144
6.132,1,8.83000000027567,7.64731268106985
6.134,1,8.83000000026381,7.65315262052533
6.136,1,8.83000000025247,7.65791981984958
6.138,1,8.83000000024161,7.66164452037399
6.14,1,8.83000000023122,7.66444573756694
6.142,1,8.83000000022127,7.74217699341904
6.144,1,8.83000000021175,7.70079204490464
6.146,1,8.83000000020265,7.75137558658933
6.148,1,8.83000000019393,7.77030627552563
6.15,1,8.83000000018559,7.77049098279583
6.152,1,8.83000000017761,7.76066192718322
6.154,1,8.83000000016997,7.82216244599072
6.156,1,8.83000000016266,7.83992778639036
6.158,1,8.83000000015566,7.83261975120547
6.16,1,8.83000000014897,7.81266363147485
6.162,1,8.83000000014256,7.78793302466893
6.164,1,8.83000000013643,7.7630974296926
6.166,1,8.83000000013056,7.74065702901537
6.168,1,8.83000000012494,7.79740746482197
6.17,1,8.83000000011957,7.8150832351855
6.172,1,8.83000000011443,7.81017949933759
6.174,1,8.83000000010951,7.79372013861879
6.176,1,8.8300000001048,7.77272368427456
6.178,1,8.83000000010029,7.75138027609521
6.18,1,8.83000000009597,7.73195837883434
6.182,1,8.83000000009184,7.71547791361954
6.184,1,8.8300000000879,7.70219240424239
6.186,1,8.83000000008411,7.69192170246131
6.188,1,8.8300000000805,7.75997111963961
6.19,1,8.83000000007703,7.78736643187263
6.192,1,8.83000000007372,7.79038078562588
6.194,1,8.83000000007055,7.78009747916598
6.196,1,8.83000000006752,7.76373865739668
6.198,1,8.83000000006461,7.74575486495218
6.2,1,8.83000000006183,7.72867955209421
6.202,1,8.83000000005917,7.71377391489031
6.204,1,8.83000000005663,7.70149629649251
6.206,1,8.83000000005419,7.69183171470317
6.208,1,8.83000000005186,7.6845142844974
6.21,1,8.83000000004963,7.67917057891398
6.212,1,8.8300000000475,7.67540668438734
6.214,1,8.83000000004545,7.67285664141297
6.216,1,8.8300000000435,7.67120551460937
6.218,1,8.83000000004163,7.67019665801121
6.22,1,8.83000000003984,7.66962983605765
6.222,1,8.83000000003812,7.66935465420127
6.224,1,8.83000000003648,7.66926213693685
6.226,1,8.83000000003492,7.66927614923185
6.228,1,8.83000000003341,7.66934558112771
6.23,1,8.83000000003198,7.66943771062026
6.232,1,8.8300000000306,7.66953284986763
6.234,1,8.83000000002928,7.669620204077
6.236,1,8.83000000002802,7.66969478571635
6.238,1,8.83000000002682,7.66975519598895
6.24,1,8.83000000002566,7.66980208770111
6.242,1,8.83000000002456,7.66983714316372
6.244,1,8.8300000000235,7.66986242759191
6.246,1,8.83000000002249,7.66988000653975
6.248,1,8.83000000002153,7.66989174188088
6.25,1,8.8300000000206,7.66989920312439
6.252,1,8.83000000001972,7.66990364898374
6.254,1,8.83000000001887,7.66990604822332
6.256,1,8.83000000001805,7.66990711939062
6.258,1,8.83000000001728,7.66990737669734
6.26,1,8.83000000001654,7.66990717465077
6.262,1,8.83000000001582,7.6699067476141
6.264,1,8.83000000001514,7.66990624275728
6.266,1,8.83000000001449,7.6699057462333
6.268,1,8.83000000001387,7.66990530315763
6.27,1,8.83000000001327,7.66990493231074
6.272,1,8.8300000000127,7.66990463657822
6.274,1,8.83000000001215,7.66990441008485
6.276,1,8.83000000001163,7.66990424286451
6.278,1,8.83000000001113,7.66990412375313
6.28,1,8.83000000001065,7.66990404204973
6.282,1,8.83000000001019,7.66990398835633
6.284,1,8.83000000000976,7.6699039548975
6.286,1,8.83000000000934,7.66990393553023
6.288,1,8.83000000000893,7.66990392558804
6.29,1,8.83000000000855,7.66990392165273
6.292,1,8.83000000000818,7.66990392130867
6.294,1,8.83000000000783,7.66990392291372
6.296,1,8.83000000000749,7.66990392539948
6.298,1,8.83000000000717,7.66990392810939
6.3,1,8.83000000000686,7.66990393067151
6.302,1,8.83000000000657,7.66990393290193
6.304,1,8.83000000000628,7.66990393473533
6.306,1,8.83000000000601,7.66990393617601
6.308,1,8.83000000000576,7.66990393726527
6.31,1,8.83000000000551,7.66990393805947
6.312,1,8.83000000000527,7.66990393861804
6.314,1,8.83000000000504,7.66990393899576
6.316,1,8.83000000000483,7.66990393923998
6.318,1,8.83000000000462,7.66990393938874
6.32,1,8.83000000000442,7.66990393947193
6.322,1,8.83000000000423,7.66990393951199
6.324,1,8.83000000000405,7.66990393952505
6.326,1,8.83000000000387,7.66990393952242
6.328,1,8.83000000000371,7.66990393951173
6.33,1,8.83000000000355,7.66990393949779
6.332,1,8.8300000000034,7.6699039394835
6.334,1,8.83000000000325,7.66990393947036
6.336,1,8.83000000000311,7.66990393945922
6.338,1,8.83000000000298,7.66990393945037
6.34,1,8.83000000000285,7.66990393944344
6.342,1,8.83000000000273,7.66990393943827
6.344,1,8.83000000000261,7.6699039394345
6.346,1,8.8300000000025,7.66990393943178
6.348,1,8.83000000000239,7.66990393943003
6.35,1,8.83000000000229,7.66990393942889
6.352,1,8.83000000000219,7.66990393942828
6.354,1,8.83000000000209,7.66990393942793
6.356,1,8.830000000002,7.66990393942775
6.358,1,8.83000000000192,7.66990393942766
6.36,1,8.83000000000184,7.66990393942766
6.362,1,8.83000000000176,7.66990393942784
6.364,1,8.83000000000168,7.66990393942784
6.366,1,8.83000000000161,7.74560285710432
6.368,1,8.83000000000154,7.70279612764607
6.37,1,8.83000000000147,7.75242376737594
6.372,1,8.83000000000141,7.77074130913976
6.374,1,8.83000000000135,7.77055614449799
6.376,1,8.83000000000129,7.76052343851529
6.378,1,8.83000000000124,7.74623011964522
6.38,1,8.83000000000118,7.7310756961053
6.382,1,8.83000000000113,7.71695780514275
6.384,1,8.83000000000108,7.70478598304679
6.386,1,8.83000000000104,7.69485313378727
6.388,1,8.83000000000099,7.68709445874302
6.39,1,8.83000000000095,7.6812608242879
6.392,1,8.83000000000091,7.6770293961486
6.394,1,8.83000000000087,7.67406990464149
6.396,1,8.83000000000083,7.67208071176417
6.398,1,8.8300000000008,7.6708052166722
6.4,1,8.83000000000076,7.67003615824387
6.402,1,8.83000000000073,7.66961303961254
6.404,1,8.8300000000007,7.66941613945624
6.406,1,8.83000000000067,7.66935929437617
6.408,1,8.83000000000064,7.66938273835905
6.41,1,8.83000000000061,7.66944667939402
6.412,1,8.83000000000059,7.66952590310922
6.414,1,8.83000000000056,7.66960545662531
6.416,1,8.83000000000054,7.66967733437709
6.418,1,8.83000000000051,7.66973802528966
6.42,1,8.83000000000049,7.66978676132181
6.422,1,8.83000000000047,7.6698243128462
6.424,1,8.83000000000045,7.66985219449935
6.426,1,8.83000000000043,7.66987216827771
6.428,1,8.83000000000041,7.66988595417029
6.43,1,8.83000000000039,7.66989508001116
6.432,1,8.83000000000038,7.66990082038442
6.434,1,8.83000000000036,7.6699041890425
6.436,1,8.83000000000035,7.66990596060662
6.438,1,8.83000000000033,7.66990670573884
6.44,1,8.83000000000032,7.66990683002636
6.442,1,8.8300000000003,7.66990661100703
6.444,1,8.83000000000029,7.66990623054961
6.446,1,8.83000000000028,7.6699058015616
6.448,1,8.83000000000027,7.66990538903594
6.45,1,8.83000000000025,7.66990502600282
6.452,1,8.83000000000024,7.66990472518954
6.454,1,8.83000000000023,7.66990448724155
6.456,1,8.83000000000022,7.66990430629844
6.458,1,8.83000000000021,7.66990417360922
6.46,1,8.8300000000002,7.5942051620688
6.462,1,8.8300000000002,7.56131290995279
6.464,1,8.83000000000019,7.55449195806801
6.466,1,8.83000000000018,7.56224566862721
6.468,1,8.83000000000017,7.57700546515457
6.47,1,8.83000000000016,7.59404423881401
6.472,1,8.83000000000016,7.61061652487109
6.474,1,8.83000000000015,7.62530445629522
6.476,1,8.83000000000014,7.63753799145324
6.478,1,8.83000000000014,7.64725541800901
6.48,1,8.83000000000013,7.57897324265573
6.482,1,8.83000000000013,7.55153904725228
6.484,1,8.83000000000012,7.54859302391202
6.486,1,8.83000000000012,7.55899508413026
6.488,1,8.83000000000011,7.57548782533176
6.49,1,8.83000000000011,7.59360040636964
6.492,1,8.8300000000001,7.61078906108496
6.494,1,8.8300000000001,7.62578861740912
6.496,1,8.83000000000009,7.63814052909601
6.498,1,8.83000000000009,7.64786160704402
6.5,1,8.83000000000009,7.65522046786411
6.502,1,8.83000000000008,7.66059348193487
6.504,1,8.83000000000008,7.66437732868559
6.506,1,8.83000000000007,7.66694036583106
6.508,1,8.83000000000007,7.66859949423348
6.51,1,8.83000000000007,7.66961290061805
6.512,1,8.83000000000007,7.59448306509693
6.514,1,8.83000000000006,7.56186687503598
6.516,1,8.83000000000006,7.55513844786248
6.518,1,8.83000000000006,7.56287768747914
6.52,1,8.83000000000006,7.57756739020401
6.522,1,8.83000000000005,7.6702122470885
6.524,1,8.83000000000005,7.71958092377844
6.526,1,8.83000000000005,7.66530292508432
6.528,1,8.83000000000004,7.63681548970719
6.53,1,8.83000000000004,7.54919250375381
6.532,1,8.83000000000004,7.51438484810252
6.534,1,8.83000000000004,7.51117419917009
6.536,1,8.83000000000004,7.52512824851759
6.538,1,8.83000000000004,7.54685746629019
6.54,1,8.83000000000004,7.57058788885851
6.542,1,8.83000000000004,7.59304327373777
6.544,1,8.83000000000004,7.61260253892442
6.546,1,8.83000000000003,7.62868714386715
6.548,1,8.83000000000003,7.64133154054558
6.55,1,8.83000000000003,7.65089363402422
6.552,1,8.83000000000003,7.65786847376789
6.554,1,8.83000000000003,7.6627753764966
6.556,1,8.83000000000003,7.66609534395229
6.558,1,8.83000000000002,7.66824147500233
6.56,1,8.83000000000002,7.66954989084186
6.562,1,8.83000000000002,7.67028249361741
6.564,1,8.83000000000002,7.74633468015475
6.566,1,8.83000000000002,7.77934300659845
6.568,1,8.83000000000002,7.78614215243633
6.57,1,8.83000000000002,7.70259635121703
6.572,1,8.83000000000002,7.65482233577372
6.574,1,8.83000000000001,7.6308372778886
6.576,1,8.83000000000001,7.62190394531814
6.578,1,8.83000000000001,7.62187801824988
6.58,1,8.83000000000001,7.62660416212447
6.582,1,8.83000000000001,7.63339770303165
6.584,1,8.83000000000001,7.64062310378825
6.586,1,8.83000000000001,7.64736565779041
6.588,1,8.83000000000001,7.65318528997406
6.59,1,8.83000000000001,7.65793843692552
6.592,1,8.83000000000001,7.73735272483783
6.594,1,8.83000000000001,7.77304023868258
6.596,1,8.83000000000001,7.78189001059654
6.598,1,8.83000000000001,7.77555620966262
6.6,1,8.83000000000001,7.7617515065671
6.602,1,8.83000000000001,7.74532571804806
6.604,1,8.83000000000001,7.72912350257775
6.606,1,8.83000000000001,7.71463959292219
6.608,1,8.83000000000001,7.70250140460618
6.61,1,8.83000000000001,7.69281196804748
6.612,1,8.83000000000001,7.68538453791885
6.614,1,8.83000000000001,7.6798962887763
6.616,1,8.83000000000001,7.67598369757751
6.618,1,8.83000000000001,7.59759850154909
6.62,1,8.83000000000001,7.6386379591981
6.622,1,8.83000000000001,7.5879074932914
6.624,1,8.83000000000001,7.64464917624304
6.626,1,8.83000000000001,7.6016980005984
6.628,1,8.83000000000001,7.58552768778888
6.63,1,8.83000000000001,7.585233127787
6.632,1,8.83000000000001,7.59343273978733
6.634,1,8.83000000000001,7.60535225459173
6.636,1,8.83000000000001,7.61807884745557
6.638,1,8.83000000000001,7.62997971753069
6.64,1,8.83000000000001,7.64026573568412
6.642,1,8.83000000000001,7.64867551036724
6.644,1,8.83000000000001,7.65525484296611
6.646,1,8.83000000000001,7.66020881260141
6.648,1,8.83000000000001,7.66380718627564
6.65,1,8.83000000000001,7.66632759823992
6.652,1,8.83000000000001,7.66802447623365
6.654,1,8.83000000000001,7.66911476305565
6.656,1,8.83000000000001,7.66977400278716
6.658,1,8.83000000000001,7.67013833981909
6.66,1,8.83000000000001,7.5946105556692
6.662,1,8.83000000000001,7.56176959285699
6.664,1,8.83000000000001,7.55493091611331
6.666,1,8.83000000000001,7.6383307698657
6.668,1,8.83000000000001,7.61021758229611
6.67,1,8.83000000000001,7.60111817469594
6.672,1,8.83000000000001,7.6030551681986
6.674,1,8.83000000000001,7.61068570054414
6.676,1,8.83000000000001,7.62059897777224
6.678,1,8.83000000000001,7.63075103470719
6.68,1,8.83000000000001,7.6400284433603
6.682,1,8.83000000000001,7.64792383782447
6.684,1,8.83000000000001,7.65430308517919
6.686,1,8.83000000000001,7.65924430221664
6.688,1,8.83000000000001,7.66293106944562
6.69,1,8.83000000000001,7.66558508294641
6.692,1,8.83000000000001,7.66742648185292
6.694,1,8.83000000000001,7.668652848259
6.696,1,8.83000000000001,7.66943023606238
6.698,1,8.83000000000001,7.66989149916871
6.7,1,8.83000000000001,7.67013867678174
6.702,1,8.83000000000001,7.67024730655199
6.704,1,8.83000000000001,7.67027133998619
6.706,1,8.83000000000001,7.67024789385679
6.708,1,8.83000000000001,7.67020144521956
6.71,1,8.83000000000001,7.67014731572643
6.712,1,8.83000000000001,7.67009443309589
6.714,1,8.83000000000001,7.67004743461049
6.716,1,8.83000000000001,7.59430929449458
6.718,1,8.83000000000001,7.56138590119704
6.72,1,8.83000000000001,7.55454114059557
6.722,1,8.83000000000001,7.56227730200316
6.724,1,8.83000000000001,7.5770246190694
6.726,1,8.83000000000001,7.59405484814771
6.728,1,8.83000000000001,7.61062153105481
6.73,1,8.83000000000001,7.62530598073639
6.732,1,8.83000000000001,7.63753750894035
6.734,1,8.83000000000001,7.64725391299156
6.736,1,8.83000000000001,7.65467025864516
6.738,1,8.83000000000001,7.66012822764079
6.74,1,8.83000000000001,7.6640032919114
6.742,1,8.83000000000001,7.66665188304276
6.744,1,8.83000000000001,7.66838510174181
6.746,1,8.83000000000001,7.66945917345726
6.748,1,8.83000000000001,7.67007577519796
6.75,1,8.83000000000001,7.74608651118721
6.752,1,8.83000000000001,7.77909722910577
6.754,1,8.83000000000001,7.78592190736668
6.756,1,8.83000000000001,7.70241145759156
6.758,1,8.83000000000001,7.65467454013885
6.76,1,8.83000000000001,7.63072385009419
6.762,1,8.83000000000001,7.62182003765271
6.764,1,8.83000000000001,7.62181813234839
6.766,1,8.83000000000001,7.70226191303066
6.768,1,8.83000000000001,7.74196168636945
6.77,1,8.83000000000001,7.75601816279288
6.772,1,8.83000000000001,7.67931515682423
6.774,1,8.83000000000001,7.63748754568713
6.776,1,8.83000000000001,7.6183840414795
6.778,1,8.83000000000001,7.61328268422095
6.78,1,8.83000000000001,7.61615088664546
6.782,1,8.83000000000001,7.62298545270598
6.784,1,8.83000000000001,7.63126037637494
6.786,1,8.83000000000001,7.63948660998103
6.788,1,8.83000000000001,7.64687498487548
6.79,1,8.83000000000001,7.72878631996
6.792,1,8.83000000000001,7.69095183534159
6.794,1,8.83000000000001,7.74439970738657
6.796,1,8.83000000000001,7.68984725810364
6.798,1,8.83000000000001,7.7344899722066
6.8,1,8.83000000000001,7.67622058189612
6.802,1,8.83000000000001,7.72022628726375
6.804,1,8.83000000000001,7.73872392488257
6.806,1,8.83000000000001,7.74179477820332
6.808,1,8.83000000000001,7.73633684456891
6.81,1,8.83000000000001,7.72686995830446
6.812,1,8.83000000000001,7.71619980517183
6.814,1,8.83000000000001,7.70594116077805
6.816,1,8.83000000000001,7.69691442431672
6.818,1,8.83000000000001,7.68943545588249
6.82,1,8.83000000000001,7.68351991645505
6.822,1,8.83000000000001,7.75472077003385
6.824,1,8.83000000000001,7.78431464640891
6.826,1,8.83000000000001,7.78880249430764
6.828,1,8.83000000000001,7.7794606398369
6.83,1,8.83000000000001,7.76366666260864
6.832,1,8.83000000000001,7.74599115616479
6.834,1,8.83000000000001,7.72905690328194
6.836,1,8.83000000000001,7.78988815518507
6.838,1,8.83000000000001,7.81048198102858
6.84,1,8.83000000000001,7.80758830527686
6.842,1,8.83000000000001,7.7924564680314
6.844,1,8.83000000000001,7.77229258092515
6.846,1,8.83000000000001,7.75143565359031
6.848,1,8.83000000000001,7.80796660460911
6.85,1,8.83000000000001,7.74878428062636
6.852,1,8.83000000000001,7.78514145120556
6.854,1,8.83000000000001,7.79315394855887
6.856,1,8.83000000000001,7.7852619988701
6.858,1,8.83000000000001,7.76966855326547
6.86,1,8.83000000000001,7.7515076092972
6.862,1,8.83000000000001,7.7337700644784
6.864,1,8.83000000000001,7.71800890555599
6.866,1,8.83000000000001,7.70485713813969
6.868,1,8.83000000000001,7.69439475013071
6.87,1,8.83000000000001,7.76209787839539
6.872,1,8.83000000000001,7.71339972578394
6.874,1,8.83000000000001,7.68314055264241
6.876,1,8.83000000000001,7.66569967674451
6.878,1,8.83000000000001,7.73251390012955
6.88,1,8.83000000000001,7.76196051440794
6.882,1,8.83000000000001,7.76857610517317
6.884,1,8.83000000000001,7.68666613004372
6.886,1,8.83000000000001,7.64133660220333
6.888,1,8.83000000000001,7.61998595655793
6.89,1,8.83000000000001,7.61352829975616
6.892,1,8.83000000000001,7.61564906927891
6.894,1,8.83000000000001,7.62213462450435
6.896,1,8.83000000000001,7.63030742570479
6.898,1,8.83000000000001,7.6385732591154
6.9,1,8.83000000000001,7.6460728931138
6.902,1,8.83000000000001,7.6524237982019
6.904,1,8.83000000000001,7.65753538106756
6.906,1,8.83000000000001,7.66148165270882
6.908,1,8.83000000000001,7.66441708809091
6.91,1,8.83000000000001,7.66652382025206
6.912,1,8.83000000000001,7.66798075396377
6.914,1,8.83000000000001,7.66894741546222
6.916,1,8.83000000000001,7.66955725355878
6.918,1,8.83000000000001,7.66991664146765
6.92,1,8.83000000000001,7.67010701682577
6.922,1,8.83000000000001,7.67018848381409
6.924,1,8.83000000000001,7.67020383937005
6.926,1,8.83000000000001,7.67018242815849
6.928,1,8.83000000000001,7.74584244344047
6.93,1,8.83000000000001,7.77869024231402
6.932,1,8.83000000000001,7.78546821860046
6.934,1,8.83000000000001,7.70197764418161
6.936,1,8.83000000000001,7.65429414012236
6.938,1,8.83000000000001,7.55471055689967
6.94,1,8.83000000000001,7.58867970641747
6.942,1,8.83000000000001,7.53910996790729
6.944,1,8.83000000000001,7.52558776661499
6.946,1,8.83000000000001,7.53262103757554
6.948,1,8.83000000000001,7.54992052285107
6.95,1,8.83000000000001,7.57098665899634
6.952,1,8.83000000000001,7.59198206436508
6.954,1,8.83000000000001,7.61086759196895
6.956,1,8.83000000000001,7.62676418612312
6.958,1,8.83000000000001,7.63949812201026
6.96,1,8.83000000000001,7.64928890979002
6.962,1,8.83000000000001,7.65654407141078
6.964,1,8.83000000000001,7.66173115766326
6.966,1,8.83000000000001,7.66530358186599
6.968,1,8.83000000000001,7.66766246900396
6.97,1,8.83000000000001,7.66914147398375
6.972,1,8.83000000000001,7.67000534561491
6.974,1,8.83000000000001,7.67045596167053
6.976,1,8.83000000000001,7.67064175196048
6.978,1,8.83000000000001,7.67066799790511
6.98,1,8.83000000000001,7.67060658293955
6.982,1,8.83000000000001,7.67050448776976
6.984,1,8.83000000000001,7.67039077792344
6.986,1,8.83000000000001,7.67028209773478
6.988,1,8.83000000000001,7.67018682571139
6.99,1,8.83000000000001,7.67010810601912
6.992,1,8.83000000000001,7.67004598150704
6.994,1,8.83000000000001,7.66999883714403
6.996,1,8.83000000000001,7.66996433329899
6.998,1,8.83000000000001,7.66993997488949
7,1,8.83000000000001,7.66992343019997
7.002,1,8.83000000000001,7.66991268475447
7.004,1,8.83000000000001,7.66990609205318
7.006,1,8.83000000000001,7.66990236430756
7.008,1,8.83000000000001,7.66990053209684
7.01,1,8.83000000000001,7.66989989143502
7.012,1,8.83000000000001,7.66989994934909
7.014,1,8.83000000000001,7.66990037403444
7.016,1,8.83000000000001,7.66990095237088
7.018,1,8.83000000000001,7.66990155555605
7.02,1,8.83000000000001,7.66990211245878
7.022,1,8.83000000000001,7.66990258971919
7.024,1,8.83000000000001,7.66990297740985
7.026,1,8.83000000000001,7.66990327907752
7.028,1,8.83000000000001,7.66990350510358
7.03,1,8.83000000000001,7.66990366848889
7.032,1,8.83000000000001,7.66990378234814
7.034,1,8.83000000000001,7.66990385856213
7.036,1,8.83000000000001,7.66990390718129
7.038,1,8.83000000000001,7.6699039362881
7.04,1,8.83000000000001,7.66990395211806
7.042,1,8.83000000000001,7.66990395930631
7.044,1,8.83000000000001,7.6699039611773
7.046,1,8.83000000000001,7.66990396002834
7.048,1,8.83000000000001,7.66990395738258
7.05,1,8.83000000000001,7.66990395419978
7.052,1,8.83000000000001,7.6699039510448
7.054,1,8.83000000000001,7.66990394821602
7.056,1,8.83000000000001,7.66990394584038
7.058,1,8.83000000000001,7.66990394394079
7.06,1,8.83000000000001,7.66990394248255
7.062,1,8.83000000000001,7.66990394140355
7.064,1,8.83000000000001,7.66990394063326
7.066,1,8.83000000000001,7.6699039401036
7.068,1,8.83000000000001,7.66990393975449
7.07,1,8.83000000000001,7.66990393953616
7.072,1,8.83000000000001,7.66990393940909
7.074,1,8.83000000000001,7.66990393934319
7.076,1,8.83000000000001,7.66990393931646
7.078,1,8.83000000000001,7.66990393931324
7.08,1,8.83000000000001,7.66990393932286
7.082,1,8.83000000000001,7.66990393933837
7.084,1,8.83000000000001,7.66990393935551
7.086,1,8.83000000000001,7.66990393937184
7.088,1,8.83000000000001,7.6699039393861
7.09,1,8.83000000000001,7.66990393939787
7.092,1,8.83000000000001,7.66990393940714
7.094,1,8.83000000000001,7.66990393941418
7.096,1,8.83000000000001,7.6699039394193
7.098,1,8.83000000000001,7.66990393942294
7.1,1,8.83000000000001,7.6699039394254
7.102,1,8.83000000000001,7.66990393942695
7.104,1,8.83000000000001,7.66990393942794
7.106,1,8.83000000000001,7.66990393942849
7.108,1,8.83000000000001,7.66990393942873
7.11,1,8.83000000000001,7.66990393942884
7.112,1,8.83000000000001,7.66990393942882
7.114,1,8.83000000000001,7.66990393942873
7.116,1,8.83000000000001,7.66990393942866
7.118,1,8.83000000000001,7.66990393942855
7.12,1,8.83000000000001,7.66990393942849
7.122,1,8.83000000000001,7.66990393942842
7.124,1,8.83000000000001,7.66990393942836
7.126,1,8.83000000000001,7.66990393942831
7.128,1,8.83000000000001,7.66990393942827
7.13,1,8.83000000000001,7.66990393942822
7.132,1,8.83000000000001,7.74560285710472
7.134,1,8.83000000000001,7.77849504532293
7.136,1,8.83000000000001,7.78531595559456
7.138,1,8.83000000000001,7.77756221941156
7.14,1,8.83000000000001,7.76280240831511
7.142,1,8.83000000000001,7.7457636274189
7.144,1,8.83000000000001,7.72919133874904
7.146,1,8.83000000000001,7.71450340743549
7.148,1,8.83000000000001,7.70226987382928
7.15,1,8.83000000000001,7.69255244944062
7.152,1,8.83000000000001,7.68513570939866
7.154,1,8.83000000000001,7.67967771870103
7.156,1,8.83000000000001,7.67580283359027
7.158,1,8.83000000000001,7.67315451103779
7.16,1,8.83000000000001,7.67142158208901
7.162,1,8.83000000000001,7.67034778281542
7.164,1,8.83000000000001,7.66973141739867
7.166,1,8.83000000000001,7.66941979282718
7.168,1,8.83000000000001,7.6693014150411
7.17,1,8.83000000000001,7.66929776167023
7.172,1,8.83000000000001,7.66935564100536
7.174,1,8.83000000000001,7.66944061769423
7.176,1,8.83000000000001,7.6695316560829
7.178,1,8.83000000000001,7.66961694149787
7.18,1,8.83000000000001,7.66969074204032
7.182,1,8.83000000000001,7.66975113491957
7.184,1,8.83000000000001,7.66979841816898
7.186,1,8.83000000000001,7.66983404457127
7.188,1,8.83000000000001,7.74555885692505
7.19,1,8.83000000000001,7.77846919507138
7.192,1,8.83000000000001,7.70960341669571
7.194,1,8.83000000000001,7.74466427496473
7.196,1,8.83000000000001,7.75598050362018
7.198,1,8.83000000000001,7.75351900636338
7.2,1,8.83000000000001,7.74395403664458
7.202,1,8.83000000000001,7.73154545354765
7.204,1,8.83000000000001,7.71884530722661
7.206,1,8.83000000000001,7.70724315086385
7.208,1,8.83000000000001,7.69737153996602
7.21,1,8.83000000000001,7.68939696106263
7.212,1,8.83000000000001,7.68322095677738
7.214,1,8.83000000000001,7.67861351651538
7.216,1,8.83000000000001,7.67529718540922
7.218,1,8.83000000000001,7.67299659455875
7.22,1,8.83000000000001,7.67146466514223
7.222,1,8.83000000000001,7.74619270625147
7.224,1,8.83000000000001,7.77850899821309
7.226,1,8.83000000000001,7.78502145811157
7.228,1,8.83000000000001,7.77713231903712
7.23,1,8.83000000000001,7.76234273931696
7.232,1,8.83000000000001,7.74533345302344
7.234,1,8.83000000000001,7.72881934766305
7.236,1,8.83000000000001,7.71419915428369
7.238,1,8.83000000000001,7.70203176776089
7.24,1,8.83000000000001,7.76807203142017
7.242,1,8.83000000000001,7.79359651623278
7.244,1,8.83000000000001,7.79499844260239
7.246,1,8.83000000000001,7.7833996302828
7.248,1,8.83000000000001,7.76601345921565
7.25,1,8.83000000000001,7.74725736056264
7.252,1,8.83000000000001,7.72962195642771
7.254,1,8.83000000000001,7.71432466172931
7.256,1,8.83000000000001,7.77748276902938
7.258,1,8.83000000000001,7.72484274082616
7.26,1,8.83000000000001,7.76705126005834
7.262,1,8.83000000000001,7.77996918162088
7.264,1,8.83000000000001,7.77599413440446
7.266,1,8.83000000000001,7.76340391944442
7.268,1,8.83000000000001,7.74746262076048
7.27,1,8.83000000000001,7.731307835964
7.272,1,8.83000000000001,7.71663363172396
7.274,1,8.83000000000001,7.70419717281179
7.276,1,8.83000000000001,7.69418132996411
7.278,1,8.83000000000001,7.7621436240174
7.28,1,8.83000000000001,7.78927806379647
7.282,1,8.83000000000001,7.79196464740533
7.284,1,8.83000000000001,7.78135024994258
7.286,1,8.83000000000001,7.76469124382976
7.288,1,8.83000000000001,7.74645337376917
7.29,1,8.83000000000001,7.7291736442896
7.292,1,8.83000000000001,7.71411024528334
7.294,1,8.83000000000001,7.70171531233568
7.296,1,8.83000000000001,7.69196656133199
7.298,1,8.83000000000001,7.68459094248406
7.3,1,8.83000000000001,7.67920864433161
7.302,1,8.83000000000001,7.6754204149795
7.304,1,8.83000000000001,7.67285604129323
7.306,1,8.83000000000001,7.67119733244925
7.308,1,8.83000000000001,7.67018524058304
7.31,1,8.83000000000001,7.66961782040919
7.312,1,8.83000000000001,7.66934350547313
7.314,1,8.83000000000001,7.66925255079418
7.316,1,8.83000000000001,7.66926834238874
7.318,1,8.83000000000001,7.66933949352825
7.32,1,8.83000000000001,7.66943314055964
7.322,1,8.83000000000001,7.66952954001977
7.324,1,8.83000000000001,7.66961789285532
7.326,1,8.83000000000001,7.66969323507992
7.328,1,8.83000000000001,7.66975420394539
7.33,1,8.83000000000001,7.66980149141533
7.332,1,8.83000000000001,7.6698368167508
7.334,1,8.83000000000001,7.66986227729326
7.336,1,8.83000000000001,7.66987996498087
7.338,1,8.83000000000001,7.66989176240469
7.34,1,8.83000000000001,7.66989925472561
7.342,1,8.83000000000001,7.66990371206291
7.344,1,8.83000000000001,7.66990611119697
7.346,1,8.83000000000001,7.66990717609273
7.348,1,8.83000000000001,7.59420850678262
7.35,1,8.83000000000001,7.56131610703694
7.352,1,8.83000000000001,7.55449476089507
7.354,1,8.83000000000001,7.56224798460478
7.356,1,8.83000000000001,7.5770072929616
7.358,1,8.83000000000001,7.51834670825014
7.36,1,8.83000000000001,7.50202643420408
7.362,1,8.83000000000001,7.50989315686512
7.364,1,8.83000000000001,7.52988019830865
7.366,1,8.83000000000001,7.55435726532836
7.368,1,8.83000000000001,7.57881266635669
7.37,1,8.83000000000001,7.60084286353927
7.372,1,8.83000000000001,7.61940562600526
7.374,1,8.83000000000001,7.63428744858179
7.376,1,8.83000000000001,7.64573778251627
7.378,1,8.83000000000001,7.65422831190429
7.38,1,8.83000000000001,7.73600158179989
7.382,1,8.83000000000001,7.69738136172945
7.384,1,8.83000000000001,7.67407678577607
7.386,1,8.83000000000001,7.66123872417177
7.388,1,8.83000000000001,7.6552485719447
7.39,1,8.83000000000001,7.57780207578892
7.392,1,8.83000000000001,7.54559696823375
7.394,1,8.83000000000001,7.54069350954042
7.396,1,8.83000000000001,7.55083149771243
7.398,1,8.83000000000001,7.5679891469099
7.4,1,8.83000000000001,7.58719635301454
7.402,1,8.83000000000001,7.60560072679995
7.404,1,8.83000000000001,7.62176058398801
7.406,1,8.83000000000001,7.63512872992716
7.408,1,8.83000000000001,7.64568892616024
7.41,1,8.83000000000001,7.65370964771759
7.412,1,8.83000000000001,7.65958468410437
7.414,1,8.83000000000001,7.66373577821114
7.416,1,8.83000000000001,7.66655795358047
7.418,1,8.83000000000001,7.66839299948741
7.42,1,8.83000000000001,7.59382166927108
7.422,1,8.83000000000001,7.56156855662134
7.424,1,8.83000000000001,7.55506316857152
7.426,1,8.83000000000001,7.56292876450624
7.428,1,8.83000000000001,7.57768080050284
7.43,1,8.83000000000001,7.59464878324738
7.432,1,8.83000000000001,7.61112365678155
7.434,1,8.83000000000001,7.62570959502271
7.436,1,8.83000000000001,7.56214984319408
7.438,1,8.83000000000001,7.53889409121952
7.44,1,8.83000000000001,7.53942406018949
7.442,1,8.83000000000001,7.55258449251204
7.444,1,8.83000000000001,7.571180723588
7.446,1,8.83000000000001,7.59083999903225
7.448,1,8.83000000000001,7.60912580697606
7.45,1,8.83000000000001,7.62487453227865
7.452,1,8.83000000000001,7.63771612446811
7.454,1,8.83000000000001,7.64774019170448
7.456,1,8.83000000000001,7.65527259246477
7.458,1,8.83000000000001,7.66073299516521
7.46,1,8.83000000000001,7.66454966894782
7.462,1,8.83000000000001,7.74281211814855
7.464,1,8.83000000000001,7.70164772260477
7.466,1,8.83000000000001,7.75226441319513
7.468,1,8.83000000000001,7.69542613609213
7.47,1,8.83000000000001,7.73829941220409
7.472,1,8.83000000000001,7.67871056432598
7.474,1,8.83000000000001,7.64606805346799
7.476,1,8.83000000000001,7.63101526858662
7.478,1,8.83000000000001,7.6268271406669
7.48,1,8.83000000000001,7.62884550125897
7.482,1,8.83000000000001,7.63397401545193
7.484,1,8.83000000000001,7.64025472861322
7.486,1,8.83000000000001,7.72222884119027
7.488,1,8.83000000000001,7.6850750273321
7.49,1,8.83000000000001,7.6637669394273
7.492,1,8.83000000000001,7.65301096499932
7.494,1,8.83000000000001,7.72464196611417
7.496,1,8.83000000000001,7.6817349424633
7.498,1,8.83000000000001,7.65768884237358
7.5,3,8.83000000000001,7.6460728183377
7.502,3,9.58956989247313,7.64223108289783
7.504,3,10.3164701121517,7.64291383504422
7.506,3,11.0121058062527,7.79733953676675
7.508,3,11.6778216855537,8.0942001310387
7.51,3,12.3149046238094,8.51340829551432
7.512,3,12.924586145366,9.18357589595323
7.514,3,13.5080448057804,9.84571560956126
7.516,3,14.0664084700479,10.6653209614329
7.518,3,14.6007564928415,11.4879966606273
7.52,3,15.1121218049774,12.3068135784345
7.522,3,15.6014929101396,13.1184578849829
7.524,3,16.069815795725,13.9218705235031
7.526,3,16.5179957615003,14.717299228076
7.528,3,16.9468991696078,15.4299651578538
7.53,3,17.3573551193021,16.1038628106306
7.532,3,17.7501570496547,16.7662767402718
7.534,3,18.1260642733255,17.3571898068231
7.536,3,18.4858034443652,17.8516571614488
7.538,3,18.8300699628872,18.3215957050123
7.54,3,19.1595293193221,18.8077730992704
7.542,3,19.4748183808566,19.254625415317
7.544,3,19.7765466225402,19.6364066754773
7.546,3,20.0652973054417,20.0215100567809
7.548,3,20.3416286041324,20.3703766439245
7.55,3,20.6060746856751,20.6654896809763
7.552,3,20.8591467422052,20.9785132500272
7.554,3,21.1013339790996,21.2701926945492
7.556,3,21.3331045606437,21.5217036446618
7.558,3,21.5549065150246,21.7269732415211
7.56,3,21.7671686003999,21.9630261362231
7.562,3,21.970301133716,22.192195486778
7.564,3,22.1646967838788,22.3950763588117
7.566,3,22.3507313308087,22.563916428395
7.568,3,22.5287643918492,22.7736406940115
7.57,3,22.699140116931,22.9844658405396
7.572,3,22.8621878538372,23.0993714614642
7.574,3,23.0182227848549,23.2274900803765
7.576,3,23.167546536044,23.3500091927227
7.578,3,23.3104477603001,23.533149361693
7.58,3,23.447202695341,23.654839118001
7.582,3,23.5780756976919,23.8074515588426
7.584,3,23.7033197537052,23.8857911028563
7.586,3,23.8231769685996,23.9924947572071
7.588,3,23.9378790344663,24.0280922746157
7.59,3,24.0476476781451,24.0979609173325
7.592,3,24.1526950898378,24.1792074864228
7.594,3,24.2532243332856,24.2585021574667
7.596,3,24.3494297383056,24.3289299878468
7.598,3,24.441497276443,24.3876789874882
7.6,3,24.529604920467,24.4344024313373
7.602,3,24.6139229884039,24.4701023171317
7.604,3,24.6946144727736,24.4207019833447
7.606,3,24.771835355665,24.4064999505912
7.608,3,24.8457349102601,24.4881665837551
7.61,3,24.9164559893887,24.5371921962296
7.612,3,24.9841353016731,24.5639746767384
7.614,3,25.0489036757946,24.6519525037472
7.616,3,25.1108863133949,24.6881782815249
7.618,3,25.1702030310983,24.6932340409661
7.62,3,25.2269684921263,24.6811706712241
7.622,3,25.2812924279489,24.7368687460052
7.624,3,25.3332798504027,24.747501760368
7.626,3,25.3830312546864,24.8087551436429
7.628,3,25.4306428136247,24.8152553974626
7.63,3,25.4762065635763,24.7919192204818
7.632,3,25.5198105823472,24.8306760851663
7.634,3,25.5615391594506,24.8230174743536
7.636,3,25.6014729590441,24.7913655718514
7.638,3,25.6396891758594,24.8257430567293
7.64,3,25.6762616844246,24.8162361899765
7.642,3,25.7112611818687,24.8599669837135
7.644,3,25.744755324584,24.8520696226471
7.646,3,25.7768088590105,24.8931220018433
7.648,3,25.807483746795,24.8805242159282
7.65,3,25.8368392845672,24.9162619287784
7.652,3,25.8649322185644,24.8985464937414
7.654,3,25.891816854325,24.9297767006217
7.656,3,25.9175451616659,24.9840228843425
7.658,3,25.9421668751426,24.9694886010781
7.66,3,25.9657295901903,24.9954133225316
7.662,3,25.9882788551283,25.0403524968048
7.664,3,26.0098582592088,25.090995036696
7.666,3,26.0305095168773,25.0639815285321
7.668,3,26.0502725484094,25.0739261322575
7.67,3,26.06918555708,25.0268967366818
7.672,3,26.087285103012,25.0298288040117
7.674,3,26.1046061738502,25.0591114078739
7.676,3,26.1211822523943,25.0238553697878
7.678,3,26.1370453813236,25.0333652724855
7.68,3,26.1522262251376,24.9901072866515
7.682,3,26.1667541294328,24.9986812781593
7.684,3,26.1806571776292,25.0340463464199
7.686,3,26.1939622452581,25.00450735773
7.688,3,26.2066950519136,25.0189752169632
7.69,3,26.2188802109711,25.0554800192218
7.692,3,26.2305412771659,25.0244333286606
7.694,3,26.2417007921265,25.0361306526305
7.696,3,26.252380327949,25.0694650059032
7.698,3,26.2626005288974,25.035347539386
7.7,3,26.2723811513105,25.0443303074322
7.702,3,26.2817411017917,25.0754079605695
7.704,3,26.2906984737577,25.1151995719644
7.706,3,26.2992705824133,25.1557102728909
7.708,3,26.3074739982234,25.1926061531693
7.71,3,26.315324578945,25.1482341821201
7.712,3,26.3228375002807,25.1406076872427
7.714,3,26.3300272852149,25.1533269293058
7.716,3,26.3369078320874,25.1756393699967
7.718,3,26.3434924414599,25.2008648444209
7.72,3,26.3497938418273,25.2251539211822
7.722,3,26.3558242142218,25.1708475484736
7.724,3,26.3615952157606,25.2313910054579
7.726,3,26.3671180021795,25.2714991499882
7.728,3,26.3724032493976,25.2210535616392
7.73,3,26.3774611741547,25.203001572444
7.732,3,26.3823015537609,25.1283048959714
7.734,3,26.386933744997,25.1821748435095
7.736,3,26.3913667022015,25.2235820507823
7.738,3,26.3956089945799,25.2542572806636
7.74,3,26.39966882277,25.2004836781654
7.742,3,26.4035540346939,25.1069884091026
7.744,3,26.4072721407285,25.1529386239232
7.746,3,26.4108303282241,25.1930084547469
7.748,3,26.4142354753972,25.2259880759591
7.75,3,26.4174941646275,25.2519321728505
7.752,3,26.4206126951811,25.1958653648715
7.754,3,26.4235970953884,25.1016031464194
7.756,3,26.4264531342964,25.0719770030884
7.758,3,26.4291863328213,25.079739403563
7.76,3,26.4318019744204,25.1066716075708
7.762,3,26.4343051153055,25.0654683107051
7.764,3,26.4367005942171,25.0677000466691
7.766,3,26.4389930417777,25.0928714854555
7.768,3,26.4411868894432,25.0520913495414
7.77,3,26.4432863780693,25.0558689720361
7.772,3,26.4452955661093,25.007333454586
7.774,3,26.4472183374594,25.0113932621763
7.776,3,26.4490584089666,25.0430967027564
7.778,3,26.4508193376131,25.0864109832004
7.78,3,26.4525045273932,25.1316413240821
7.782,3,26.4541172358924,25.0977303529449
7.784,3,26.4556605805852,25.1006662893492
7.786,3,26.4571375448611,25.1229595766676
7.788,3,26.4585509837918,25.153374125535
7.79,3,26.4599036296503,25.1851172114736
7.792,3,26.4611980971922,25.2144357688152
7.794,3,26.4624368887108,25.1638690014976
7.796,3,26.4636223988738,25.1513962884058
7.798,3,26.4647569193523,25.1604666892703
7.8,3,26.4658426432511,25.180128867594
7.802,3,26.4668816693479,25.2034981016483
7.804,3,26.4678760061501,25.1508386039105
7.806,3,26.4688275757781,25.1385360760511
7.808,3,26.4697382176801,25.1489664733601
7.81,3,26.4706096921885,25.1704888403418
7.812,3,26.4714436839223,25.1201024592891
7.814,3,26.4722418050439,25.1120455144194
7.816,3,26.4730055983754,25.0516552923043
7.818,3,26.4737365403807,25.0450196702856
7.82,3,26.4744360440203,25.0677014141664
7.822,3,26.4751054614818,25.028077936073
7.824,3,26.4757460867944,25.0348423282638
7.826,3,26.4763591583301,25.0656735486265
7.828,3,26.4769458611976,25.1062945077074
7.83,3,26.4775073295332,25.0724274015252
7.832,3,26.4780446486931,25.0778840283414
7.834,3,26.4785588573514,25.1037698904321
7.836,3,26.4790509495084,25.1379939799348
7.838,3,26.4795218764112,25.1732863081487
7.84,3,26.4799725483935,25.1299661003938
7.842,3,26.4804038366347,25.1247034029542
7.844,3,26.4808165748439,25.0645538162168
7.846,3,26.4812115608722,25.0567734699517
7.848,3,26.481589558254,25.1533837002897
7.85,3,26.4819512976839,25.2204219986108
7.852,3,26.4822974784287,25.2650758509575
7.854,3,26.4826287696791,25.2933869484732
7.856,3,26.4829458118434,25.234490825038
7.858,3,26.4832492177856,25.1349078089677
7.86,3,26.4835395740099,25.023458610393
7.862,3,26.4838174417944,24.9166818471715
7.864,3,26.4840833582764,24.8986338320428
7.866,3,26.4843378374903,24.9296780841584
7.868,3,26.4845813713617,24.9838348481115
7.87,3,26.484814430658,25.0449703614982
7.872,3,26.4850374658985,25.028094258452
7.874,3,26.4852509082254,25.046986153124
7.876,3,26.4854551702372,25.0830853239274
7.878,3,26.4856506467862,25.1247967301834
7.88,3,26.4858377157416,25.0896849644848
7.882,3,26.4860167387205,25.0927746739954
7.884,3,26.4861880617862,25.1159288257906
7.886,3,26.486352016118,25.1474963029583
7.888,3,26.4865089186506,25.1047353412245
7.89,3,26.4866590726871,25.1022610151188
7.892,3,26.4868027684855,25.1215121066678
7.894,3,26.4869402838195,25.0747484701429
7.896,3,26.4870718845154,25.0730994658962
7.898,3,26.4871978249664,25.095668756336
7.9,3,26.4873183486237,25.1289239686575
7.902,3,26.4874336884679,25.1645948567157
7.904,3,26.4875440674585,25.1223343124886
7.906,3,26.4876496989657,25.1183898648423
7.908,3,26.4877507871822,25.1352652201536
7.91,3,26.4878475275184,25.1615763585977
7.912,3,26.48794010698,25.190321939709
7.914,3,26.4880287045293,25.2175285133141
7.916,3,26.4881134914312,25.2412292925158
7.918,3,26.4881946315847,25.2607215761581
7.92,3,26.4882722818391,25.2760460392654
7.922,3,26.4883465922977,25.2119367998645
7.924,3,26.4884177066075,25.1874990122711
7.926,3,26.4884857622372,25.1866263273185
7.928,3,26.4885508907432,25.1984049063659
7.93,3,26.488613218023,25.2157667587182
7.932,3,26.4886728645597,25.2343921185481
7.934,3,26.4887299456539,25.2518529430659
7.936,3,26.4887845716473,25.1912705944662
7.938,3,26.4888368481355,25.1707530507997
7.94,3,26.4888868761727,25.1736234367778
7.942,3,26.4889347524664,25.1886811901614
7.944,3,26.4889805695646,25.1330523036299
7.946,3,26.4890244160349,25.1209219073287
7.948,3,26.4890663766356,25.1331825355681
7.95,3,26.4891065324792,25.1572386110436
7.952,3,26.4891449611898,25.1095109723054
7.954,3,26.4891817370526,25.1796159492825
7.956,3,26.4892169311579,25.1542334613761
7.958,3,26.4892506115382,25.1561402316435
7.96,3,26.4892828433,25.172409699288
7.962,3,26.4893136887494,25.1947317596056
7.964,3,26.4893432075129,25.2180780199797
7.966,3,26.4893714566521,25.2396662098757
7.968,3,26.4893984907746,25.1824873935094
7.97,3,26.4894243621391,25.1646515122968
7.972,3,26.4894491207568,25.1695539835252
7.974,3,26.4894728144877,25.2617958204114
7.976,3,26.4894954891334,25.3158050030493
7.978,3,26.4895171885255,25.2683987659977
7.98,3,26.4895379546104,25.2472946030088
7.982,3,26.4895578275304,25.1665989319878
7.984,3,26.4895768457011,25.1377917719033
7.986,3,26.489595045886,25.2151941222729
7.988,3,26.4896124632673,25.190191237282
7.99,3,26.4896291315139,25.188751525146
7.992,3,26.4896450828466,25.1243190936934
7.994,3,26.4896603481005,25.1083564980552
7.996,3,26.4896749567844,25.1198139179011
7.998,3,26.4896889371377,25.1447611448156
8,3,26.4897023161856,25.2501379882807
8.002,3,26.4897151197905,25.2366025436902
8.004,3,26.4897273727027,25.2366967658441
8.006,3,26.489739098608,25.1683502369361
8.008,3,26.4897503201732,25.1459549082226
8.01,3,26.4897610590905,25.1502715201968
8.012,3,26.4897713361189,25.1684051566141
8.014,3,26.4897811711245,25.1164175240253
8.016,3,26.4897905831192,25.1078704653715
8.018,3,26.4897995902968,25.1233298884973
8.02,3,26.489808210069,25.1500640086562
8.022,3,26.4898164590983,25.1044724332997
8.024,3,26.4898243533306,25.1005147454701
8.026,3,26.4898319080261,25.1191472445601
8.028,3,26.4898391377884,25.1479860889535
8.03,3,26.4898460565932,25.1794207724033
8.032,3,26.489852677815,25.2091371026506
8.034,3,26.4898590142531,25.2350043066374
8.036,3,26.4898650781562,25.2562661297468
8.038,3,26.4898708812462,25.2729738628074
8.04,3,26.489876434741,25.2856043252411
8.042,3,26.4898817493758,25.2948141721112
8.044,3,26.4898868354242,25.2255922215954
8.046,3,26.4898917027177,25.1970805524439
8.048,3,26.4898963606654,25.1930899755765
8.05,3,26.4899008182712,25.2025681289386
8.052,3,26.489905084152,25.2182924791708
8.054,3,26.489909166554,25.2357954289157
8.056,3,26.4899130733689,25.2525192726815
8.058,3,26.4899168121487,25.2671771126215
8.06,3,26.4899203901208,25.2792866691546
8.062,3,26.4899238142017,25.2888422917827
8.064,3,26.4899270910102,25.2960930307801
8.066,3,26.4899302268807,25.2257002473055
8.068,3,26.4899332278751,25.1965536173437
8.07,3,26.4899360997945,25.2679753975114
8.072,3,26.4899388481904,25.3102732310852
8.074,3,26.4899414783757,25.3328672747057
8.076,3,26.4899439954349,25.2670262125702
8.078,3,26.4899464042334,25.2362278937729
8.08,3,26.4899487094276,25.2271543661739
8.082,3,26.4899509154737,25.2305602220037
8.084,3,26.4899530266362,25.2402840574671
8.086,3,26.4899550469959,25.2524169947549
8.088,3,26.4899569804584,25.1889380971109
8.09,3,26.4899588307613,25.1671062946254
8.092,3,26.4899606014813,25.1696358258993
8.094,3,26.4899622960412,25.1849053937808
8.096,3,26.4899639177168,25.2054610225658
8.098,3,26.489965469643,25.3025053869689
8.1,3,26.4899669548197,25.3550574490883
8.102,3,26.4899683761177,25.3030002005866
8.104,3,26.4899697362847,25.2760010500184
8.106,3,26.4899710379499,25.1136299859714
8.108,3,26.4899722836295,24.9708016490747
8.11,3,26.4899734757314,24.9281891868396
8.112,3,26.4899746165602,24.9432184490809
8.114,3,26.489975708321,24.9874994899786
8.116,3,26.4899767531244,25.0430074896775
8.118,3,26.48997775299,25.0233244713072
8.12,3,26.4899787098507,25.0411904515597
8.122,3,26.489979625556,25.0773146080024
8.124,3,26.4899805018762,25.1196088836682
8.126,3,26.4899813405052,25.1610188470027
8.128,3,26.4899821430641,25.1978702871557
8.13,3,26.4899829111044,25.1529550710158
8.132,3,26.4899836461106,25.1445729797097
8.134,3,26.4899843495037,25.1564979719998
8.136,3,26.4899850226433,25.1780739419033
8.138,3,26.4899856668307,25.1269675229131
8.14,3,26.4899862833111,25.1178490924493
8.142,3,26.4899868732762,25.1320190037571
8.144,3,26.4899874378665,25.1572079628344
8.146,3,26.4899879781733,25.1100874131008
8.148,3,26.4899884952411,25.1047602855187
8.15,3,26.4899889900695,25.1222435684985
8.152,3,26.4899894636149,25.0744651274978
8.154,3,26.4899899167927,25.0723029847977
8.156,3,26.4899903504791,25.1703761922179
8.158,3,26.4899907655122,25.1608185542146
8.16,3,26.4899911626945,25.1705133600589
8.162,3,26.4899915427937,25.189516910304
8.164,3,26.4899919065445,25.2116083950212
8.166,3,26.4899922546501,25.2331660531738
8.168,3,26.4899925877834,25.2523114144243
8.17,3,26.4899929065884,25.192582027279
8.172,3,26.4899932116814,25.1723898574185
8.174,3,26.4899935036521,25.1752721894193
8.176,3,26.4899937830649,25.2658725048475
8.178,3,26.48999405046,25.2429051425656
8.18,3,26.4899943063542,25.2373481362879
8.182,3,26.4899945512421,25.2416229494391
8.184,3,26.4899947855973,25.2507182736516
8.186,3,26.4899950098727,25.2614862669937
8.188,3,26.4899952245018,25.2720833848379
8.19,3,26.4899954298996,25.281543496657
8.192,3,26.4899956264631,25.2894636706012
8.194,3,26.4899958145722,25.2957810454109
8.196,3,26.4899959945906,25.3006202928075
8.198,3,26.4899961668663,25.3041937742485
8.2,3,26.4899963317322,25.306739648945
8.202,3,26.4899964895072,25.308486326339
8.204,3,26.4899966404961,25.3096344740973
8.206,3,26.4899967849909,25.3103501626056
8.208,3,26.4899969232709,25.310764624167
8.21,3,26.4899970556033,25.3109775629823
8.212,3,26.489997182244,25.3110620317634
8.214,3,26.4899973034378,25.3110696623841
8.216,3,26.489997419419,25.311035569066
8.218,3,26.4899975304117,25.3109825930286
8.22,3,26.4899976366306,25.3109247770739
8.222,3,26.4899977382809,25.3108700866357
8.224,3,26.4899978355591,25.3108224604822
8.226,3,26.4899979286534,25.3107833015842
8.228,3,26.4899980177435,25.3107525223347
8.23,3,26.4899981030019,25.2350303313058
8.232,3,26.4899981845932,25.2778200866143
8.234,3,26.4899982626752,25.303879424486
8.236,3,26.4899983373989,25.3184459935203
8.238,3,26.4899984089086,25.325446847826
8.24,3,26.4899984773426,25.3277226355508
8.242,3,26.4899985428333,25.2515554445961
8.244,3,26.4899986055071,25.2167780407907
8.246,3,26.4899986654853,25.2832013690184
8.248,3,26.4899987228838,25.3213312380466
8.25,3,26.4899987778135,25.3406115023913
8.252,3,26.4899988303807,25.3479380951477
8.254,3,26.4899988806869,25.2724688548531
8.256,3,26.4899989288294,25.2359995340181
8.258,3,26.4899989749012,25.2239247132206
8.26,3,26.4899990189915,25.2260490053755
8.262,3,26.4899990611854,25.2355347383189
8.264,3,26.4899991015645,25.172310538448
8.266,3,26.4899991402069,25.1522556174624
8.268,3,26.4899991771873,25.1571983016818
8.27,3,26.4899992125771,25.174982119754
8.272,3,26.4899992464447,25.1978577581799
8.274,3,26.4899992788557,25.1454917502169
8.276,3,26.4899993098727,25.2095723448383
8.278,3,26.4899993395556,25.1780210220993
8.28,3,26.4899993679618,25.1742907737142
8.282,3,26.4899993951462,25.1857631435159
8.284,3,26.4899994211614,25.2042094142132
8.286,3,26.4899994460577,25.2245536602433
8.288,3,26.4899994698832,25.2439020278966
8.29,3,26.4899994926839,25.260809776526
8.292,3,26.4899995145039,25.2747474363296
8.294,3,26.4899995353855,25.2857258250667
8.296,3,26.4899995553689,25.2183438615393
8.298,3,26.4899995744928,25.2672275928234
8.3,3,26.4899995927942,25.2975817329974
8.302,3,26.4899996103084,25.315059888082
8.304,3,26.4899996270694,25.2482485048758
8.306,3,26.4899996431094,25.2187860872602
8.308,3,26.4899996584595,25.2121463119871
8.31,3,26.4899996731494,25.2183311029289
8.312,3,26.4899996872075,25.2307436582971
8.314,3,26.489999700661,25.1695529282016
8.316,3,26.4899997135358,25.1508544375686
8.318,3,26.4899997258568,25.1566586740693
8.32,3,26.4899997376479,25.174955138998
8.322,3,26.4899997489319,25.1981067884235
8.324,3,26.4899997597305,25.2215622914875
8.326,3,26.4899997700647,25.2428648467948
8.328,3,26.4899997799544,25.2609169522568
8.33,3,26.4899997894187,25.2754542160211
8.332,3,26.489999798476,25.2866825628469
8.334,3,26.4899998071437,25.2193394530794
8.336,3,26.4899998154386,25.1924467229294
8.338,3,26.4899998233767,25.1897767201427
8.34,3,26.4899998309734,25.2002860211779
8.342,3,26.4899998382433,25.2167854240156
8.344,3,26.4899998452006,25.2348503794509
8.346,3,26.4899998518587,25.3276660802349
8.348,3,26.4899998582303,25.3754801184156
8.35,3,26.4899998643279,25.3945797921776
8.352,3,26.4899998701633,25.3964836356399
8.354,3,26.4899998757477,25.3133316818292
8.356,3,26.4899998810919,25.1930339491423
8.358,3,26.4899998862062,25.1405015672336
8.36,3,26.4899998911006,25.2049859610282
8.362,3,26.4899998957844,25.1741026057288
8.364,3,26.4899999002668,25.1711152560335
8.366,3,26.4899999045564,25.1832971574075
8.368,3,26.4899999086615,25.2023651400582
8.37,3,26.48999991259,25.2232229112886
8.372,3,26.4899999163496,25.2429764350459
8.374,3,26.4899999199475,25.2601915690577
8.376,3,26.4899999233906,25.2743541442575
8.378,3,26.4899999266856,25.2097923586859
8.38,3,26.4899999298389,25.1853249170963
8.382,3,26.4899999328566,25.1846509949483
8.384,3,26.4899999357445,25.1967305136755
8.386,3,26.4899999385082,25.2144180858186
8.388,3,26.489999941153,25.2333502311712
8.39,3,26.489999943684,25.2510774667655
8.392,3,26.4899999461062,25.2664126251669
8.394,3,26.4899999484242,25.2789587861354
8.396,3,26.4899999506426,25.2130806534181
8.398,3,26.4899999527655,25.1875867815194
8.4,3,26.4899999547971,25.1861423200461
8.402,3,26.4899999567413,25.1976637921003
8.404,3,26.4899999586019,25.2149616976421
8.406,3,26.4899999603824,25.2336324167769
8.408,3,26.4899999620864,25.2511924068603
8.41,3,26.4899999637171,25.2664270442558
8.412,3,26.4899999652777,25.2789181833756
8.414,3,26.4899999667711,25.2887136375014
8.416,3,26.4899999682003,25.2961049545683
8.418,3,26.489999969568,25.3014848694828
8.42,3,26.4899999708769,25.2295623919345
8.422,3,26.4899999721295,25.1992189363686
8.424,3,26.4899999733283,25.1940405837937
8.426,3,26.4899999744754,25.2027915827533
8.428,3,26.4899999755733,25.2181061534396
8.43,3,26.4899999766239,25.2354089945052
8.432,3,26.4899999776293,25.2520642779963
8.434,3,26.4899999785915,25.2667304671313
8.436,3,26.4899999795123,25.2788885576765
8.438,3,26.4899999803935,25.2128104334458
8.44,3,26.4899999812368,25.1872365938415
8.442,3,26.4899999820438,25.1857840549768
8.444,3,26.4899999828161,25.1973365794351
8.446,3,26.4899999835552,25.2146833370052
8.448,3,26.4899999842625,25.2334075775928
8.45,3,26.4899999849394,25.2510182965542
8.452,3,26.4899999855871,25.2662971670611
8.454,3,26.489999986207,25.2788247100552
8.456,3,26.4899999868003,25.288648800515
8.458,3,26.489999987368,25.2960617858974
8.46,3,26.4899999879113,25.3014575151378
8.462,3,26.4899999884313,25.3052450873783
8.464,3,26.4899999889289,25.3078013568474
8.466,3,26.489999989405,25.3094487904617
8.468,3,26.4899999898607,25.3104490291054
8.47,3,26.4899999902968,25.3110054577315
8.472,3,26.4899999907142,25.3869692430717
8.474,3,26.4899999911136,25.4199446945275
8.476,3,26.4899999914958,25.426743817103
8.478,3,26.4899999918615,25.3432155117652
8.48,3,26.4899999922116,25.2954666068011
8.482,3,26.4899999925466,25.2715082412644
8.484,3,26.4899999928672,25.3382987277575
8.486,3,26.4899999931739,25.2954875599921
8.488,3,26.4899999934675,25.2741599741814
8.49,3,26.4899999937485,25.2663925838398
8.492,3,26.4899999940174,25.1909233097546
8.494,3,26.4899999942747,25.2382011112867
8.496,3,26.4899999945209,25.2705637535742
8.498,3,26.4899999947566,25.3674783461609
8.5,3,26.4899999949821,25.3378497210158
8.502,3,26.489999995198,25.3193702126941
8.504,3,26.4899999954045,25.2329604545794
8.506,3,26.4899999956021,25.194556869982
8.508,3,26.4899999957913,25.2612398262993
8.51,3,26.4899999959723,25.2259767311669
8.512,3,26.4899999961456,25.2155342922033
8.514,3,26.4899999963113,25.2193570870036
8.516,3,26.48999999647,25.2304089433365
8.518,3,26.4899999966218,25.3199235461661
8.52,3,26.4899999967671,25.2910426478048
8.522,3,26.4899999969062,25.353280425042
8.524,3,26.4899999970392,25.3065630758043
8.526,3,26.4899999971666,25.28205956785
8.528,3,26.4899999972884,25.2718190874303
8.53,3,26.4899999974051,25.270194481791
8.532,3,26.4899999975167,25.2733242834336
8.534,3,26.4899999976235,25.2786802805298
8.536,3,26.4899999977257,25.2846946901681
8.538,3,26.4899999978235,25.2904665731024
8.54,3,26.4899999979171,25.3712383941912
8.542,3,26.4899999980067,25.4083301078947
8.544,3,26.4899999980924,25.4184703738091
8.546,3,26.4899999981745,25.4132390711937
8.548,3,26.489999998253,25.3246288954598
8.55,3,26.4899999983281,25.2760047151024
8.552,3,26.4899999984001,25.2535004562474
8.554,3,26.4899999984689,25.247144665509
8.556,3,26.4899999985347,25.2500266806251
8.558,3,26.4899999985977,25.1818510191802
8.56,3,26.4899999986581,25.2339132424762
8.562,3,26.4899999987158,25.1935512612734
8.564,3,26.489999998771,25.1835903141028
8.566,3,26.4899999988239,25.1908225891055
8.568,3,26.4899999988745,25.2065086542772
8.57,3,26.4899999989229,25.2251542069695
8.572,3,26.4899999989692,25.2435375438384
8.574,3,26.4899999990135,25.2599667021496
8.576,3,26.489999999056,25.2737323812184
8.578,3,26.4899999990966,25.284719250141
8.58,3,26.4899999991354,25.2931400709676
8.582,3,26.4899999991726,25.2236626315351
8.584,3,26.4899999992082,25.1952051762056
8.586,3,26.4899999992423,25.1914285988717
8.588,3,26.4899999992748,25.2011848300978
8.59,3,26.489999999306,25.2171939801748
8.592,3,26.4899999993359,25.2349572053698
8.594,3,26.4899999993644,25.2519025597914
8.596,3,26.4899999993918,25.3424382960868
8.598,3,26.4899999994179,25.3875786765809
8.6,3,26.489999999443,25.4040586511926
8.602,3,26.4899999994669,25.3279312029682
8.604,3,26.4899999994899,25.2099380874729
8.606,3,26.4899999995118,25.0812672597794
8.608,3,26.4899999995328,25.0353011952802
8.61,3,26.4899999995529,25.0379707538839
8.612,3,26.4899999995721,25.0663098073917
8.614,3,26.4899999995905,25.1055391235398
8.616,3,26.4899999996081,25.1467034514168
8.618,3,26.489999999625,25.1848367893559
8.62,3,26.4899999996411,25.2175903654714
8.622,3,26.4899999996566,25.1685438361272
8.624,3,26.4899999996713,25.2321192581541
8.626,3,26.4899999996855,25.1980732815071
8.628,3,26.489999999699,25.1910337816155
8.63,3,26.4899999997119,25.1990891588732
8.632,3,26.4899999997243,25.214398232143
8.634,3,26.4899999997362,25.232064099098
8.636,3,26.4899999997475,25.1735441616613
8.638,3,26.4899999997584,25.1558758437367
8.64,3,26.4899999997688,25.1617337850502
8.642,3,26.4899999997787,25.1795579925112
8.644,3,26.4899999997883,25.2020035463988
8.646,3,26.4899999997974,25.224697958112
8.648,3,26.4899999998061,25.245285214491
8.65,3,26.4899999998144,25.1870181174713
8.652,3,26.4899999998224,25.2438537079659
8.654,3,26.48999999983,25.205055846243
8.656,3,26.4899999998374,25.1947934452045
8.658,3,26.4899999998443,25.200759277461
8.66,3,26.489999999851,25.2904882693436
8.662,3,26.4899999998574,25.3403257482868
8.664,3,26.4899999998636,25.3639739368769
8.666,3,26.4899999998694,25.3713237678905
8.668,3,26.4899999998751,25.369257762743
8.67,3,26.4899999998804,25.3623750520969
8.672,3,26.4899999998856,25.3536033252768
8.674,3,26.4899999998905,25.3446900920757
8.676,3,26.4899999998952,25.3365811072032
8.678,3,26.4899999998997,25.2540023621239
8.68,3,26.489999999904,25.2155647565262
8.682,3,26.4899999999082,25.2801561772328
8.684,3,26.4899999999121,25.3176098043949
8.686,3,26.4899999999159,25.2611978633452
8.688,3,26.4899999999195,25.236002475239
8.69,3,26.489999999923,25.2299387306812
8.692,3,26.4899999999263,25.2346746252571
8.694,3,26.4899999999295,25.2447015745131
8.696,3,26.4899999999325,25.2565601434574
8.698,3,26.4899999999354,25.2682249553329
8.7,3,26.4899999999382,25.2786351833379
8.702,3,26.4899999999408,25.287349007151
8.704,3,26.4899999999434,25.2942982724212
8.706,3,26.4899999999458,25.2996207935579
8.708,3,26.4899999999481,25.3035506077058
8.71,3,26.4899999999504,25.3063499603325
8.712,3,26.4899999999525,25.3082702552574
8.714,3,26.4899999999546,25.30953230287
8.716,3,26.4899999999565,25.3103188077438
8.718,3,26.4899999999584,25.3107741238554
8.72,3,26.4899999999602,25.3110079091179
8.722,3,26.4899999999619,25.3111004983761
8.724,3,26.4899999999635,25.3111086624088
8.726,3,26.4899999999651,25.3110710043629
8.728,3,26.4899999999666,25.2353137125792
8.73,3,26.489999999968,25.2023578655491
8.732,3,26.4899999999694,25.2711756791614
8.734,3,26.4899999999707,25.3117691982393
8.736,3,26.489999999972,25.3333068393673
8.738,3,26.4899999999732,25.2668591102347
8.74,3,26.4899999999743,25.2357538032518
8.742,3,26.4899999999754,25.2265633775359
8.744,3,26.4899999999765,25.3056641481119
8.746,3,26.4899999999775,25.3483367607077
8.748,3,26.4899999999785,25.2916750025419
8.75,3,26.4899999999794,25.1876395188614
8.752,3,26.4899999999803,25.1443107293696
8.754,3,26.4899999999811,25.1376276979347
8.756,3,26.489999999982,25.2268430343748
8.758,3,26.4899999999827,25.2826881603364
8.76,3,26.4899999999835,25.3152282845038
8.762,3,26.4899999999842,25.2564314642278
8.764,3,26.4899999999849,25.2304348609175
8.766,3,26.4899999999855,25.1487944847404
8.768,3,26.4899999999861,25.1212408275271
8.77,3,26.4899999999867,25.1252461524267
8.772,3,26.4899999999873,25.1456837124589
8.774,3,26.4899999999879,25.1728659878498
8.776,3,26.4899999999884,25.2009618255952
8.778,3,26.4899999999889,25.2267718353061
8.78,3,26.4899999999894,25.1731167565681
8.782,3,26.4899999999898,25.1580846100593
8.784,3,26.4899999999902,25.1651301861654
8.786,3,26.4899999999907,25.1832524402676
8.788,3,26.4899999999911,25.2054922880376
8.79,3,26.4899999999915,25.2277326903239
8.792,3,26.4899999999918,25.2477783485601
8.794,3,26.4899999999922,25.2646753215452
8.796,3,26.4899999999925,25.3539246393491
8.798,3,26.4899999999928,25.3972454328147
8.8,3,26.4899999999931,25.3361021983048
8.802,3,26.4899999999934,25.3009912786707
8.804,3,26.4899999999937,25.283226342026
8.806,3,26.489999999994,25.2764637749497
8.808,3,26.4899999999943,25.2762352129963
8.81,3,26.4899999999945,25.2795132019358
8.812,3,26.4899999999947,25.2086384744373
8.814,3,26.489999999995,25.1809187968936
8.816,3,26.4899999999952,25.1789456187067
8.818,3,26.4899999999954,25.2665943776853
8.82,3,26.4899999999956,25.2419819718666
8.822,3,26.4899999999958,25.2356389262626
8.824,3,26.489999999996,25.239663308151
8.826,3,26.4899999999961,25.2488185089108
8.828,3,26.4899999999963,25.2598059282536
8.83,3,26.4899999999965,25.3463848065589
8.832,3,26.4899999999966,25.3890258483408
8.834,3,26.4899999999968,25.4040303220134
8.836,3,26.4899999999969,25.3271189188461
8.838,3,26.489999999997,25.2844868781382
8.84,3,26.4899999999971,25.2643405283329
8.842,3,26.4899999999973,25.2581721245533
8.844,3,26.4899999999974,25.2600656895675
8.846,3,26.4899999999975,25.3417700021548
8.848,3,26.4899999999976,25.3822673427773
8.85,3,26.4899999999977,25.3210968949994
8.852,3,26.4899999999978,25.2117535113951
8.854,3,26.4899999999979,25.0875156266029
8.856,3,26.489999999998,25.0432965596924
8.858,3,26.4899999999981,25.1218074406117
8.86,3,26.4899999999982,25.1066125305362
8.862,3,26.4899999999982,25.1186514102094
8.864,3,26.4899999999983,25.1440234118607
8.866,3,26.4899999999984,25.1740006428412
8.868,3,26.4899999999985,25.2034747911265
8.87,3,26.4899999999985,25.1540727914938
8.872,3,26.4899999999986,25.1431879906148
8.874,3,26.4899999999987,25.1539152076639
8.876,3,26.4899999999987,25.1751074212125
8.878,3,26.4899999999988,25.1997880812731
8.88,3,26.4899999999988,25.2238929301757
8.882,3,26.4899999999989,25.2453116979478
8.884,3,26.4899999999989,25.1874853567791
8.886,3,26.489999999999,25.1688109300737
8.888,3,26.489999999999,25.1728557629111
8.89,3,26.489999999999,25.1886155087343
8.892,3,26.4899999999991,25.1333674136434
8.894,3,26.4899999999991,25.1214089587935
8.896,3,26.4899999999992,25.1337131977726
8.898,3,26.4899999999992,25.1577401526424
8.9,3,26.4899999999992,25.1856464040292
8.902,3,26.4899999999993,25.2128668960393
8.904,3,26.4899999999993,25.2370351798482
8.906,3,26.4899999999993,25.2571906836547
8.908,3,26.4899999999994,25.1975183494108
8.91,3,26.4899999999994,25.1768694052254
8.912,3,26.4899999999994,25.1790660672303
8.914,3,26.4899999999994,25.2689263362628
8.916,3,26.4899999999995,25.2452629732319
8.918,3,26.4899999999995,25.2391021442761
8.92,3,26.4899999999995,25.2428818798707
8.922,3,26.4899999999995,25.3272878903157
8.924,3,26.4899999999995,25.3706551286882
8.926,3,26.4899999999996,25.3121610168641
8.928,3,26.4899999999996,25.2808255341562
8.93,3,26.4899999999996,25.3427628927274
8.932,3,26.4899999999996,25.2969233962759
8.934,3,26.4899999999996,25.2738393658841
8.936,3,26.4899999999997,25.2651670656112
8.938,3,26.4899999999997,25.2650351565521
8.94,3,26.4899999999997,25.2694700829832
8.942,3,26.4899999999997,25.2759023791787
8.944,3,26.4899999999997,25.2827648494518
8.946,3,26.4899999999997,25.2891793939045
8.948,3,26.4899999999997,25.2947220099523
8.95,3,26.4899999999997,25.2992526713302
8.952,3,26.4899999999998,25.3027965906456
8.954,3,26.4899999999998,25.3054645990338
8.956,3,26.4899999999998,25.3074022416386
8.958,3,26.4899999999998,25.3087592087072
8.96,3,26.4899999999998,25.3096726268591
8.962,3,26.4899999999998,25.3859583074927
8.964,3,26.4899999999998,25.4192051718763
8.966,3,26.4899999999998,25.4262220023275
8.968,3,26.4899999999998,25.4185601995983
8.97,3,26.4899999999998,25.4038278017919
8.972,3,26.4899999999998,25.3867793258459
8.974,3,26.4899999999998,25.3701785124758
8.976,3,26.4899999999999,25.2797559139146
8.978,3,26.4899999999999,25.2345941184911
8.98,3,26.4899999999999,25.2937220154554
8.982,3,26.4899999999999,25.3269235460186
8.984,3,26.4899999999999,25.4187229531356
8.986,3,26.4899999999999,25.3813092232016
8.988,3,26.4899999999999,25.3543893431481
8.99,3,26.4899999999999,25.3357217678065
8.992,3,26.4899999999999,25.3989957321452
8.994,3,26.4899999999999,25.4240178852904
8.996,3,26.4899999999999,25.4261742268985
8.998,3,26.4899999999999,25.4159254812394
9,3,26.4899999999999,25.3243748198348
9.002,3,26.4899999999999,25.2742078212354
9.004,3,26.4899999999999,25.2510582635595
9.006,3,26.4899999999999,25.320298345879
9.008,3,26.4899999999999,25.3562688097109
9.01,3,26.4899999999999,25.2952505411917
9.012,3,26.4899999999999,25.2642381515426
9.014,3,26.4899999999999,25.252285977727
9.016,3,26.4899999999999,25.3273754394683
9.018,3,26.4899999999999,25.2900674483783
9.02,3,26.4899999999999,25.2722091514903
9.022,3,26.4899999999999,25.2664841569792
9.024,3,26.4899999999999,25.2677937872511
9.026,3,26.4899999999999,25.2727250900185
9.028,3,26.4899999999999,25.2791008024077
9.03,3,26.4899999999999,25.2856174299458
9.032,3,26.4899999999999,25.2915660294024
9.034,3,26.4899999999999,25.296624647732
9.036,3,26.4899999999999,25.3007094541714
9.038,3,26.4899999999999,25.3038718607542
9.04,3,26.4899999999999,25.3062303180743
9.042,3,26.4899999999999,25.30792733171
9.044,3,26.4899999999999,25.3091041688454
9.046,3,26.4899999999999,25.3098874938289
9.048,3,26.4899999999999,25.3103836833698
9.05,3,26.4899999999999,25.3106777976593
9.052,3,26.4899999999999,25.3108351356146
9.054,3,26.4899999999999,25.2352050968381
9.056,3,26.4899999999999,25.2023278222469
9.058,3,26.4899999999999,25.2711904965744
9.06,3,26.4899999999999,25.3118064733863
9.062,3,26.4899999999999,25.257653492602
9.064,3,26.4899999999999,25.2340124186387
9.066,3,26.4899999999999,25.3046727773309
9.068,3,26.4899999999999,25.3429427276283
9.07,3,26.4899999999999,25.2844657984143
9.072,3,26.4899999999999,25.2558728861335
9.074,3,26.4899999999999,25.2460364189154
9.076,3,26.4899999999999,25.2471718842863
9.078,3,26.4899999999999,25.3297445386162
9.08,3,26.4899999999999,25.3718917528674
9.082,3,26.4899999999999,25.3883239805165
9.084,3,26.4899999999999,25.3137240229136
9.086,3,26.4899999999999,25.2736464898695
9.088,3,26.4899999999999,25.2559321309141
9.09,3,26.4899999999999,25.2518903629963
9.092,3,26.4899999999999,25.3312367728627
9.094,3,26.4899999999999,25.3715164457312
9.096,3,26.4899999999999,25.4626888418292
9.098,3,26.4899999999999,25.4206015244619
9.1,3,26.4899999999999,25.3873116491194
9.102,3,26.4899999999999,25.2862993135907
9.104,3,26.4899999999999,25.1591462458897
9.106,3,26.4899999999999,25.106303117394
9.108,3,26.4899999999999,25.0225992345553
9.11,3,26.4899999999999,25.0064002682289
9.112,3,26.4899999999999,25.0277943295559
9.114,3,26.4899999999999,25.0671218361196
9.116,3,26.4899999999999,25.1121301543358
9.118,3,26.4899999999999,25.1557253915782
9.12,3,26.4899999999999,25.1942644833566
9.122,3,26.4899999999999,25.2263039351173
9.124,3,26.4899999999999,25.2517155508018
9.126,3,26.4899999999999,25.2710851162719
9.128,3,26.4899999999999,25.285321304489
9.13,3,26.4899999999999,25.2954152724156
9.132,3,26.4899999999999,25.2266054173059
9.134,3,26.4899999999999,25.1982134828767
9.136,3,26.4899999999999,25.2698738516092
9.138,3,26.4899999999999,25.3121115329311
9.14,3,26.4899999999999,25.2587931520112
9.142,3,26.4899999999999,25.2354846146374
9.144,3,26.4899999999999,25.2304780673557
9.146,3,26.4899999999999,25.2357244390251
9.148,3,26.4899999999999,25.2459199669832
9.15,3,26.4899999999999,25.2577481731539
9.152,3,26.4899999999999,25.2692795414824
9.154,3,26.4899999999999,25.2795145326573
9.156,3,26.4899999999999,25.2880481302525
9.158,3,26.4899999999999,25.2948322965308
9.16,3,26.4899999999999,25.3757129969482
9.162,3,26.4899999999999,25.3367222228621
9.164,3,26.4899999999999,25.3133620086435
9.166,3,26.4899999999999,25.300641716078
9.168,3,26.4899999999999,25.2948501719499
9.17,3,26.4899999999999,25.2933247038805
9.172,3,26.4899999999999,25.294224505187
9.174,3,26.4899999999999,25.2963286760107
9.176,3,26.4899999999999,25.2988673546058
9.178,3,26.4899999999999,25.3013871592796
9.18,3,26.4899999999999,25.3036482054489
9.182,3,26.4899999999999,25.3055481228486
9.184,3,26.4899999999999,25.3070679686736
9.186,3,26.4899999999999,25.3082351540047
9.188,3,26.4899999999999,25.3090991008832
9.19,3,26.4899999999999,25.234017172362
9.192,3,26.4899999999999,25.2015493987399
9.194,3,26.4899999999999,25.1950083324639
9.196,3,26.4899999999999,25.2029372067488
9.198,3,26.4899999999999,25.2177990403457
9.2,3,26.4899999999999,25.2348907886021
9.202,3,26.4899999999999,25.2514846603029
9.204,3,26.4899999999999,25.2661753100689
9.206,3,26.4899999999999,25.2784012350579
9.208,3,26.4899999999999,25.2881062952788
9.21,3,26.4899999999999,25.3712082734201
9.212,3,26.4899999999999,25.3338465038143
9.214,3,26.4899999999999,25.3116387121353
9.216,3,26.4899999999999,25.2997029846101
9.218,3,26.4899999999999,25.3701213446694
9.22,3,26.4899999999999,25.4018027443467
9.222,3,26.4899999999999,25.4097024051069
9.224,3,26.4899999999999,25.3284428369861
9.226,3,26.4899999999999,25.2833616485154
9.228,3,26.4899999999999,25.2620204458956
9.23,3,26.4899999999999,25.3311428360385
9.232,3,26.4899999999999,25.2902813193449
9.234,3,26.4899999999999,25.2705071411032
9.236,3,26.4899999999999,25.2639285624012
9.238,3,26.4899999999999,25.2650352806625
9.24,3,26.4899999999999,25.2701306425336
9.242,3,26.4899999999999,25.276849894476
9.244,3,26.4899999999999,25.3594707739064
9.246,3,26.4899999999999,25.32301092273
9.248,3,26.4899999999999,25.3023534713933
9.25,3,26.4899999999999,25.2164618987121
9.252,3,26.4899999999999,25.1799629576374
9.254,3,26.4899999999999,25.2491018491357
9.256,3,26.4899999999999,25.2920451696499
9.258,3,26.4899999999999,25.2410835128299
9.26,3,26.4899999999999,25.2207794741479
9.262,3,26.4899999999999,25.2188262929032
9.264,3,26.4899999999999,25.226850731987
9.266,3,26.4899999999999,25.2394033512908
9.268,3,26.4899999999999,25.2531315448332
9.27,3,26.4899999999999,25.2661316471763
9.272,3,26.4899999999999,25.2774604657994
9.274,3,26.4899999999999,25.2867800307082
9.276,3,26.4899999999999,25.2184095208516
9.278,3,26.4899999999999,25.2667596696599
9.28,3,26.4899999999999,25.2968754808249
9.282,3,26.4899999999999,25.3142962609449
9.284,3,26.4899999999999,25.3232285695248
9.286,3,26.4899999999999,25.3267531620518
9.288,3,26.4899999999999,25.3270464463899
9.29,3,26.4899999999999,25.2498889032556
9.292,3,26.4899999999999,25.2904468331059
9.294,3,26.4899999999999,25.314069930812
9.296,3,26.4899999999999,25.3263317111103
9.298,3,26.4899999999999,25.255626423668
9.3,3,26.4899999999999,25.2990584861206
9.302,3,26.4899999999999,25.3233641621656
9.304,3,26.4899999999999,25.2593736780841
9.306,3,26.4899999999999,25.2303173797187
9.308,3,26.4899999999999,25.2227560580855
9.31,3,26.4899999999999,25.2274023319092
9.312,3,26.4899999999999,25.2380992411249
9.314,3,26.4899999999999,25.2509666631815
9.316,3,26.4899999999999,25.2637214593613
9.318,3,26.4899999999999,25.2751573544428
9.32,3,26.4899999999999,25.2847613215021
9.322,3,26.4899999999999,25.292440613825
9.324,3,26.4899999999999,25.2983357357787
9.326,3,26.4899999999999,25.3026976961642
9.328,3,26.4899999999999,25.3815105698842
9.33,3,26.4899999999999,25.4165439313981
9.332,3,26.4899999999999,25.3490770750832
9.334,3,26.4899999999999,25.309313772064
9.336,3,26.4899999999999,25.2882467438481
9.338,3,26.4899999999999,25.2792279768178
9.34,3,26.4899999999999,25.2775235721278
9.342,3,26.4899999999999,25.3555863896234
9.344,3,26.4899999999999,25.3927784281694
9.346,3,26.4899999999999,25.3288081598193
9.348,3,26.4899999999999,25.292909732006
9.35,3,26.4899999999999,25.1998235876326
9.352,3,26.4899999999999,25.1611305690273
9.354,3,26.4899999999999,25.1552593224146
9.356,3,26.4899999999999,25.167468420863
9.358,3,26.4899999999999,25.1124142212504
9.36,3,26.4899999999999,25.102627150484
9.362,3,26.4899999999999,25.1179428819734
9.364,3,26.4899999999999,25.145132060639
9.366,3,26.4899999999999,25.100269890499
9.368,3,26.4899999999999,25.0971159027118
9.37,3,26.4899999999999,25.1165123945266
9.372,3,26.4899999999999,25.1460186562713
9.374,3,26.4899999999999,25.1780033907271
9.376,3,26.4899999999999,25.2081529032869
9.378,3,26.4899999999999,25.1586493030477
9.38,3,26.4899999999999,25.147258644188
9.382,3,26.4899999999999,25.1573143756201
9.384,3,26.4899999999999,25.1778130623179
9.386,3,26.4899999999999,25.2018568912918
9.388,3,26.4899999999999,25.2254179925297
9.39,3,26.4899999999999,25.1706973936564
9.392,3,26.4899999999999,25.1553358833798
9.394,3,26.4899999999999,25.1624771280887
9.396,3,26.4899999999999,25.1809122399234
9.398,3,26.4899999999999,25.203549874882
9.4,3,26.4899999999999,25.2261940895172
9.402,3,26.4899999999999,25.2466069180932
9.404,3,26.4899999999999,25.2638152852949
9.406,3,26.4899999999999,25.2776166059116
9.408,3,26.4899999999999,25.3639380393063
9.41,3,26.4899999999999,25.3290104567421
9.412,3,26.4899999999999,25.3085778951082
9.414,3,26.4899999999999,25.2978908274025
9.416,3,26.4899999999999,25.2934549196435
9.418,3,26.4899999999999,25.2927899954664
9.42,3,26.4899999999999,25.2942014204411
9.422,3,26.4899999999999,25.2965806721707
9.424,3,26.4899999999999,25.2992411554574
9.426,3,26.4899999999999,25.301789014868
9.428,3,26.4899999999999,25.3040253585293
9.43,3,26.4899999999999,25.3058748808025
9.432,3,26.4899999999999,25.3073356057571
9.434,3,26.4899999999999,25.3084448525655
9.436,3,26.4899999999999,25.3092572096621
9.438,3,26.4899999999999,25.3098310859521
9.44,3,26.4899999999999,25.3102211627229
9.442,3,26.4899999999999,25.3104747368338
9.444,3,26.4899999999999,25.3106304996864
9.446,3,26.4899999999999,25.3107187354823
9.448,3,26.4899999999999,25.3107622566954
9.45,3,26.4899999999999,25.3864765579795
9.452,3,26.4899999999999,25.4193676082693
9.454,3,26.4899999999999,25.3504797658071
9.456,3,26.4899999999999,25.3855192573152
9.458,3,26.4899999999999,25.3968165998456
9.46,3,26.4899999999999,25.3943394031477
9.462,3,26.4899999999999,25.3847619826304
9.464,3,26.4899999999999,25.3723439097857
9.466,3,26.4899999999999,25.4353357068546
9.468,3,26.4899999999999,25.4566207940251
9.47,3,26.4899999999999,25.4535667189376
9.472,3,26.4899999999999,25.4378361996934
9.474,3,26.4899999999999,25.3412001040368
9.476,3,26.4899999999999,25.3623598329479
9.478,3,26.4899999999999,25.4442410173024
9.48,3,26.4899999999999,25.4747191837863
9.482,3,26.4899999999999,25.3990817875454
9.484,3,26.4899999999999,25.2743276911314
9.486,3,26.4899999999999,25.2113957636063
9.488,3,26.4899999999999,25.2633380455468
9.49,3,26.4899999999999,25.2957069165078
9.492,3,26.4899999999999,25.3144443818892
9.494,3,26.4899999999999,-4935.68020470754
9.496,3,26.4899999999999,-7091.2988430965
9.498,3,26.4899999999999,-7538.38938331758
9.5,3,26.4899999999999,-7030.27497234604
9.502,3,26.4899999999999,-6062.98521686844
9.504,3,26.4899999999999,-4946.32653917436
9.506,3,26.4899999999999,-3860.2327471095
9.508,3,26.4899999999999,-2897.62959904559
9.51,3,26.4899999999999,-2095.95364060542
9.512,3,26.4899999999999,-1459.13211373438
9.514,3,26.4899999999999,-973.064279305898
9.516,3,26.4899999999999,-615.35269808088
9.518,3,26.4899999999999,-361.386591259225
9.52,3,26.4899999999999,-187.80399316354
9.522,3,26.4899999999999,-74.214550562981
9.524,3,26.4899999999999,-3.82484901627603
9.526,3,26.4899999999999,36.5074619765386
9.528,3,26.4899999999999,56.9079501744047
9.53,3,26.4899999999999,64.7428552059391
9.532,3,26.4899999999999,65.0287005498596
9.534,3,26.4899999999999,61.2611047564546
9.536,3,26.4899999999999,55.704022982861
9.538,3,26.4899999999999,49.7412325109505
9.54,3,26.4899999999999,44.0749192742494
9.542,3,26.4899999999999,39.2773310122171
9.544,3,26.4899999999999,35.265060190376
9.546,3,26.4899999999999,32.1432221585067
9.548,3,26.4899999999999,29.8042842941578
9.55,3,26.4899999999999,28.1136400464577
9.552,3,26.4899999999999,26.9355319263866
9.554,3,26.4899999999999,26.1469874810362
9.556,3,26.4899999999999,25.6439882531245
9.558,3,26.4899999999999,25.2671895259314
9.56,3,26.4899999999999,25.0705695491991
9.562,3,26.4899999999999,24.9894281837104
9.564,3,26.4899999999999,24.9778694271305
9.566,3,26.4899999999999,25.0045535729052
9.568,3,26.4899999999999,25.0489955727865
9.57,3,26.4899999999999,25.0985199772274
9.572,3,26.4899999999999,25.0701675869067
9.574,3,26.4899999999999,25.0787877466361
9.576,3,26.4899999999999,25.1819701583628
9.578,3,26.4899999999999,25.2496914350339
9.58,3,26.4899999999999,25.2918206802482
9.582,3,26.4899999999999,25.3161460247459
9.584,3,26.4899999999999,25.2528784296762
9.586,3,26.4899999999999,25.2248486378253
9.588,3,26.4899999999999,25.2183744022713
9.59,3,26.4899999999999,25.2997316903454
9.592,3,26.4899999999999,25.3441930093193
9.594,3,26.4899999999999,25.3645928956937
9.596,3,26.4899999999999,25.3701496127545
9.598,3,26.4899999999999,25.3672433869188
9.6,3,26.4899999999999,25.2087136383043
9.602,3,26.4899999999999,25.1342480641163
9.604,3,26.4899999999999,25.1119557526958
9.606,3,26.4899999999999,25.119682876606
9.608,3,26.4899999999999,25.0669550903686
9.61,3,26.4899999999999,25.0628951213862
9.612,3,26.4899999999999,25.1608849089587
9.614,3,26.4899999999999,25.1522195428209
9.616,3,26.4899999999999,25.1632388047886
9.618,3,26.4899999999999,25.1836665372711
9.62,3,26.4899999999999,25.2070948179708
9.622,3,26.4899999999999,25.2298107404617
9.624,3,26.4899999999999,25.2499048551969
9.626,3,26.4899999999999,25.2666177878482
9.628,3,26.4899999999999,25.2798783422065
9.63,3,26.4899999999999,25.2899892918657
9.632,3,26.4899999999999,25.2217240143905
9.634,3,26.4899999999999,25.194104229013
9.636,3,26.4899999999999,25.1908829642763
9.638,3,26.4899999999999,25.2009891453561
9.64,3,26.4899999999999,25.2172042052829
9.642,3,26.4899999999999,25.2350762143606
9.644,3,26.4899999999999,25.2520678276506
9.646,3,26.4899999999999,25.2669130006476
9.648,3,26.4899999999999,25.203449594052
9.65,3,26.4899999999999,25.1801938241982
9.652,3,26.4899999999999,25.1806723953389
9.654,3,26.4899999999999,25.1937591063243
9.656,3,26.4899999999999,25.212276988964
9.658,3,26.4899999999999,25.2318631814399
9.66,3,26.4899999999999,25.2500859270122
9.662,3,26.4899999999999,25.2657831570259
9.664,3,26.4899999999999,25.2785845039849
9.666,3,26.4899999999999,25.2885782966721
9.668,3,26.4899999999999,25.2960887273216
9.67,3,26.4899999999999,25.3015337562793
9.672,3,26.4899999999999,25.3053400908922
9.674,3,26.4899999999999,25.232198070486
9.676,3,26.4899999999999,25.2766431298758
9.678,3,26.4899999999999,25.2280023346855
9.68,3,26.4899999999999,25.2102268616966
9.682,3,26.4899999999999,25.210663436466
9.684,3,26.4899999999999,25.2207677574772
9.686,3,26.4899999999999,25.235029754826
9.688,3,26.4899999999999,25.1744021437452
9.69,3,26.4899999999999,25.2312242327312
9.692,3,26.4899999999999,25.193665651121
9.694,3,26.4899999999999,25.2608871307216
9.696,3,26.4899999999999,25.2259459909062
9.698,3,26.4899999999999,25.2913771731515
9.7,3,26.4899999999999,25.2524721834482
9.702,3,26.4899999999999,25.2374728558633
9.704,3,26.4899999999999,25.2367006255247
9.706,3,26.4899999999999,25.31928955045
9.708,3,26.4899999999999,25.3624773063074
9.71,3,26.4899999999999,25.380393529119
9.712,3,26.4899999999999,25.3830664734934
9.714,3,26.4899999999999,25.3773477499957
9.716,3,26.4899999999999,25.3677189259741
9.718,3,26.4899999999999,25.3569555265701
9.72,3,26.4899999999999,25.346649465886
9.722,3,26.4899999999999,25.3376044299103
9.724,3,26.4899999999999,25.3301244933889
9.726,3,26.4899999999999,25.3242173226993
9.728,3,26.4899999999999,25.3954306975382
9.73,3,26.4899999999999,25.4250380735382
9.732,3,26.4899999999999,25.3538396926983
9.734,3,26.4899999999999,25.311616654334
9.736,3,26.4899999999999,25.2133118691469
9.738,3,26.4899999999999,25.2462039000306
9.74,3,26.4899999999999,25.3458049887528
9.742,3,26.4899999999999,25.3954468208233
9.744,3,26.4899999999999,25.4135504568672
9.746,3,26.4899999999999,25.3373519564557
9.748,3,26.4899999999999,25.2940900818442
9.75,3,26.4899999999999,25.2726601004868
9.752,3,26.4899999999999,25.3406850611575
9.754,3,26.4899999999999,25.3739955225965
9.756,3,26.4899999999999,25.3098093594515
9.758,3,26.4899999999999,25.275670920949
9.76,3,26.4899999999999,25.2609235394928
9.762,3,26.4899999999999,25.2579711594864
9.764,3,26.4899999999999,25.261599372956
9.766,3,26.4899999999999,25.2683783301873
9.768,3,26.4899999999999,25.2761682372421
9.77,3,26.4899999999999,25.2837283592022
9.772,3,26.4899999999999,25.3661187211439
9.774,3,26.4899999999999,25.3288798297903
9.776,3,26.4899999999999,25.3829266667015
9.778,3,26.4899999999999,25.4046147822679
9.78,3,26.4899999999999,25.4069083933216
9.782,3,26.4899999999999,25.3986343025748
9.784,3,26.4899999999999,25.3855420342721
9.786,3,26.4899999999999,25.3711728236559
9.788,3,26.4899999999999,25.3575409196815
9.79,3,26.4899999999999,25.4213464871854
9.792,3,26.4899999999999,25.4444461650146
9.794,3,26.4899999999999,25.4435612343828
9.796,3,26.4899999999999,25.4299748250241
9.798,3,26.4899999999999,25.4109567930972
9.8,3,26.4899999999999,25.3909195736583
9.802,3,26.4899999999999,25.3723165081837
9.804,3,26.4899999999999,25.3563141960041
9.806,3,26.4899999999999,25.3432779947486
9.808,3,26.4899999999999,25.3331099731125
9.81,3,26.4899999999999,25.3254748352241
9.812,3,26.4899999999999,25.2442448949033
9.814,3,26.4899999999999,25.2831884257273
9.816,3,26.4899999999999,25.2309681691691
9.818,3,26.4899999999999,25.210991377721
9.82,3,26.4899999999999,25.2101787341624
9.822,3,26.4899999999999,25.2953637161373
9.824,3,26.4899999999999,25.3422970991256
9.826,3,26.4899999999999,25.2885033143462
9.828,3,26.4899999999999,25.2620090116925
9.83,3,26.4899999999999,25.2526859314651
9.832,3,26.4899999999999,25.2534388590043
9.834,3,26.4899999999999,25.2594900972902
9.836,3,26.4899999999999,25.2677692112125
9.838,3,26.4899999999999,25.3521180511757
9.84,3,26.4899999999999,25.393004167063
9.842,3,26.4899999999999,25.4066802534921
9.844,3,26.4899999999999,25.3287990040505
9.846,3,26.4899999999999,25.2097850967855
9.848,3,26.4899999999999,25.0805850729354
9.85,3,26.4899999999999,25.0344041652312
9.852,3,26.4899999999999,25.0370477007429
9.854,3,26.4899999999999,25.0654639801877
9.856,3,26.4899999999999,25.1048179537279
9.858,3,26.4899999999999,25.1461199267016
9.86,3,26.4899999999999,25.1843842498766
9.862,3,26.4899999999999,25.217252332403
9.864,3,26.4899999999999,25.1683002214763
9.866,3,26.4899999999999,25.1562511144131
9.868,3,26.4899999999999,25.2407671515351
9.87,3,26.4899999999999,25.2170333941287
9.872,3,26.4899999999999,25.213621178014
9.874,3,26.4899999999999,25.2213813702877
9.876,3,26.4899999999999,25.2343328950801
9.878,3,26.4899999999999,25.2487742227347
9.88,3,26.4899999999999,25.2625846253195
9.882,3,26.4899999999999,25.2746955806464
9.884,3,26.4899999999999,25.284705071398
9.886,3,26.4899999999999,25.2926061444152
9.888,3,26.4899999999999,25.2229042670215
9.89,3,26.4899999999999,25.1944019868466
9.892,3,26.4899999999999,25.1906807800972
9.894,3,26.4899999999999,25.2005403421926
9.896,3,26.4899999999999,25.2166681976633
9.898,3,26.4899999999999,25.2345466103401
9.9,3,26.4899999999999,25.2515939079111
9.902,3,26.4899999999999,25.2665155462916
9.904,3,26.4899999999999,25.2788310566039
9.906,3,26.4899999999999,25.2885414628724
9.908,3,26.4899999999999,25.2959044245796
9.91,3,26.4899999999999,25.3012890116679
9.912,3,26.4899999999999,25.3050872734339
9.914,3,26.4899999999999,25.3076648182706
9.916,3,26.4899999999999,25.3093370719275
9.918,3,26.4899999999999,25.3103615710277
9.92,3,26.4899999999999,25.3109395673228
9.922,3,26.4899999999999,25.3112224381927
9.924,3,26.4899999999999,25.3870189448621
9.926,3,26.4899999999999,25.4199002963932
9.928,3,26.4899999999999,25.426653625928
9.93,3,26.4899999999999,25.4188087225002
9.932,3,26.4899999999999,25.4039541654593
9.934,3,26.4899999999999,25.386828081472
9.936,3,26.4899999999999,25.2944821571033
9.938,3,26.4899999999999,25.3225403220752
9.94,3,26.4899999999999,25.2606320099943
9.942,3,26.4899999999999,25.3082606705373
9.944,3,26.4899999999999,25.3338957927932
9.946,3,26.4899999999999,25.3452736692797
9.948,3,26.4899999999999,25.347926497385
9.95,3,26.4899999999999,25.3456652243328
9.952,3,26.4899999999999,25.3410068852199
9.954,3,26.4899999999999,25.3355301676739
9.956,3,26.4899999999999,25.3301576134386
9.958,3,26.4899999999999,25.3253708499048
9.96,3,26.4899999999999,25.3213688700847
9.962,3,26.4899999999999,25.3181803238675
9.964,3,26.4899999999999,25.3914391226404
9.966,3,26.4899999999999,25.4225310904919
9.968,3,26.4899999999999,25.352371737242
9.97,3,26.4899999999999,25.310847599517
9.972,3,26.4899999999999,25.2129913773651
9.974,3,26.4899999999999,25.2461542175313
9.976,3,26.4899999999999,25.2702056900892
9.978,3,26.4899999999999,25.2870251109031
9.98,3,26.4899999999999,25.2226294060163
9.982,3,26.4899999999999,25.1969835544152
9.984,3,26.4899999999999,25.1945306316297
9.986,3,26.4899999999999,25.2046864894972
9.988,3,26.4899999999999,25.2962620419891
9.99,3,26.4899999999999,25.3465142758252
9.992,3,26.4899999999999,25.2940739147461
9.994,3,26.4899999999999,25.2677514740636
9.996,3,26.4899999999999,25.2579532739307
9.998,3,26.4899999999999,25.2579329972219
