Time [s],Voltage [V],Set Frequency [rad/s],Measured Frequency [rad/s]
0,1,0,0
0.002,1,0.379784946236559,0
0.004,1,0.743235056075847,0
0.006,1,1.09105290312635,0
0.008,1,1.42391084277683,0.0756989176765132
0.01,1,1.74245231190471,0.184290023571238
0.012,1,2.047293072683,0.37540095741408
0.014,1,2.33902240289018,0.667349260968662
0.016,1,2.61820423502394,0.984250851916598
0.018,1,2.88537824642076,1.28318083605694
0.02,1,3.14106090248868,1.61872390192448
0.022,1,3.38574645506981,1.94067263270401
0.024,1,3.61990789786251,2.29929658825937
0.026,1,3.84399788075014,2.64208135147788
0.028,1,4.0584495848039,2.94258900890985
0.03,1,4.26367755965104,3.26659411824664
0.032,1,4.46007852482734,3.57115026649393
0.034,1,4.64803213666273,3.83527755951103
0.036,1,4.82790172218261,4.05177948931189
0.038,1,5.00003498144357,4.29721816305378
0.04,1,5.16476465966105,4.53386235355153
0.042,1,5.32240919042832,4.74246139777086
0.044,1,5.47327331127011,4.91551860686457
0.046,1,5.61764865272086,5.0525445146464
0.048,1,5.7558143020662,5.23253319773787
0.05,1,5.88803734283754,5.34196694636509
0.052,1,6.0145733711026,5.47867838269844
0.054,1,6.1356669895498,5.54074274199582
0.056,1,6.25155228032185,5.70827690926216
0.058,1,6.36245325751231,5.8398146887839
0.06,1,6.46858430019995,5.93917659872813
0.062,1,6.57015056685802,6.08727432388236
0.064,1,6.66734839193939,6.17104286490774
0.066,1,6.76036566540436,6.21224285881324
0.068,1,6.84938219592461,6.30237754594665
0.07,1,6.93457005846548,6.40970873280114
0.072,1,7.01609392691858,6.51561609083407
0.074,1,7.09411139242746,6.61031161273374
0.076,1,7.16877326802198,6.61398388751945
0.078,1,7.24022388015007,6.64445819306972
0.08,1,7.30860134767049,6.68621589905945
0.082,1,7.37403784884595,6.72986869945979
0.084,1,7.43665987685258,6.7702236232405
0.086,1,7.49658848429978,6.804837216985
0.088,1,7.55393951723312,6.83297325500721
0.09,1,7.60882383907256,6.93057740167673
0.092,1,7.6613475449189,6.97989053370878
0.094,1,7.71161216664282,6.99858743337553
0.096,1,7.75971486915281,7.07481307882644
0.098,1,7.8057486382215,7.09849150302998
0.1,1,7.84980246023348,7.16751320756719
0.102,1,7.89196149420193,7.1782012870148
0.104,1,7.9323072363868,7.15673046003107
0.106,1,7.97091767783253,7.12023128861104
0.108,1,8.00786745513005,7.07932118700545
0.11,1,8.04322799469435,7.11579571897561
0.112,1,8.07706765083653,7.11423365269194
0.114,1,8.10945183789732,7.16824320339387
0.116,1,8.14044315669744,7.17085461410696
0.118,1,8.17010151554916,7.14580231925761
0.12,1,8.19848424606318,7.18417095756554
0.122,1,8.22564621397444,7.17687048096493
0.124,1,8.25163992520134,7.2216382503779
0.126,1,8.27651562734322,7.21405197683872
0.128,1,8.30032140681233,7.25499769009401
0.13,1,8.32310328178814,7.3177799333589
0.132,1,8.3449052911736,7.31031034223292
0.134,1,8.36576957972527,7.34181795177646
0.136,1,8.38573647952203,7.31529997569696
0.138,1,8.40484458792969,7.33615835088518
0.14,1,8.42313084221228,7.38021960119798
0.142,1,8.44063059093434,7.35660525307723
0.144,1,8.457377662292,7.3749352024153
0.146,1,8.47340442950525,7.41382115053741
0.148,1,8.48874187339749,7.38413094282238
0.15,1,8.50341964228362,7.39650451022953
0.152,1,8.51746610928218,7.43008565436312
0.154,1,8.53090842716251,7.39596163328928
0.156,1,8.54377258083294,7.40480340753782
0.158,1,8.55608343757131,7.43568229814519
0.16,1,8.56786479509513,7.47526396125637
0.162,1,8.57913942756415,7.43988055293895
0.164,1,8.5899291296044,7.44371618648668
0.166,1,8.60025475843862,7.46808521863931
0.168,1,8.6101362742047,7.50099772418153
0.17,1,8.61959277853999,7.45951843798437
0.172,1,8.62864255150601,7.45816551078368
0.174,1,8.6373030869251,7.47834186260056
0.176,1,8.64559112619714,7.43230758385727
0.178,1,8.65352269066178,7.43121149562377
0.18,1,8.6611131125688,7.45418505105008
0.182,1,8.66837706471638,7.48772536688344
0.184,1,8.6753285888146,7.44789076417383
0.186,1,8.68198112262903,7.44856240301956
0.188,1,8.68834752595681,7.47076606116175
0.19,1,8.69444010548555,7.42656046277181
0.192,1,8.70027063858294,7.4270066621464
0.194,1,8.70585039606325,7.45121758020093
0.196,1,8.71119016397451,7.48571054701075
0.198,1,8.71630026444872,7.4465827614755
0.2,1,8.72119057565523,7.44776037655078
0.202,1,8.72587055089586,7.39461406512088
0.204,1,8.73034923687884,7.3934459756291
0.206,1,8.73463529120663,7.42010844673361
0.208,1,8.73873699911172,7.45897895299766
0.21,1,8.74266228947251,7.42482361508024
0.212,1,8.74641875014036,7.43080012746936
0.214,1,8.75001364260743,7.45758546020171
0.216,1,8.75345391604368,7.49282264446586
0.218,1,8.75674622072997,7.45338974676441
0.22,1,8.75989692091363,7.45373285065523
0.222,1,8.76291210711089,7.47525102815487
0.224,1,8.76579760788031,7.50593619424266
0.226,1,8.76855900108976,7.46278186232782
0.228,1,8.7712016246988,7.46021369798874
0.23,1,8.77373058707735,7.47953992600654
0.232,1,8.77615077688048,7.43293410917239
0.234,1,8.77846687249852,7.43147143590552
0.236,1,8.78068335110073,7.45422386968098
0.238,1,8.78280449728995,7.4876424501337
0.24,1,8.78483441138501,7.5234500382106
0.242,1,8.78677701734694,7.55699740024029
0.244,1,8.78863607036428,7.51032967897562
0.246,1,8.79041516411205,7.50119536112306
0.248,1,8.79211773769863,7.51297572655814
0.25,1,8.79374708231374,7.5347453215513
0.252,1,8.79530634759057,7.55969269440204
0.254,1,8.7967985476942,7.50817336348533
0.256,1,8.79822656714821,7.49666494173289
0.258,1,8.79959316641066,7.50762654720333
0.26,1,8.8009009872102,7.52948751455556
0.262,1,8.80215255765277,7.47930361507815
0.264,1,8.80335029710857,7.47135658783662
0.266,1,8.80449652088884,7.48671499662761
0.268,1,8.80559344472158,7.51298426800837
0.27,1,8.80664318903463,7.54247864035281
0.272,1,8.80764778305465,7.49508277119104
0.274,1,8.80860916872972,7.48706500754137
0.276,1,8.80952920448327,7.50083534013447
0.278,1,8.81040966880657,7.52486421236782
0.28,1,8.81125226369661,7.47629256171458
0.282,1,8.81205861794622,7.46950237970233
0.284,1,8.81283029029262,7.48566063221264
0.286,1,8.81356877243057,7.51246044935286
0.288,1,8.81427549189593,7.5422894124946
0.29,1,8.81495181482513,7.49509062632089
0.292,1,8.8155990485961,7.48717717389614
0.294,1,8.8162184443554,7.50099205583591
0.296,1,8.81681119943689,7.52502921497841
0.298,1,8.81737845967617,7.47644569787782
0.3,1,8.81792132162558,7.46963407463119
0.302,1,8.81844083467394,7.48576789670599
0.304,1,8.81893800307506,7.51254410072804
0.306,1,8.81941378788904,7.54235221707422
0.308,1,8.81986910884005,7.49513611663027
0.31,1,8.82030484609424,7.48720894236089
0.312,1,8.82072184196115,7.50101337226276
0.314,1,8.82112090252196,7.52504285443375
0.316,1,8.82150279918769,7.55215281541631
0.318,1,8.82186827019037,7.57822967065182
0.32,1,8.82221802201014,7.60118198177453
0.322,1,8.82255273074088,7.62020295440199
0.324,1,8.82287304339719,7.55955148809334
0.326,1,8.82317957916505,7.53810290856746
0.328,1,8.82347293059881,7.53967456541153
0.33,1,8.82375366476661,7.55336571159098
0.332,1,8.82402232434654,7.5721678210337
0.334,1,8.82427942867572,7.51614053246198
0.336,1,8.82452547475418,7.50144209740471
0.338,1,8.82476093820562,7.51023127153578
0.34,1,8.82498627419677,7.53067680216272
0.342,1,8.82520191831734,7.55531971826036
0.344,1,8.82540828742197,7.57976856127352
0.346,1,8.82560578043608,7.6017009186142
0.348,1,8.825794779127,7.54442790764217
0.35,1,8.82597564884197,7.52627338970741
0.352,1,8.82614873921436,7.53076899775931
0.354,1,8.82631438483954,7.5468981664065
0.356,1,8.82647290592172,7.5676385733886
0.358,1,8.82662460889282,7.5887907397211
0.36,1,8.82676978700496,7.53237590718014
0.362,1,8.82690872089722,7.51586846279089
0.364,1,8.8270416791382,7.52226923100923
0.366,1,8.82716891874516,7.54025314225482
0.368,1,8.82729068568085,7.56263835295874
0.37,1,8.82740721532899,7.58516104601715
0.372,1,8.82751873294925,7.60553414524934
0.374,1,8.82762545411272,7.6227503166211
0.376,1,8.82772758511862,7.5608850988048
0.378,1,8.82782532339309,7.53865771350513
0.38,1,8.82791885787081,7.53975934676351
0.382,1,8.82800836936024,7.5531915043806
0.384,1,8.82809403089313,7.57187271225859
0.386,1,8.82817600805902,7.51581008390882
0.388,1,8.82825445932529,7.57682433699234
0.39,1,8.82832953634356,7.54284537908022
0.392,1,8.82840138424276,7.53726765772623
0.394,1,8.82847014190974,7.54738424075361
0.396,1,8.82853594225771,7.56487070715202
0.398,1,8.82859891248318,7.58456101933562
0.4,1,8.82865917431186,7.60348308681603
0.402,1,8.82871684423393,7.62012798582023
0.404,1,8.82877203372925,7.63391589157943
0.406,1,8.82882484948283,7.56912069235062
0.408,1,8.82887539359109,7.54451819301546
0.41,1,8.82892376375922,7.54377498708027
0.412,1,8.82897005349001,7.55582713134648
0.414,1,8.82901435226463,7.57351237722506
0.416,1,8.82905674571561,7.51675686416295
0.418,1,8.82909731579236,7.50160930348589
0.42,1,8.82913614091957,7.5101424970511
0.422,1,8.82917329614884,7.53046029813313
0.424,1,8.82920885330373,7.55505647573233
0.426,1,8.82924288111862,7.50380746065994
0.428,1,8.82927544537158,7.49287407118495
0.43,1,8.82930660901151,7.50451643317816
0.432,1,8.82933643227983,7.52704734223526
0.434,1,8.82936497282694,7.47746149730448
0.436,1,8.82939228582363,7.47001516808571
0.438,1,8.82941842406777,7.48577294657492
0.44,1,8.82944343808636,7.51234814223287
0.442,1,8.82946737623319,7.46636950168832
0.444,1,8.8294902847823,7.46194130372215
0.446,1,8.82951220801747,7.48010523653676
0.448,1,8.82953318831779,7.50852279677731
0.45,1,8.82955326623961,7.46390406874792
0.452,1,8.82957248059489,7.46044431735025
0.454,1,8.8295908685263,7.47927238157882
0.456,1,8.82960846557893,7.50812626239939
0.458,1,8.82962530576908,7.53947823864087
0.46,1,8.82964142164998,7.49336898905546
0.462,1,8.82965684437471,7.48620640653187
0.464,1,8.82967160375645,7.50051747023439
0.466,1,8.82968572832606,7.52486603786159
0.468,1,8.8296992453873,7.47646467161773
0.47,1,8.82971218106957,7.4697483002809
0.472,1,8.82972456037841,7.48592163794641
0.474,1,8.82973640724385,7.51270373839932
0.476,1,8.8297477445667,7.54249924317099
0.478,1,8.82975859426275,7.49526190722331
0.48,1,8.82976897730522,7.48731099495053
0.482,1,8.82977891376521,7.50109269533981
0.484,1,8.82978842285057,7.44940331137134
0.486,1,8.82979752294302,7.44360458738885
0.488,1,8.82980623163365,7.46284750425693
0.49,1,8.82981456575693,7.49354365880558
0.492,1,8.8298225414233,7.5273171979404
0.494,1,8.82983017405025,7.55939831265563
0.496,1,8.82983747839218,7.51171181403208
0.498,1,8.82984446856886,7.50189786328713
0.5,1,8.82985115809278,7.51324650791382
0.502,1,8.82985755989524,7.45906026260315
0.504,1,8.82986368635136,7.45097708588271
0.506,1,8.82986954930399,7.46827427471808
0.508,1,8.82987516008661,7.49739734807904
0.51,1,8.82988052954525,7.45425284402785
0.512,1,8.82988566805943,7.45253170036327
0.514,1,8.82989058556225,7.47306775051394
0.516,1,8.82989529155958,7.50344471796643
0.518,1,8.82989979514841,7.53607086818127
0.52,1,8.8299041050345,7.49097731407763
0.522,1,8.82990822954915,7.48459235875721
0.524,1,8.82991217666531,7.49947736069819
0.526,1,8.82991595401304,7.44853569458992
0.528,1,8.8299195688942,7.44322129111791
0.53,1,8.8299230282966,7.38706136436763
0.532,1,8.8299263389075,7.38503180864636
0.534,1,8.82992950712653,7.41206538288337
0.536,1,8.82993253907808,7.4519275833973
0.538,1,8.82993544062311,7.41899696842688
0.54,1,8.8299382173705,7.42620158153706
0.542,1,8.8299408746879,7.45409560736847
0.544,1,8.82994341771207,7.41456947416975
0.546,1,8.82994585135887,7.4186942713527
0.548,1,8.82994818033268,7.44568705230131
0.55,1,8.82995040913557,7.48220917568721
0.552,1,8.82995254207598,7.52020784461889
0.554,1,8.82995458327701,7.47954458548772
0.556,1,8.82995653668445,7.47665027002646
0.558,1,8.82995840607437,7.49418036657384
0.56,1,8.82996019506042,7.52087079972636
0.562,1,8.82996190710083,7.5498113699907
0.564,1,8.82996354550509,7.5770954146422
0.566,1,8.82996511344036,7.52510443937303
0.568,1,8.82996661393755,7.51167350222329
0.57,1,8.82996804989722,7.44442980125368
0.572,1,8.82996942409519,7.43082823553226
0.574,1,8.82997073918787,7.37147266180955
0.576,1,8.82997199771743,7.36927770046469
0.578,1,8.82997320211668,7.39777794702839
0.58,1,8.82997435471381,7.43983230436225
0.582,1,8.82997545773687,7.48496324180921
0.584,1,8.82997651331808,7.45158147792392
0.586,1,8.82997752349795,7.45532957202368
0.588,1,8.82997849022922,7.47850573211264
0.59,1,8.82997941538065,7.5097537236413
0.592,1,8.82998030074062,7.46652272047366
0.594,1,8.8299811480206,7.46354446640422
0.596,1,8.82998195885842,7.4823232970706
0.598,1,8.8299827348215,7.510849812805
0.6,1,8.82998347740982,7.54175843126568
0.602,1,8.82998418805886,7.57088665084371
0.604,1,8.82998486814235,7.59619070502021
0.606,1,8.82998551897494,7.54125935066492
0.608,1,8.82998614181473,7.60036506768644
0.61,1,8.82998673786571,7.56304508347735
0.612,1,8.82998730828009,7.55369226469444
0.614,1,8.82998785416051,7.56017488668154
0.616,1,8.82998837656221,7.49876238718628
0.618,1,8.82998887649502,7.48290766141568
0.62,1,8.82998935492534,7.49290956601828
0.622,1,8.82998981277801,7.51571131970166
0.624,1,8.8299902509381,7.54308762991784
0.626,1,8.82999067025259,7.5702012030063
0.628,1,8.82999107153205,7.51879976211813
0.63,1,8.82999145555218,7.50630541692598
0.632,1,8.82999182305531,7.5157898420199
0.634,1,8.82999217475185,7.46035856037852
0.636,1,8.82999251132167,7.45148338177065
0.638,1,8.82999283341536,7.46830829838029
0.64,1,8.82999314165556,7.49717619376613
0.642,1,8.82999343663811,7.52961637116087
0.644,1,8.82999371893325,7.56075960560619
0.646,1,8.82999398908666,7.51243866620928
0.648,1,8.82999424762057,7.50221468826704
0.65,1,8.82999449503473,7.51331343317951
0.652,1,8.82999473180743,7.45898733374164
0.654,1,8.82999495839636,7.45083678328079
0.656,1,8.82999517523953,7.46811189511851
0.658,1,8.82999538275611,7.49723922304156
0.66,1,8.82999558134724,7.45411259387843
0.662,1,8.82999577139682,7.45241482340643
0.664,1,8.82999595327223,7.47297487165562
0.666,1,8.82999612732504,7.42767488421836
0.668,1,8.8299962938917,7.42742755611432
0.67,1,8.82999645329421,7.45122713825183
0.672,1,8.82999660584069,7.48549983355616
0.674,1,8.82999675182604,7.52197431145195
0.676,1,8.82999689153245,7.55602291377257
0.678,1,8.82999702522998,7.58541755416162
0.68,1,8.82999715317708,7.53373060606006
0.682,1,8.82999727562107,7.51961041051673
0.684,1,8.82999739279866,7.52691476674211
0.686,1,8.82999750493635,7.54492198357729
0.688,1,8.82999761225092,7.49115990719466
0.69,1,8.8299977149498,7.48013479338424
0.692,1,8.82999781323153,7.49298556342519
0.694,1,8.82999790728609,7.51729885820028
0.696,1,8.82999799729529,7.46962553483818
0.698,1,8.82999808343313,7.46397235852963
0.7,1,8.82999816586611,7.48128266434382
0.702,1,8.82999824475359,7.50912885520574
0.704,1,8.82999832024806,7.53984456977916
0.706,1,8.82999839249545,7.49335990407868
0.708,1,8.82999846163544,7.48599804281752
0.71,1,8.82999852780165,7.50022341390505
0.712,1,8.82999859112201,7.52455531162372
0.714,1,8.82999865171891,7.55187464195547
0.716,1,8.8299987097095,7.57809058950906
0.718,1,8.82999876520586,7.52543187504067
0.72,1,8.82999881831529,7.51161257649055
0.722,1,8.82999886914044,7.51986672839004
0.724,1,8.82999891777956,7.46337708100164
0.726,1,8.82999896432667,7.4536396558202
0.728,1,8.82999900887176,7.46979199876214
0.73,1,8.82999905150093,7.49815483621061
0.732,1,8.82999909229659,7.53022912384486
0.734,1,8.8299991313376,7.56111678617695
0.736,1,8.82999916869942,7.5126243210261
0.738,1,8.82999920445429,7.50229056054942
0.74,1,8.82999923867131,7.51332328009208
0.742,1,8.82999927141663,7.45896100345727
0.744,1,8.82999930275355,7.45079376167111
0.746,1,8.82999933274264,7.4680642196005
0.748,1,8.82999936144188,7.49719377140105
0.75,1,8.82999938890675,7.45407281392735
0.752,1,8.82999941519033,7.45238199377708
0.754,1,8.82999944034343,7.47294898815747
0.756,1,8.82999946441468,7.4276552590613
0.758,1,8.82999948745061,7.42741320488871
0.76,1,8.82999950949574,7.45121701554501
0.762,1,8.8299995305927,7.48549296460638
0.764,1,8.82999955078226,7.44627093769749
0.766,1,8.82999957010346,7.44742907816298
0.768,1,8.82999958859363,7.47000399820547
0.77,1,8.82999960628853,7.50177049041374
0.772,1,8.82999962322235,7.53530278787942
0.774,1,8.82999963942784,7.56646712414103
0.776,1,8.82999965493632,7.59329304460618
0.778,1,8.82999966977777,7.53945915123007
0.78,1,8.82999968398088,7.52362879961113
0.782,1,8.8299996975731,7.52962468549211
0.784,1,8.82999971058071,7.5466667554238
0.786,1,8.82999972302885,7.49221785159338
0.788,1,8.82999973494159,7.48072210002777
0.79,1,8.82999974634195,7.49326395676708
0.792,1,8.82999975725197,7.51738505975494
0.794,1,8.82999976769275,7.54529966785578
0.796,1,8.82999977768446,7.49678302934811
0.798,1,8.82999978724642,7.48799985223179
0.8,1,8.82999979639711,7.50126979372263
0.802,1,8.82999980515422,7.52498897388295
0.804,1,8.82999981353469,7.47623987904768
0.806,1,8.8299998215547,7.46936028170637
0.808,1,8.82999982922977,7.48548488163582
0.81,1,8.82999983657472,7.51228410079142
0.812,1,8.82999984360377,7.54213014998753
0.814,1,8.82999985033049,7.49495619283739
0.816,1,8.82999985676788,7.48706924753366
0.818,1,8.82999986292841,7.50090891522363
0.82,1,8.82999986882396,7.52496749600984
0.822,1,8.82999987446594,7.47640149254833
0.824,1,8.82999987986525,7.46960357062925
0.826,1,8.82999988503234,7.48574770900458
0.828,1,8.82999988997718,7.51253140622092
0.83,1,8.82999989470935,7.54234477090608
0.832,1,8.82999989923798,7.49513220383303
0.834,1,8.82999990357183,7.48720729976772
0.836,1,8.82999990771928,7.50101310228112
0.838,1,8.82999991168834,7.52504334298754
0.84,1,8.82999991548669,7.47645474253345
0.842,1,8.82999991912167,7.46963951612342
0.844,1,8.82999992260031,7.48577087990401
0.846,1,8.82999992592933,7.51254547871069
0.848,1,8.82999992911516,7.54235260313954
0.85,1,8.82999993216397,7.49513593569288
0.852,1,8.82999993508165,7.48720847695022
0.854,1,8.82999993787384,7.50101280110247
0.856,1,8.82999994054593,7.52504228325803
0.858,1,8.8299999431031,7.5521523006051
0.86,1,8.82999994555028,7.57822923670451
0.862,1,8.8299999478922,7.525482716097
0.864,1,8.8299999501334,7.51161158067999
0.866,1,8.82999995227819,7.51983819095904
0.868,1,8.82999995433075,7.53903559232874
0.87,1,8.82999995629501,7.56218801469388
0.872,1,8.8299999581748,7.50946532112477
0.874,1,8.82999995997373,7.49718774402687
0.876,1,8.82999996169529,7.50768763014472
0.878,1,8.82999996334281,7.52929637576884
0.88,1,8.82999996491946,7.55469577162228
0.882,1,8.8299999664283,7.57960955779155
0.884,1,8.82999996787224,7.52610660251603
0.886,1,8.82999996925408,7.51177055392743
0.888,1,8.82999997057649,7.51973357811833
0.89,1,8.82999997184201,7.53880075779051
0.892,1,8.82999997305311,7.5619069219667
0.894,1,8.82999997421212,7.50918730583811
0.896,1,8.82999997532127,7.49693880866928
0.898,1,8.82999997638272,7.50747876941271
0.9,1,8.82999997739852,7.52912949693058
0.902,1,8.82999997837063,7.47886883052753
0.904,1,8.82999997930092,7.47092378195735
0.906,1,8.82999998019121,7.48632596202257
0.908,1,8.8299999810432,7.43695805115675
0.91,1,8.82999998185854,7.50932437400279
0.912,1,8.82999998263882,7.48806042533354
0.914,1,8.82999998338554,7.49466952420736
0.916,1,8.82999998410014,7.51548850118706
0.918,1,8.829999984784,7.54182956759932
0.92,1,8.82999998543846,7.56851530476907
0.922,1,8.82999998606476,7.59275104692485
0.924,1,8.82999998666412,7.53758953924071
0.926,1,8.82999998723771,7.52123581454487
0.928,1,8.82999998778662,7.52718881115861
0.93,1,8.82999998831193,7.54444842329164
0.932,1,8.82999998881464,7.56603337328287
0.934,1,8.82999998929573,7.58779428475838
0.936,1,8.82999998975613,7.60750130466881
0.938,1,8.82999999019673,7.62416816545476
0.94,1,8.82999999061837,7.63756903169471
0.942,1,8.82999999102189,7.57220690889144
0.944,1,8.82999999140804,7.54699752323286
0.946,1,8.82999999177759,7.46998710206494
0.948,1,8.82999999213124,7.44865542516944
0.95,1,8.82999999246968,7.45911752834914
0.952,1,8.82999999279356,7.48549980466115
0.954,1,8.82999999310352,7.44206812242102
0.956,1,8.82999999340014,7.44139643647619
0.958,1,8.82999999368401,7.46359107380735
0.96,1,8.82999999395566,7.49578772598067
0.962,1,8.82999999421563,7.45444094627398
0.964,1,8.82999999446442,7.45365980112044
0.966,1,8.82999999470251,7.47458572819954
0.968,1,8.82999999493036,7.50502076328954
0.97,1,8.82999999514841,7.46182340859747
0.972,1,8.82999999535708,7.45932689970217
0.974,1,8.82999999555678,7.4787788585565
0.976,1,8.82999999574788,7.50801411460507
0.978,1,8.82999999593077,7.53958051223392
0.98,1,8.82999999610579,7.56927441781809
0.982,1,8.82999999627328,7.51934030441659
0.984,1,8.82999999643357,7.50757500259734
0.986,1,8.82999999658696,7.51732285736287
0.988,1,8.82999999673376,7.5375796540166
0.99,1,8.82999999687424,7.56144065122163
0.992,1,8.82999999700869,7.50916953821206
0.994,1,8.82999999713734,7.4971619407015
0.996,1,8.82999999726047,7.50780832915022
0.998,1,8.8299999973783,7.52948327867505
1,1,8.82999999749106,7.55489952849084
1.002,1,8.82999999759897,7.50410327367733
1.004,1,8.82999999770224,7.49338210463847
1.006,1,8.82999999780107,7.50508748366385
1.008,1,8.82999999789565,7.52759563356893
1.01,1,8.82999999798616,7.55364245673606
1.012,1,8.82999999807277,7.50330649754889
1.014,1,8.82999999815567,7.4929094011011
1.016,1,8.82999999823499,7.50483423263659
1.018,1,8.82999999831091,7.52748439155003
1.02,1,8.82999999838356,7.55361791439774
1.022,1,8.82999999845308,7.50333060652392
1.024,1,8.82999999851961,7.49295707195175
1.026,1,8.82999999858329,7.50488976197561
1.028,1,8.82999999864422,7.52753863058249
1.03,1,8.82999999870253,7.55366611224871
1.032,1,8.82999999875834,7.50337082622315
1.034,1,8.82999999881174,7.49298906810048
1.036,1,8.82999999886285,7.50491421535691
1.038,1,8.82999999891176,7.52755664863761
1.04,1,8.82999999895857,7.55367892061685
1.042,1,8.82999999900336,7.5033795926022
1.044,1,8.82999999904623,7.49299481404622
1.046,1,8.82999999908725,7.50491778367718
1.048,1,8.82999999912651,7.52755870364843
1.05,1,8.82999999916407,7.47798104821896
1.052,1,8.82999999920003,7.47048780809904
1.054,1,8.82999999923444,7.48617392555684
1.056,1,8.82999999926736,7.51267133584244
1.058,1,8.82999999929888,7.46661932147802
1.06,1,8.82999999932903,7.46212734367892
1.062,1,8.82999999935789,7.48023890708147
1.064,1,8.82999999938551,7.50861535070703
1.066,1,8.82999999941194,7.46396556420665
1.068,1,8.82999999943723,7.46048318278286
1.07,1,8.82999999946144,7.47929534460509
1.072,1,8.8299999994846,7.5081384797538
1.074,1,8.82999999950677,7.53948352049786
1.076,1,8.82999999952798,7.49337005154181
1.078,1,8.82999999954828,7.48620511434718
1.08,1,8.82999999956771,7.50051505005049
1.082,1,8.82999999958631,7.52486325508057
1.084,1,8.8299999996041,7.55216088782255
1.086,1,8.82999999962113,7.57833701468343
1.088,1,8.82999999963742,7.60133166393535
1.09,1,8.82999999965302,7.54466152093621
1.092,1,8.82999999966794,7.52680540114338
1.094,1,8.82999999968222,7.53140761045543
1.096,1,8.82999999969589,7.54753059134622
1.098,1,8.82999999970897,7.56820528111896
1.1,1,8.82999999972149,7.51356755693232
1.102,1,8.82999999973347,7.49986399312649
1.104,1,8.82999999974493,7.50933939457645
1.106,1,8.8299999997559,7.53023885276489
1.108,1,8.8299999997664,7.47946811348647
1.11,1,8.82999999977645,7.47119194242445
1.112,1,8.82999999978606,7.48639109849829
1.114,1,8.82999999979526,7.51260742230268
1.116,1,8.82999999980407,7.54211075568386
1.118,1,8.8299999998125,7.57045489106878
1.12,1,8.82999999982056,7.5196845595148
1.122,1,8.82999999982828,7.50743940172804
1.124,1,8.82999999983566,7.51694477606654
1.126,1,8.82999999984273,7.53710959501365
1.128,1,8.8299999998495,7.56096794180799
1.13,1,8.82999999985597,7.50874207012372
1.132,1,8.82999999986216,7.4968007851209
1.134,1,8.82999999986809,7.5075181766469
1.136,1,8.82999999987377,7.52925962258183
1.138,1,8.8299999998792,7.55473340287794
1.14,1,8.82999999988439,7.57968313747268
1.142,1,8.82999999988937,7.5261920882109
1.144,1,8.82999999989412,7.51185395092048
1.146,1,8.82999999989868,7.51980763044271
1.148,1,8.82999999990303,7.5388625187785
1.15,1,8.8299999999072,7.56195603353387
1.152,1,8.82999999991119,7.50922482549828
1.154,1,8.82999999991502,7.49696644437404
1.156,1,8.82999999991867,7.50749840736515
1.158,1,8.82999999992217,7.52914293221825
1.16,1,8.82999999992552,7.55457655016308
1.162,1,8.82999999992872,7.57952035055841
1.164,1,8.82999999993179,7.5260422035504
1.166,1,8.82999999993472,7.51172573888549
1.168,1,8.82999999993753,7.51970362847525
1.17,1,8.82999999994022,7.46308277275215
1.172,1,8.82999999994279,7.45330443311763
1.174,1,8.82999999994525,7.46946804524454
1.176,1,8.8299999999476,7.49786886445855
1.178,1,8.82999999994986,7.45429271093014
1.18,1,8.82999999995201,7.45233747301571
1.182,1,8.82999999995408,7.47276787139056
1.184,1,8.82999999995605,7.50311810120982
1.186,1,8.82999999995794,7.46006331277345
1.188,1,8.82999999995975,7.45781653603596
1.19,1,8.82999999996148,7.47755072133474
1.192,1,8.82999999996314,7.50705767545217
1.194,1,8.82999999996472,7.53886334179689
1.196,1,8.82999999996624,7.56875560958639
1.198,1,8.82999999996769,7.51897846909088
1.2,1,8.82999999996908,7.50733257841055
1.202,1,8.82999999997041,7.51716803062203
1.204,1,8.82999999997168,7.53748681584121
1.206,1,8.8299999999729,7.48569111101405
1.208,1,8.82999999997407,7.47625423348334
1.21,1,8.82999999997518,7.49033486189532
1.212,1,8.82999999997625,7.5155655424281
1.214,1,8.82999999997727,7.46855244915431
1.216,1,8.82999999997825,7.46335722302472
1.218,1,8.82999999997918,7.48097242360446
1.22,1,8.82999999998008,7.50901180674473
1.222,1,8.82999999998094,7.46414316779401
1.224,1,8.82999999998176,7.46052656342236
1.226,1,8.82999999998254,7.47926287481419
1.228,1,8.82999999998329,7.50806877044278
1.23,1,8.82999999998401,7.53940083475911
1.232,1,8.8299999999847,7.49328860740567
1.234,1,8.82999999998536,7.48613237045922
1.236,1,8.82999999998598,7.50045412475031
1.238,1,8.82999999998659,7.44911572697167
1.24,1,8.82999999998716,7.44353253555571
1.242,1,8.82999999998772,7.4628974876379
1.244,1,8.82999999998824,7.4936537793437
1.246,1,8.82999999998875,7.52744851571262
1.248,1,8.82999999998923,7.55952797244692
1.25,1,8.8299999999897,7.51182779286392
1.252,1,8.82999999999014,7.50199510065138
1.254,1,8.82999999999056,7.51332415520886
1.256,1,8.82999999999097,7.53481871848552
1.258,1,8.82999999999136,7.55961219786187
1.26,1,8.82999999999173,7.50801875419331
1.262,1,8.82999999999208,7.49648607415293
1.264,1,8.82999999999243,7.50745239839955
1.266,1,8.82999999999275,7.5293330696454
1.268,1,8.82999999999306,7.5548738372468
1.27,1,8.82999999999336,7.57984542978351
1.272,1,8.82999999999365,7.60204893544857
1.274,1,8.82999999999392,7.54488615541789
1.276,1,8.82999999999418,7.52674518641099
1.278,1,8.82999999999443,7.53120145440979
1.28,1,8.82999999999467,7.54726696481157
1.282,1,8.8299999999949,7.56793702967736
1.284,1,8.82999999999512,7.58902223247973
1.286,1,8.82999999999533,7.53254884693773
1.288,1,8.82999999999553,7.51599311307
1.29,1,8.82999999999572,7.52235583039668
1.292,1,8.82999999999591,7.54031090553358
1.294,1,8.82999999999608,7.56267503954724
1.296,1,8.82999999999625,7.58518287349574
1.298,1,8.82999999999641,7.6055458954256
1.3,1,8.82999999999656,7.6227555337895
1.302,1,8.82999999999671,7.56088631759836
1.304,1,8.82999999999685,7.53865668003773
1.306,1,8.82999999999699,7.53975721436858
1.308,1,8.82999999999712,7.55318899648609
1.31,1,8.82999999999724,7.49617133398702
1.312,1,8.82999999999736,7.48291570316703
1.314,1,8.82999999999747,7.49430267585219
1.316,1,8.82999999999758,7.4420065487043
1.318,1,8.82999999999769,7.43661433478922
1.32,1,8.82999999999778,7.45676391691101
1.322,1,8.82999999999788,7.48854393986951
1.324,1,8.82999999999797,7.52338886027255
1.326,1,8.82999999999806,7.48073003922569
1.328,1,8.82999999999814,7.47665467186571
1.33,1,8.82999999999822,7.49355458603427
1.332,1,8.8299999999983,7.51997076210354
1.334,1,8.82999999999837,7.54885392607516
1.336,1,8.82999999999844,7.57620185708044
1.338,1,8.82999999999851,7.60003205488647
1.34,1,8.82999999999857,7.54393570047426
1.342,1,8.82999999999864,7.52645716573858
1.344,1,8.82999999999869,7.5312950763965
1.346,1,8.82999999999875,7.547554842119
1.348,1,8.8299999999988,7.4926011557134
1.35,1,8.82999999999886,7.48079841875042
1.352,1,8.82999999999891,7.49316905564455
1.354,1,8.82999999999895,7.51720822897253
1.356,1,8.829999999999,7.54509660391017
1.358,1,8.82999999999904,7.57228493691874
1.36,1,8.82999999999908,7.59641662010266
1.362,1,8.82999999999912,7.61653676730496
1.364,1,8.82999999999916,7.55683322933794
1.366,1,8.8299999999992,7.53615837546822
1.368,1,8.82999999999923,7.53833450780356
1.37,1,8.82999999999926,7.47678130668475
1.372,1,8.82999999999929,7.4630210031793
1.374,1,8.82999999999933,7.47610240784729
1.376,1,8.82999999999935,7.50220497983171
1.378,1,8.82999999999938,7.53267433959686
1.38,1,8.82999999999941,7.48676598855892
1.382,1,8.82999999999943,7.48036221705005
1.384,1,8.82999999999946,7.49565468427519
1.386,1,8.82999999999948,7.52100648319004
1.388,1,8.8299999999995,7.47352097204307
1.39,1,8.82999999999952,7.46758347472487
1.392,1,8.82999999999955,7.4843857750308
1.394,1,8.82999999999956,7.51165482784848
1.396,1,8.82999999999958,7.54181350350386
1.398,1,8.8299999999996,7.57053641114184
1.4,1,8.82999999999962,7.59565891646859
1.402,1,8.82999999999963,7.61638216166901
1.404,1,8.82999999999965,7.55701546016816
1.406,1,8.82999999999966,7.53650222519512
1.408,1,8.82999999999968,7.46303167995561
1.41,1,8.82999999999969,7.4442739707075
1.412,1,8.82999999999971,7.38084205209143
1.414,1,8.82999999999972,7.37554882371337
1.416,1,8.82999999999973,7.32607919254265
1.418,1,8.82999999999974,7.33363566420258
1.42,1,8.82999999999975,7.37085319415946
1.422,1,8.82999999999976,7.42021305524198
1.424,1,8.82999999999977,7.47117569798836
1.426,1,8.82999999999978,7.44226423002224
1.428,1,8.82999999999979,7.44931550328547
1.43,1,8.8299999999998,7.47484651423616
1.432,1,8.82999999999981,7.50771128462921
1.434,1,8.82999999999982,7.54124286142252
1.436,1,8.82999999999983,7.4961216339785
1.438,1,8.82999999999983,7.48921419895046
1.44,1,8.82999999999984,7.50336445247448
1.442,1,8.82999999999985,7.45164737104727
1.444,1,8.82999999999985,7.44561239870783
1.446,1,8.82999999999986,7.46453118270488
1.448,1,8.82999999999987,7.49488833416848
1.45,1,8.82999999999987,7.52834839954439
1.452,1,8.82999999999988,7.48446167391978
1.454,1,8.82999999999988,7.47936327875584
1.456,1,8.82999999999989,7.41975145845594
1.458,1,8.82999999999989,7.41265493779746
1.46,1,8.8299999999999,7.43426046530049
1.462,1,8.8299999999999,7.46903781362375
1.464,1,8.8299999999999,7.50740611347982
1.466,1,8.82999999999991,7.46820342523941
1.468,1,8.82999999999991,7.46720722750823
1.47,1,8.82999999999992,7.48668140914781
1.472,1,8.82999999999992,7.51514856411275
1.474,1,8.82999999999992,7.4699023434303
1.476,1,8.82999999999993,7.46551600109068
1.478,1,8.82999999999993,7.48334944322849
1.48,1,8.82999999999993,7.51127059237841
1.482,1,8.82999999999993,7.46611597675017
1.484,1,8.82999999999994,7.46215217849601
1.486,1,8.82999999999994,7.48054292108083
1.488,1,8.82999999999994,7.43333930300582
1.49,1,8.82999999999995,7.43151788548969
1.492,1,8.82999999999995,7.45407444908105
1.494,1,8.82999999999995,7.48740333693916
1.496,1,8.82999999999995,7.44748778193432
1.498,1,8.82999999999996,7.44815602901082
1.5,1,8.82999999999996,7.47039798613702
1.502,1,8.82999999999996,7.42624913667294
1.504,1,8.82999999999996,7.4267563217606
1.506,1,8.82999999999996,7.45102446557434
1.508,1,8.82999999999996,7.48556700534459
1.51,1,8.82999999999996,7.44647981957079
1.512,1,8.82999999999996,7.44768924277795
1.514,1,8.82999999999997,7.47026583004037
1.516,1,8.82999999999997,7.50200736945962
1.518,1,8.82999999999997,7.53550298283967
1.52,1,8.82999999999997,7.5666280003525
1.522,1,8.82999999999997,7.59341707784698
1.524,1,8.82999999999997,7.53955129786376
1.526,1,8.82999999999997,7.52369484949887
1.528,1,8.82999999999998,7.52967030148784
1.53,1,8.82999999999998,7.54669697375862
1.532,1,8.82999999999998,7.56793579499755
1.534,1,8.82999999999998,7.51362546820668
1.536,1,8.82999999999998,7.50009076014509
1.538,1,8.82999999999998,7.50963381605181
1.54,1,8.82999999999998,7.53054028999534
1.542,1,8.82999999999998,7.5554424585977
1.544,1,8.82999999999998,7.50431850581236
1.546,1,8.82999999999998,7.4934013625853
1.548,1,8.82999999999998,7.50500034565481
1.55,1,8.82999999999998,7.52746036441641
1.552,1,8.82999999999998,7.55349487413732
1.554,1,8.82999999999998,7.5031669151238
1.556,1,8.82999999999998,7.49278786067674
1.558,1,8.82999999999998,7.50473430793507
1.56,1,8.82999999999998,7.52740585472714
1.562,1,8.82999999999998,7.55355853306572
1.564,1,8.82999999999998,7.50328729978159
1.566,1,8.82999999999998,7.49292661053532
1.568,1,8.82999999999998,7.50486915622852
1.57,1,8.82999999999998,7.45182639599988
1.572,1,8.82999999999998,7.4450668902522
1.574,1,8.82999999999998,7.46365318577626
1.576,1,8.82999999999998,7.49391970609539
1.578,1,8.82999999999998,7.52742704585529
1.58,1,8.82999999999998,7.55935537901576
1.582,1,8.82999999999998,7.51159165321659
1.584,1,8.82999999999998,7.50174838361541
1.586,1,8.82999999999998,7.51309614820564
1.588,1,8.82999999999998,7.5346231912362
1.59,1,8.82999999999998,7.5594532868877
1.592,1,8.82999999999998,7.50789505124434
1.594,1,8.82999999999998,7.49639335344448
1.596,1,8.82999999999998,7.5073853488792
1.598,1,8.82999999999998,7.52928632576537
1.6,1,8.82999999999998,7.4791436162838
1.602,1,8.82999999999998,7.47123434318187
1.604,1,8.82999999999998,7.48662494789747
1.606,1,8.82999999999998,7.51292027390031
1.608,1,8.82999999999998,7.54243485477862
1.61,1,8.82999999999998,7.57075300013581
1.612,1,8.82999999999998,7.59563830594655
1.614,1,8.82999999999998,7.54053819064379
1.616,1,8.82999999999998,7.52392618071198
1.618,1,8.82999999999998,7.52947592872109
1.62,1,8.82999999999998,7.54629479546566
1.622,1,8.82999999999998,7.56746250625816
1.624,1,8.82999999999998,7.51316097443739
1.626,1,8.82999999999998,7.49967679963375
1.628,1,8.82999999999998,7.50928765661183
1.63,1,8.82999999999998,7.53026444728899
1.632,1,8.82999999999998,7.47953241633969
1.634,1,8.82999999999998,7.47127053848395
1.636,1,8.82999999999998,7.48646955870911
1.638,1,8.82999999999998,7.51267806636525
1.64,1,8.82999999999998,7.46647134213697
1.642,1,8.82999999999998,7.46191147656488
1.644,1,8.82999999999998,7.48000814680118
1.646,1,8.82999999999998,7.50839942437777
1.648,1,8.82999999999998,7.5394777762301
1.65,1,8.82999999999998,7.49322267319559
1.652,1,8.82999999999998,7.48599676104337
1.654,1,8.82999999999998,7.50029474797504
1.656,1,8.82999999999998,7.52465832475154
1.658,1,8.82999999999998,7.55198437966552
1.66,1,8.82999999999998,7.57819308215147
1.662,1,8.82999999999998,7.52552038892672
1.664,1,8.82999999999998,7.51168490080234
1.666,1,8.82999999999998,7.51992328214574
1.668,1,8.82999999999998,7.5391185617937
1.67,1,8.82999999999998,7.48656274640251
1.672,1,8.82999999999998,7.47663454383491
1.674,1,8.82999999999998,7.49041565800817
1.676,1,8.82999999999998,7.43977974281018
1.678,1,8.82999999999998,7.51119146406598
1.68,1,8.82999999999998,7.48923423848469
1.682,1,8.82999999999998,7.49535782490119
1.684,1,8.82999999999998,7.51584998953561
1.686,1,8.82999999999998,7.46628220139784
1.688,1,8.82999999999998,7.45994885251095
1.69,1,8.82999999999998,7.47729358806267
1.692,1,8.82999999999998,7.50555184323137
1.694,1,8.82999999999998,7.53684031128392
1.696,1,8.82999999999998,7.49095755153184
1.698,1,8.82999999999998,7.4841537348528
1.7,1,8.82999999999998,7.49885868643826
1.702,1,8.82999999999998,7.52358099417243
1.704,1,8.82999999999998,7.47550573838282
1.706,1,8.82999999999998,7.46905789511137
1.708,1,8.82999999999998,7.48544255471547
1.71,1,8.82999999999998,7.5123846176249
1.712,1,8.82999999999998,7.54229691183464
1.714,1,8.82999999999998,7.49514181841177
1.716,1,8.82999999999998,7.48724661091412
1.718,1,8.82999999999998,7.50106436806096
1.72,1,8.82999999999998,7.44939700568362
1.722,1,8.82999999999998,7.44361064616633
1.724,1,8.82999999999998,7.46285955790571
1.726,1,8.82999999999998,7.49355771932843
1.728,1,8.82999999999998,7.52733094082931
1.73,1,8.82999999999998,7.48371161213397
1.732,1,8.82999999999998,7.4788298236481
1.734,1,8.82999999999998,7.41938614996663
1.736,1,8.82999999999998,7.41241534116271
1.738,1,8.82999999999998,7.43411154664416
1.74,1,8.82999999999998,7.46895194299697
1.742,1,8.82999999999998,7.50736233574399
1.744,1,8.82999999999998,7.46818641251666
1.746,1,8.82999999999998,7.46720616522962
1.748,1,8.82999999999998,7.48668895663821
1.75,1,8.82999999999998,7.51515995750489
1.752,1,8.82999999999998,7.46991466301051
1.754,1,8.82999999999998,7.46552759862937
1.756,1,8.82999999999998,7.48335951113677
1.758,1,8.82999999999998,7.51127885101064
1.76,1,8.82999999999998,7.46612245556526
1.762,1,8.82999999999998,7.46215706886242
1.764,1,8.82999999999998,7.48054648181165
1.766,1,8.82999999999998,7.50904072100894
1.768,1,8.82999999999998,7.46441176184459
1.77,1,8.82999999999998,7.53659536548628
1.772,1,8.82999999999998,7.58824136792682
1.774,1,8.82999999999998,7.62383927291427
1.776,1,8.82999999999998,7.57166789195357
1.778,1,8.82999999999998,7.5535451322341
1.78,1,8.82999999999998,7.55536606096318
1.782,1,8.82999999999998,7.49194251503433
1.784,1,8.82999999999998,7.47568857487124
1.786,1,8.82999999999998,7.41049119222735
1.788,1,8.82999999999998,7.40133034905383
1.79,1,8.82999999999998,7.42295285256571
1.792,1,8.82999999999998,7.45885526930011
1.794,1,8.82999999999998,7.42312952533692
1.796,1,8.82999999999998,7.42843588246923
1.798,1,8.82999999999998,7.45509722377028
1.8,1,8.82999999999998,7.41481495605773
1.802,1,8.82999999999998,7.4185123471444
1.804,1,8.82999999999998,7.44529518635894
1.806,1,8.82999999999998,7.48174404246409
1.808,1,8.82999999999998,7.44405063372796
1.81,1,8.82999999999998,7.446242982939
1.812,1,8.82999999999998,7.46948641567783
1.814,1,8.82999999999998,7.50166044846524
1.816,1,8.82999999999998,7.53542091108986
1.818,1,8.82999999999998,7.49099633118133
1.82,1,8.82999999999998,7.48496620225471
1.822,1,8.82999999999998,7.50000350407803
1.824,1,8.82999999999998,7.52479003509978
1.826,1,8.82999999999998,7.55232861388845
1.828,1,8.82999999999998,7.50291774386248
1.83,1,8.82999999999998,7.49305228207107
1.832,1,8.82999999999998,7.50524648439827
1.834,1,8.82999999999998,7.5279995867228
1.836,1,8.82999999999998,7.47843823455968
1.838,1,8.82999999999998,7.47090856501076
1.84,1,8.82999999999998,7.48653373091308
1.842,1,8.82999999999998,7.51296312989311
1.844,1,8.82999999999998,7.54254497002171
1.846,1,8.82999999999998,7.57088811070242
1.848,1,8.82999999999998,7.52007449169873
1.85,1,8.82999999999998,7.50776776787433
1.852,1,8.82999999999998,7.51720790618525
1.854,1,8.82999999999998,7.53731197076976
1.856,1,8.82999999999998,7.56111794908239
1.858,1,8.82999999999998,7.50884934890854
1.86,1,8.82999999999998,7.49687469268321
1.862,1,8.82999999999998,7.50756699597675
1.864,1,8.82999999999998,7.52929024635641
1.866,1,8.82999999999998,7.47905238449009
1.868,1,8.82999999999998,7.47110137946248
1.87,1,8.82999999999998,7.48648285531773
1.872,1,8.82999999999998,7.51278733770212
1.874,1,8.82999999999998,7.46662100344905
1.876,1,8.82999999999998,7.46206790321074
1.878,1,8.82999999999998,7.48015274209513
1.88,1,8.82999999999998,7.50852344010057
1.882,1,8.82999999999998,7.53957857887153
1.884,1,8.82999999999998,7.4933011495826
1.886,1,8.82999999999998,7.48605558755341
1.888,1,8.82999999999998,7.5003372910428
1.89,1,8.82999999999998,7.52468798650304
1.892,1,8.82999999999998,7.55200424548083
1.894,1,8.82999999999998,7.57820576400457
1.896,1,8.82999999999998,7.52552798857515
1.898,1,8.82999999999998,7.51168904051642
1.9,1,8.82999999999998,7.51992516841725
1.902,1,8.82999999999998,7.53911906034086
1.904,1,8.82999999999998,7.56226137347394
1.906,1,8.82999999999998,7.58522496702275
1.908,1,8.82999999999998,7.53012793209916
1.91,1,8.82999999999998,7.51454501598997
1.912,1,8.82999999999998,7.5215693703103
1.914,1,8.82999999999998,7.53995485698857
1.916,1,8.82999999999998,7.56258363105017
1.918,1,8.82999999999998,7.58524159520818
1.92,1,8.82999999999998,7.52997995469468
1.922,1,8.82999999999998,7.51432387412757
1.924,1,8.82999999999998,7.5213310423007
1.926,1,8.82999999999998,7.53973088719605
1.928,1,8.82999999999998,7.56238942212606
1.93,1,8.82999999999998,7.58508242271024
1.932,1,8.82999999999998,7.52985517364329
1.934,1,8.82999999999998,7.51422974631381
1.936,1,8.82999999999998,7.52126254912316
1.938,1,8.82999999999998,7.53968282265229
1.94,1,8.82999999999998,7.48665807642498
1.942,1,8.82999999999998,7.47647042684717
1.944,1,8.82999999999998,7.49012939914197
1.946,1,8.82999999999998,7.51515552704462
1.948,1,8.82999999999998,7.54377274896531
1.95,1,8.82999999999998,7.57148036925781
1.952,1,8.82999999999998,7.5959683489307
1.954,1,8.82999999999998,7.54062380167294
1.956,1,8.82999999999998,7.59957192654007
1.958,1,8.82999999999998,7.56224619261163
1.96,1,8.82999999999998,7.55296915539242
1.962,1,8.82999999999998,7.55956355284664
1.964,1,8.82999999999998,7.57396990698494
1.966,1,8.82999999999998,7.59111981943497
1.968,1,8.82999999999998,7.60803999435979
1.97,1,8.82999999999998,7.54746879907884
1.972,1,8.82999999999998,7.52725553442354
1.974,1,8.82999999999998,7.53055646564302
1.976,1,8.82999999999998,7.54606959749241
1.978,1,8.82999999999998,7.5665633043578
1.98,1,8.82999999999998,7.58769005267698
1.982,1,8.82999999999998,7.60706921814675
1.984,1,8.82999999999998,7.54790499142811
1.986,1,8.82999999999998,7.52839888512904
1.988,1,8.82999999999998,7.53196403561599
1.99,1,8.82999999999998,7.54747913006561
1.992,1,8.82999999999998,7.56783476811901
1.994,1,8.82999999999998,7.51306349073467
1.996,1,8.82999999999998,7.49933846445246
1.998,1,8.82999999999998,7.5088542895101
2,1,8.82999999999998,7.52982317989588
2.002,1,8.82999999999998,7.55482940545962
2.004,1,8.82999999999998,7.57952036041661
2.006,1,8.82999999999998,7.52590739287969
2.008,1,8.82999999999998,7.51153234592606
2.01,1,8.82999999999998,7.51949808601075
2.012,1,8.82999999999998,7.53858995596233
2.014,1,8.82999999999998,7.56173009053342
2.016,1,8.82999999999998,7.50904604030055
2.018,1,8.82999999999998,7.49683044955005
2.02,1,8.82999999999998,7.50739865092044
2.022,1,8.82999999999998,7.52907234398325
2.024,1,8.82999999999998,7.5545284814702
2.026,1,8.82999999999998,7.57948903368611
2.028,1,8.82999999999998,7.5260229097572
2.03,1,8.82999999999998,7.51171476013169
2.032,1,8.82999999999998,7.51969816693797
2.034,1,8.82999999999998,7.53877970975488
2.036,1,8.82999999999998,7.56189560985223
2.038,1,8.82999999999998,7.58488121914537
2.04,1,8.82999999999998,7.60552876745516
2.042,1,8.82999999999998,7.54719289073615
2.044,1,8.82999999999998,7.5281987499368
2.046,1,8.82999999999998,7.53205663777514
2.048,1,8.82999999999998,7.54771868305556
2.05,1,8.82999999999998,7.56812903373613
2.052,1,8.82999999999998,7.51335788678451
2.054,1,8.82999999999998,7.49960387432479
2.056,1,8.82999999999998,7.50907804877664
2.058,1,8.82999999999998,7.53000264651485
2.06,1,8.82999999999998,7.55496754217895
2.062,1,8.82999999999998,7.5796228260988
2.064,1,8.82999999999998,7.60167964314977
2.066,1,8.82999999999998,7.62017401274156
2.068,1,8.82999999999998,7.55924461318939
2.07,1,8.82999999999998,7.53767812439392
2.072,1,8.82999999999998,7.53922883542856
2.074,1,8.82999999999998,7.55295280489231
2.076,1,8.82999999999998,7.49611425059888
2.078,1,8.82999999999998,7.48295975585634
2.08,1,8.82999999999998,7.49439630741922
2.082,1,8.82999999999998,7.51781629280444
2.084,1,8.82999999999998,7.54531449743662
2.086,1,8.82999999999998,7.49657436507839
2.088,1,8.82999999999998,7.48769261328544
2.09,1,8.82999999999998,7.50094031710404
2.092,1,8.82999999999998,7.52468015796812
2.094,1,8.82999999999998,7.55167147619929
2.096,1,8.82999999999998,7.50203365860853
2.098,1,8.82999999999998,7.49213444196712
2.1,1,8.82999999999998,7.50440123307944
2.102,1,8.82999999999998,7.52727646338547
2.104,1,8.82999999999998,7.47785160041854
2.106,1,8.82999999999998,7.47045260665664
2.108,1,8.82999999999998,7.48619245139837
2.11,1,8.82999999999998,7.5127166811477
2.112,1,8.82999999999998,7.54237340944688
2.114,1,8.82999999999998,7.49507449587504
2.116,1,8.82999999999998,7.48710924659488
2.118,1,8.82999999999998,7.50090321412217
2.12,1,8.82999999999998,7.52493798982975
2.122,1,8.82999999999998,7.5520611230972
2.124,1,8.82999999999998,7.50245513391101
2.126,1,8.82999999999998,7.4925312905281
2.128,1,8.82999999999998,7.50474578304804
2.13,1,8.82999999999998,7.52755912153592
2.132,1,8.82999999999998,7.55377227770722
2.134,1,8.82999999999998,7.50351219601954
2.136,1,8.82999999999998,7.49313525653981
2.138,1,8.82999999999998,7.50504854492117
2.14,1,8.82999999999998,7.4519724794655
2.142,1,8.82999999999998,7.44518079719854
2.144,1,8.82999999999998,7.46373869373628
2.146,1,8.82999999999998,7.49398163215254
2.148,1,8.82999999999998,7.52747028596376
2.15,1,8.82999999999998,7.48368547029735
2.152,1,8.82999999999998,7.4787180227044
2.154,1,8.82999999999998,7.41923970909549
2.156,1,8.82999999999998,7.41226488309261
2.158,1,8.82999999999998,7.43397379618219
2.16,1,8.82999999999998,7.46883456377641
2.162,1,8.82999999999998,7.50726740352489
2.164,1,8.82999999999998,7.54381173636013
2.166,1,8.82999999999998,7.57574231853881
2.168,1,8.82999999999998,7.60206138350949
2.17,1,8.82999999999998,7.54709182967393
2.172,1,8.82999999999998,7.52990261809332
2.174,1,8.82999999999998,7.53455474605023
2.176,1,8.82999999999998,7.55039373419689
2.178,1,8.82999999999998,7.49493549782924
2.18,1,8.82999999999998,7.48263333976845
2.182,1,8.82999999999998,7.49455658120986
2.184,1,8.82999999999998,7.51822025580771
2.186,1,8.82999999999998,7.54580852826027
2.188,1,8.82999999999998,7.57276657969601
2.19,1,8.82999999999998,7.59672793835162
2.192,1,8.82999999999998,7.61672654104062
2.194,1,8.82999999999998,7.63263838216007
2.196,1,8.82999999999998,7.6448006879612
2.198,1,8.82999999999998,7.5780644172664
2.2,1,8.82999999999998,7.55154421017688
2.202,1,8.82999999999998,7.47338610672961
2.204,1,8.82999999999998,7.45110700657895
2.206,1,8.82999999999998,7.46082197341832
2.208,1,8.82999999999998,7.48663764765033
2.21,1,8.82999999999998,7.51849046494893
2.212,1,8.82999999999998,7.55041859641864
2.214,1,8.82999999999998,7.50353678816465
2.216,1,8.82999999999998,7.49495874857456
2.218,1,8.82999999999998,7.50765125577605
2.22,1,8.82999999999998,7.45473379982873
2.222,1,8.82999999999998,7.44775415824104
2.224,1,8.82999999999998,7.46595785255377
2.226,1,8.82999999999998,7.49579290482971
2.228,1,8.82999999999998,7.52888530448282
2.23,1,8.82999999999998,7.56044846333424
2.232,1,8.82999999999998,7.51238214007523
2.234,1,8.82999999999998,7.50229950474844
2.236,1,8.82999999999998,7.51346524381614
2.238,1,8.82999999999998,7.53485880085654
2.24,1,8.82999999999998,7.55959446679035
2.242,1,8.82999999999998,7.50797194643915
2.244,1,8.82999999999998,7.49642838217947
2.246,1,8.82999999999998,7.43169567915149
2.248,1,8.82999999999998,7.42068980852697
2.25,1,8.82999999999998,7.43941782405654
2.252,1,8.82999999999998,7.47215184513686
2.254,1,8.82999999999998,7.50912328117701
2.256,1,8.82999999999998,7.46900629440798
2.258,1,8.82999999999998,7.46744334412684
2.26,1,8.82999999999998,7.48659202422215
2.262,1,8.82999999999998,7.51489444065354
2.264,1,8.82999999999998,7.46958546082204
2.266,1,8.82999999999998,7.46519692977619
2.268,1,8.82999999999998,7.48306069595195
2.27,1,8.82999999999998,7.51102651237683
2.272,1,8.82999999999998,7.54161872116515
2.274,1,8.82999999999998,7.57059201697652
2.276,1,8.82999999999998,7.59584254354667
2.278,1,8.82999999999998,7.54091700993039
2.28,1,8.82999999999998,7.52436070062408
2.282,1,8.82999999999998,7.52989726333204
2.284,1,8.82999999999998,7.5466675154914
2.286,1,8.82999999999998,7.56777251853964
2.288,1,8.82999999999998,7.51340695337652
2.29,1,8.82999999999998,7.49986435824674
2.292,1,8.82999999999998,7.43372663599017
2.294,1,8.82999999999998,7.42177114854724
2.296,1,8.82999999999998,7.43988609551274
2.298,1,8.82999999999998,7.47224700615224
2.3,1,8.82999999999998,7.43331118651839
2.302,1,8.82999999999998,7.43590101155656
2.304,1,8.82999999999998,7.46037709379221
2.306,1,8.82999999999998,7.41840852319397
2.308,1,8.82999999999998,7.42085209092708
2.31,1,8.82999999999998,7.44673545633044
2.312,1,8.82999999999998,7.48256255562639
2.314,1,8.82999999999998,7.52015575400145
2.316,1,8.82999999999998,7.55498035298604
2.318,1,8.82999999999998,7.50919274101317
2.32,1,8.82999999999998,7.50063991695792
2.322,1,8.82999999999998,7.51278516047396
2.324,1,8.82999999999998,7.45906920231949
2.326,1,8.82999999999998,7.45123590480106
2.328,1,8.82999999999998,7.46864078716389
2.33,1,8.82999999999998,7.49778511039381
2.332,1,8.82999999999998,7.53031258404171
2.334,1,8.82999999999998,7.48573473453332
2.336,1,8.82999999999998,7.48014217959471
2.338,1,8.82999999999998,7.49588891191982
2.34,1,8.82999999999998,7.52145981189878
2.342,1,8.82999999999998,7.5497453034178
2.344,1,8.82999999999998,7.5766865744559
2.346,1,8.82999999999998,7.5245531799945
2.348,1,8.82999999999998,7.51110071071731
2.35,1,8.82999999999998,7.51960097854797
2.352,1,8.82999999999998,7.53896770861382
2.354,1,8.82999999999998,7.5622171184798
2.356,1,8.82999999999998,7.50954326712608
2.358,1,8.82999999999998,7.49728404019297
2.36,1,8.82999999999998,7.50778420673997
2.362,1,8.82999999999998,7.52938357016367
2.364,1,8.82999999999998,7.47907043992133
2.366,1,8.82999999999998,7.47107751909113
2.368,1,8.82999999999998,7.48643899997194
2.37,1,8.82999999999998,7.51273714919775
2.372,1,8.82999999999998,7.54227130912855
2.374,1,8.82999999999998,7.57061603552873
2.376,1,8.82999999999998,7.59552903246515
2.378,1,8.82999999999998,7.54045446719051
2.38,1,8.82999999999998,7.52386434394665
2.382,1,8.82999999999998,7.52943186518695
2.384,1,8.82999999999998,7.54626455768133
2.386,1,8.82999999999998,7.56744262484283
2.388,1,8.82999999999998,7.51314857735197
2.39,1,8.82999999999998,7.49966961680645
2.392,1,8.82999999999998,7.50928396299223
2.394,1,8.82999999999998,7.53026297869339
2.396,1,8.82999999999998,7.55523119676877
2.398,1,8.82999999999998,7.504163312888
2.4,1,8.82999999999998,7.49329138305387
2.402,1,8.82999999999998,7.50492532887263
2.404,1,8.82999999999998,7.52741139395921
2.406,1,8.82999999999998,7.55346462501491
2.408,1,8.82999999999998,7.57884855153774
2.41,1,8.82999999999998,7.60137030548566
2.412,1,8.82999999999998,7.54444419651276
2.414,1,8.82999999999998,7.52647304232609
2.416,1,8.82999999999998,7.53104671672239
2.418,1,8.82999999999998,7.54719010131256
2.42,1,8.82999999999998,7.56790927554838
2.422,1,8.82999999999998,7.58902340314964
2.424,1,8.82999999999998,7.60826424271729
2.426,1,8.82999999999998,7.62460723281091
2.428,1,8.82999999999998,7.63779207395305
2.43,1,8.82999999999998,7.64799166883248
2.432,1,8.82999999999998,7.6555928427783
2.434,1,8.82999999999998,7.58535939086979
2.436,1,8.82999999999998,7.55625446896543
2.438,1,8.82999999999998,7.55195220513733
2.44,1,8.82999999999998,7.5612995673264
2.442,1,8.82999999999998,7.577002490285
2.444,1,8.82999999999998,7.59454444139917
2.446,1,8.82999999999998,7.61133565837179
2.448,1,8.82999999999998,7.62606935017892
2.45,1,8.82999999999998,7.63825179320145
2.452,1,8.82999999999998,7.64787152754334
2.454,1,8.82999999999998,7.57947645421295
2.456,1,8.82999999999998,7.55193239556052
2.458,1,8.82999999999998,7.54888897018496
2.46,1,8.82999999999998,7.55920988599936
2.462,1,8.82999999999998,7.5756381601499
2.464,1,8.82999999999998,7.59370152930065
2.466,1,8.82999999999998,7.61085396334364
2.468,1,8.82999999999998,7.62582780086982
2.47,1,8.82999999999998,7.63816213180027
2.472,1,8.82999999999998,7.64787170342271
2.474,1,8.82999999999998,7.57952451481334
2.476,1,8.82999999999998,7.55200124535165
2.478,1,8.82999999999998,7.54896210976515
2.48,1,8.82999999999998,7.55927809434802
2.482,1,8.82999999999998,7.57569700722578
2.484,1,8.82999999999998,7.59374957688427
2.486,1,8.82999999999998,7.61089151043048
2.488,1,8.82999999999998,7.62585604324437
2.49,1,8.82999999999998,7.63818262540426
2.492,1,8.82999999999998,7.57218712499568
2.494,1,8.82999999999998,7.54664196905766
2.496,1,8.82999999999998,7.54518652149891
2.498,1,8.82999999999998,7.55671957899711
2.5,3,8.82999999999998,7.57403996189676
2.502,3,9.5895698924731,7.59273674763317
2.504,3,10.3164701121517,7.61032214546657
2.506,3,11.0121058062527,7.70127824933789
2.508,3,11.6778216855536,7.97377712860828
2.51,3,12.3149046238094,8.39188067241198
2.512,3,12.924586145366,8.92205573904779
2.514,3,13.5080448057804,9.61106004500288
2.516,3,14.0664084700479,10.3924505073882
2.518,3,14.6007564928415,11.1459819862389
2.52,3,15.1121218049774,11.9616860534846
2.522,3,15.6014929101396,12.8057332803493
2.524,3,16.069815795725,13.5815892231454
2.526,3,16.5179957615003,14.3202099399719
2.528,3,16.9468991696078,15.0417764604541
2.53,3,17.3573551193021,15.7587326803235
2.532,3,17.7501570496547,16.4024699020945
2.534,3,18.1260642733254,17.0193306687887
2.536,3,18.4858034443652,17.5609789405232
2.538,3,18.8300699628871,18.0847635814882
2.54,3,19.1595293193221,18.547327695233
2.542,3,19.4748183808566,19.0072941199986
2.544,3,19.7765466225402,19.4204785661673
2.546,3,20.0652973054417,19.7679387528876
2.548,3,20.3416286041324,20.1217601206684
2.55,3,20.6060746856751,20.4440525604853
2.552,3,20.8591467422052,20.869122327129
2.554,3,21.1013339790996,21.1556433873372
2.556,3,21.3331045606437,21.3400104844078
2.558,3,21.5549065150246,21.5274107460722
2.56,3,21.7671686003999,21.7736315727114
2.562,3,21.970301133716,21.951216136311
2.564,3,22.1646967838788,22.1503752253575
2.566,3,22.3507313308087,22.3413818392294
2.568,3,22.5287643918492,22.5091898798103
2.57,3,22.699140116931,22.7237651517439
2.572,3,22.8621878538372,22.9420994189915
2.574,3,23.0182227848549,23.140889289299
2.576,3,23.167546536044,23.3096381303094
2.578,3,23.3104477603001,23.3700150524075
2.58,3,23.447202695341,23.5180459242834
2.582,3,23.5780756976919,23.6225057240575
2.584,3,23.7033197537052,23.6934232510883
2.586,3,23.8231769685996,23.7394564447544
2.588,3,23.9378790344662,23.843376702363
2.59,3,24.0476476781451,23.9679063663387
2.592,3,24.1526950898378,24.0911345736279
2.594,3,24.2532243332856,24.1258077777759
2.596,3,24.3494297383056,24.1855394344041
2.598,3,24.441497276443,24.25273721439
2.6,3,24.529604920467,24.3172838462298
2.602,3,24.6139229884039,24.3740463638296
2.604,3,24.6946144727736,24.4210560828727
2.606,3,24.771835355665,24.4582258450772
2.608,3,24.8457349102601,24.4864803416446
2.61,3,24.9164559893887,24.5071925280339
2.612,3,24.9841353016731,24.5975377908094
2.614,3,25.0489036757946,24.6403964244149
2.616,3,25.1108863133949,24.6537047649815
2.618,3,25.1702030310983,24.6499431319547
2.62,3,25.2269684921263,24.7131498050994
2.622,3,25.2812924279489,24.7301274400735
2.624,3,25.3332798504027,24.7207796934884
2.626,3,25.3830312546864,24.7740165101676
2.628,3,25.4306428136247,24.8553697389672
2.63,3,25.4762065635763,24.8679867425313
2.632,3,25.5198105823472,24.8427076986524
2.634,3,25.5615391594506,24.8754159866325
2.636,3,25.6014729590441,24.8601165667838
2.638,3,25.6396891758594,24.8964278973541
2.64,3,25.6762616844246,24.9566747787728
2.642,3,25.7112611818687,25.0237381912334
2.644,3,25.744755324584,25.0121184307071
2.646,3,25.7768088590105,25.0353898074419
2.648,3,25.807483746795,25.0749686725448
2.65,3,25.8368392845672,25.0436376480989
2.652,3,25.8649322185644,25.0532879722219
2.654,3,25.891816854325,25.0838374864336
2.656,3,25.9175451616659,25.122515528351
2.658,3,25.9421668751426,25.0860114899721
2.66,3,25.9657295901903,25.0887213840511
2.662,3,25.9882788551283,25.1120730583834
2.664,3,26.0098582592088,25.1441264054076
2.666,3,26.0305095168773,25.1776560272657
2.668,3,26.0502725484094,25.1329646539814
2.67,3,26.06918555708,25.1266748928618
2.672,3,26.087285103012,25.1414820055724
2.674,3,26.1046061738502,25.1660767655624
2.676,3,26.1211822523943,25.193462985242
2.678,3,26.1370453813236,25.219634725831
2.68,3,26.1522262251376,25.2425758475331
2.682,3,26.1667541294328,25.2615301750278
2.684,3,26.1806571776292,25.2764879893689
2.686,3,26.1939622452581,25.2878385483613
2.688,3,26.2066950519136,25.2204465120687
2.69,3,26.2188802109711,25.1934184314944
2.692,3,26.2305412771659,25.1905803548027
2.694,3,26.2417007921265,25.2766196393719
2.696,3,26.252380327949,25.3258585107306
2.698,3,26.2626005288974,25.2749164575881
2.7,3,26.2723811513105,25.2512836939659
2.702,3,26.2817411017917,25.2445449595832
2.704,3,26.2906984737577,25.2474793662519
2.706,3,26.2992705824133,25.2552819680014
2.708,3,26.3074739982234,25.26491025104
2.71,3,26.315324578945,25.274561730995
2.712,3,26.3228375002807,25.2075740991964
2.714,3,26.3300272852149,25.1063331894373
2.716,3,26.3369078320874,25.0725191060024
2.718,3,26.3434924414599,25.1536938718513
2.72,3,26.3497938418273,25.1367723055501
2.722,3,26.3558242142218,25.1449138654692
2.724,3,26.3615952157606,25.1656157792834
2.726,3,26.3671180021795,25.1909717944423
2.728,3,26.3724032493976,25.2163068816423
2.73,3,26.3774611741547,25.2391303369772
2.732,3,26.3823015537609,25.1826630642479
2.734,3,26.386933744997,25.1651892467601
2.736,3,26.3913667022015,25.1702317014936
2.738,3,26.3956089945799,25.1867823731369
2.74,3,26.39966882277,25.2078358480098
2.742,3,26.4035540346939,25.1535134473804
2.744,3,26.4072721407285,25.1400602476552
2.746,3,26.4108303282241,25.1497266662399
2.748,3,26.4142354753972,25.1707666445803
2.75,3,26.4174941646275,25.195794548883
2.752,3,26.4206126951811,25.2204786975165
2.754,3,26.4235970953884,25.1668444069112
2.756,3,26.4264531342964,25.2281413186037
2.758,3,26.4291863328213,25.1932730258019
2.76,3,26.4318019744204,25.1862688254828
2.762,3,26.4343051153055,25.1948133071236
2.764,3,26.4367005942171,25.210805185084
2.766,3,26.4389930417777,25.229189749426
2.768,3,26.4411868894432,25.2470356327863
2.77,3,26.4432863780693,25.262832968312
2.772,3,26.4452955661093,25.2759788644223
2.774,3,26.4472183374594,25.2864135402611
2.776,3,26.4490584089666,25.2943727068309
2.778,3,26.4508193376131,25.300226370418
2.78,3,26.4525045273932,25.2286807089782
2.782,3,26.4541172358924,25.1986251939105
2.784,3,26.4556605805852,25.1936589739383
2.786,3,26.4571375448611,25.2025607473713
2.788,3,26.4585509837918,25.2179784949585
2.79,3,26.4599036296503,25.2353489503009
2.792,3,26.4611980971922,25.2520462124833
2.794,3,26.4624368887108,25.2667365680442
2.796,3,26.4636223988738,25.278906942218
2.798,3,26.4647569193523,25.2885324709283
2.8,3,26.4658426432511,25.295851062596
2.802,3,26.4668816693479,25.2255183401031
2.804,3,26.4678760061501,25.2721206064171
2.806,3,26.4688275757781,25.3764742446915
2.808,3,26.4697382176801,25.4256232464631
2.81,3,26.4706096921885,25.3647868892663
2.812,3,26.4714436839223,25.3270085339682
2.814,3,26.4722418050439,25.2295545777931
2.816,3,26.4730055983754,25.1098993522343
2.818,3,26.4737365403807,25.0659146169799
2.82,3,26.4744360440203,25.0666192152792
2.822,3,26.4751054614818,25.0910830437412
2.824,3,26.4757460867944,25.1258010331731
2.826,3,26.4763591583301,25.1625601090659
2.828,3,26.4769458611976,25.1967795360044
2.83,3,26.4775073295332,25.2262674762663
2.832,3,26.4780446486931,25.2503222004654
2.834,3,26.4785588573514,25.2691057768524
2.836,3,26.4790509495084,25.2832248631726
2.838,3,26.4795218764112,25.2934633017346
2.84,3,26.4799725483935,25.300622049182
2.842,3,26.4804038366347,25.3054321364282
2.844,3,26.4808165748439,25.3085151594745
2.846,3,26.4812115608722,25.3103730135344
2.848,3,26.481589558254,25.3113942331693
2.85,3,26.4819512976839,25.3118685611549
2.852,3,26.4822974784287,25.3120044670948
2.854,3,26.4826287696791,25.236247592175
2.856,3,26.4829458118434,25.2788987148755
2.858,3,26.4832492177856,25.3047776761999
2.86,3,26.4835395740099,25.3191594128788
2.862,3,26.4838174417944,25.3259913011729
2.864,3,26.4840833582764,25.3281232592463
2.866,3,26.4843378374903,25.3275387546768
2.868,3,26.4845813713617,25.3255634950715
2.87,3,26.484814430658,25.3230416221636
2.872,3,26.4850374658985,25.3204771888024
2.874,3,26.4852509082254,25.3181431612371
2.876,3,26.4854551702372,25.3161623474872
2.878,3,26.4856506467862,25.3145653691333
2.88,3,26.4858377157416,25.3133306708534
2.882,3,26.4860167387205,25.3124110035381
2.884,3,26.4861880617862,25.3117500812095
2.886,3,26.486352016118,25.3112923545505
2.888,3,26.4865089186506,25.3109881495367
2.89,3,26.4866590726871,25.3107958275331
2.892,3,26.4868027684855,25.3106821440193
2.894,3,26.4869402838195,25.3106216113979
2.896,3,26.4870718845154,25.3105953936608
2.898,3,26.4871978249664,25.3105900605278
2.9,3,26.4873183486237,25.3105963896205
2.902,3,26.4874336884679,25.3106083124651
2.904,3,26.4875440674585,25.310622041213
2.906,3,26.4876496989657,25.3106353779125
2.908,3,26.4877507871822,25.3106471892883
2.91,3,26.4878475275184,25.3106570216113
2.912,3,26.48794010698,25.3106648282736
2.914,3,26.4880287045293,25.3106707843476
2.916,3,26.4881134914312,25.3106751658296
2.918,3,26.4881946315847,25.3106782752896
2.92,3,26.4882722818391,25.3106803996044
2.922,3,26.4883465922977,25.3863807066452
2.924,3,26.4884177066075,25.4192737552208
2.926,3,26.4884857622372,25.4260951588641
2.928,3,26.4885508907432,25.3426427540028
2.93,3,26.488613218023,25.370689766485
2.932,3,26.4886728645597,25.3797222657845
2.934,3,26.4887299456539,25.3777245766094
2.936,3,26.4887845716473,25.2943437339692
2.938,3,26.4888368481355,25.3271958263049
2.94,3,26.4888868761727,25.3430831190225
2.942,3,26.4889347524664,25.3483566087437
2.944,3,26.4889805695646,25.347450246721
2.946,3,26.4890244160349,25.3433381842121
2.948,3,26.4890663766356,25.2622237388034
2.95,3,26.4891065324792,25.2237554941511
2.952,3,26.4891449611898,25.2118232667491
2.954,3,26.4891817370526,25.2909168736083
2.956,3,26.4892169311579,25.3350411640965
2.958,3,26.4892506115382,25.280465676968
2.96,3,26.4892828433,25.2543478463124
2.962,3,26.4893136887494,25.2459816311966
2.964,3,26.4893432075129,25.2479064560902
2.966,3,26.4893714566521,25.2551285873036
2.968,3,26.4893984907746,25.2644624960834
2.97,3,26.4894243621391,25.2740012045695
2.972,3,26.4894491207568,25.2827076813846
2.974,3,26.4894728144877,25.2901111096587
2.976,3,26.4894954891334,25.2960890511636
2.978,3,26.4895171885255,25.3764158282699
2.98,3,26.4895379546104,25.412759248092
2.982,3,26.4895578275304,25.3463644604072
2.984,3,26.4895768457011,25.3074405187604
2.986,3,26.489595045886,25.2870059285809
2.988,3,26.4896124632673,25.2784468469933
2.99,3,26.4896291315139,25.3527635629871
2.992,3,26.4896450828466,25.388236746947
2.994,3,26.4896603481005,25.3994971328786
2.996,3,26.4896749567844,25.3967356725699
2.998,3,26.4896889371377,25.3867701777201
3,3,26.4897023161856,25.3739469790959
3.002,3,26.4897151197905,25.3608656250291
3.004,3,26.4897273727027,25.3489376979587
3.006,3,26.489739098608,25.3388020281809
3.008,3,26.4897503201732,25.3306223572893
3.01,3,26.4897610590905,25.3242929444828
3.012,3,26.4897713361189,25.3195747946223
3.014,3,26.4897811711245,25.3161814479825
3.016,3,26.4897905831192,25.3138294087177
3.018,3,26.4897995902968,25.3122647412697
3.02,3,26.489808210069,25.3112743343365
3.022,3,26.4898164590983,25.3106878777345
3.024,3,26.4898243533306,25.3103746921794
3.026,3,26.4898319080261,25.3102381274815
3.028,3,26.4898391377884,25.3102092170741
3.03,3,26.4898460565932,25.3102405622856
3.032,3,26.489852677815,25.3103009427095
3.034,3,26.4898590142531,25.3103708456714
3.036,3,26.4898650781562,25.3104389269939
3.038,3,26.4898708812462,25.310499317644
3.04,3,26.489876434741,25.3105496472373
3.042,3,26.4898817493758,25.310589644849
3.044,3,26.4898868354242,25.3106201857455
3.046,3,26.4898917027177,25.310642669967
3.048,3,26.4898963606654,25.3863575568668
3.05,3,26.4899008182712,25.4192606643512
3.052,3,26.489905084152,25.4260887235161
3.054,3,26.489909166554,25.4940383379371
3.056,3,26.4899130733689,25.512173262296
3.058,3,26.4899168121487,25.4262577643617
3.06,3,26.4899203901208,25.3690400441285
3.062,3,26.4899238142017,25.257072492717
3.064,3,26.4899270910102,25.2783604082497
3.066,3,26.4899302268807,25.2929014361512
3.068,3,26.4899332278751,25.3024098184439
3.07,3,26.4899360997945,25.2325973895668
3.072,3,26.4899388481904,25.2030794894557
3.074,3,26.4899414783757,25.1979603094651
3.076,3,26.4899439954349,25.2063559983829
3.078,3,26.4899464042334,25.2211293207056
3.08,3,26.4899487094276,25.2378451884244
3.082,3,26.4899509154737,25.2539470495269
3.084,3,26.4899530266362,25.2681323265586
3.086,3,26.4899550469959,25.2798956322864
3.088,3,26.4899569804584,25.2892065284895
3.09,3,26.4899588307613,25.2962908283433
3.092,3,26.4899606014813,25.225789776121
3.094,3,26.4899622960412,25.2722754977856
3.096,3,26.4899639177168,25.2251538708427
3.098,3,26.489965469643,25.2841684823818
3.1,3,26.4899669548197,25.2425535863395
3.102,3,26.4899683761177,25.2270882376096
3.104,3,26.4899697362847,25.2270924411718
3.106,3,26.4899710379499,25.2353447400348
3.108,3,26.4899722836295,25.2471805313148
3.11,3,26.4899734757314,25.2597589285394
3.112,3,26.4899746165602,25.2714918521626
3.114,3,26.489975708321,25.281615968196
3.116,3,26.4899767531244,25.2898830427526
3.118,3,26.48997775299,25.2963439978458
3.12,3,26.4899787098507,25.3012042424157
3.122,3,26.489979625556,25.3804302039068
3.124,3,26.4899805018762,25.3400915378611
3.126,3,26.4899813405052,25.3156800769633
3.128,3,26.4899821430641,25.3021704656492
3.13,3,26.4899829111044,25.3715060855133
3.132,3,26.4899836461106,25.4024734895341
3.134,3,26.4899843495037,25.4099262412265
3.136,3,26.4899850226433,25.4041052029409
3.138,3,26.4899856668307,25.3917809689636
3.14,3,26.4899862833111,25.4529044409473
3.142,3,26.4899868732762,25.3957604374531
3.144,3,26.4899874378665,25.4325928307348
3.146,3,26.4899879781733,25.4402001898099
3.148,3,26.4899884952411,25.4314736706673
3.15,3,26.4899889900695,25.4148990475877
3.152,3,26.4899894636149,25.3957755917101
3.154,3,26.4899899167927,25.3771804837531
3.156,3,26.4899903504791,25.3607023594501
3.158,3,26.4899907655122,25.3469793563407
3.16,3,26.4899911626945,25.4117787334533
3.162,3,26.4899915427937,25.4363526193174
3.164,3,26.4899919065445,25.4370525511605
3.166,3,26.4899922546501,25.4249535866032
3.168,3,26.4899925877834,25.4072242505444
3.17,3,26.4899929065884,25.4639414806734
3.172,3,26.4899932116814,25.4790576332705
3.174,3,26.4899935036521,25.4704997972139
3.176,3,26.4899937830649,25.4501633932322
3.178,3,26.48999405046,25.50125258681
3.18,3,26.4899943063542,25.5096853590295
3.182,3,26.4899945512421,25.4945410465874
3.184,3,26.4899947855973,25.3926209778229
3.186,3,26.4899950098727,25.4058882059596
3.188,3,26.4899952245018,25.4792649567581
3.19,3,26.4899954298996,25.5017517553451
3.192,3,26.4899956264631,25.4948841966952
3.194,3,26.4899958145722,25.4730424206945
3.196,3,26.4899959945906,25.4453719486338
3.198,3,26.4899961668663,25.4173245273681
3.2,3,26.4899963317322,25.3918442827796
3.202,3,26.4899964895072,25.3702476801816
3.204,3,26.4899966404961,25.3528533711092
3.206,3,26.4899967849909,25.3394165137985
3.208,3,26.4899969232709,25.3294159714946
3.21,3,26.4899970556033,25.3222347185015
3.212,3,26.489997182244,25.3172654982372
3.214,3,26.4899973034378,25.3139661969239
3.216,3,26.489997419419,25.3118829400241
3.218,3,26.4899975304117,25.3106536986109
3.22,3,26.4899976366306,25.3100011475175
3.222,3,26.4899977382809,25.385419414993
3.224,3,26.4899978355591,25.4182569531139
3.226,3,26.4899979286534,25.3494501947317
3.228,3,26.4899980177435,25.3089356179471
3.23,3,26.4899981030019,25.2875053258381
3.232,3,26.4899981845932,25.2783660381225
3.234,3,26.4899982626752,25.2766824406136
3.236,3,26.4899983373989,25.2791404513692
3.238,3,26.4899984089086,25.2835642105058
3.24,3,26.4899984773426,25.2885995175643
3.242,3,26.4899985428333,25.3691628604923
3.244,3,26.4899986055071,25.4063482586539
3.246,3,26.4899986654853,25.4167340786783
3.248,3,26.4899987228838,25.4118050732748
3.25,3,26.4899987778135,25.399196532844
3.252,3,26.4899988303807,25.383737605468
3.254,3,26.4899988806869,25.3682845600518
3.256,3,26.4899989288294,25.3543598054021
3.258,3,26.4899989749012,25.3426242679017
3.26,3,26.4899990189915,25.4089132102923
3.262,3,26.4899990611854,25.3588652444378
3.264,3,26.4899991015645,25.3274238033703
3.266,3,26.4899991402069,25.3090066814459
3.268,3,26.4899991771873,25.3750508632321
3.27,3,26.4899992125771,25.4039133861033
3.272,3,26.4899992464447,25.3344027656798
3.274,3,26.4899992788557,25.2949980047817
3.276,3,26.4899993098727,25.3512339818576
3.278,3,26.4899993395556,25.3015183924056
3.28,3,26.4899993679618,25.2759140849808
3.282,3,26.4899993951462,25.2656931828208
3.284,3,26.4899994211614,25.264683619044
3.286,3,26.4899994460577,25.3443841847972
3.288,3,26.4899994698832,25.3835550993543
3.29,3,26.4899994926839,25.3972492099715
3.292,3,26.4899995145039,25.320308377882
3.294,3,26.4899995353855,25.3540317365247
3.296,3,26.4899995553689,25.3677349984219
3.298,3,26.4899995744928,25.3694108994789
3.3,3,26.4899995927942,25.4402072119557
3.302,3,26.4899996103084,25.5408718592365
3.304,3,26.4899996270694,25.5718284622576
3.306,3,26.4899996431094,25.5625607889143
3.308,3,26.4899996584595,25.5327598373543
3.31,3,26.4899996731494,25.4192526678768
3.312,3,26.4899996872075,25.2723152675779
3.314,3,26.489999700661,25.2734525305648
3.316,3,26.4899997135358,25.2777334299025
3.318,3,26.4899997258568,25.2832680377573
3.32,3,26.4899997376479,25.2889248908359
3.322,3,26.4899997489319,25.2940886171921
3.324,3,26.4899997597305,25.2984797643981
3.326,3,26.4899997700647,25.3020255763067
3.328,3,26.4899997799544,25.3047706899088
3.33,3,26.4899997894187,25.3825168494979
3.332,3,26.489999798476,25.4168821132294
3.334,3,26.4899998071437,25.3490256437099
3.336,3,26.4899998154386,25.3847585890301
3.338,3,26.4899998233767,25.3208018449024
3.34,3,26.4899998309734,25.3613997376172
3.342,3,26.4899998382433,25.3023424552341
3.344,3,26.4899998452006,25.3473746555761
3.346,3,26.4899998518587,25.3677649253448
3.348,3,26.4899998582303,25.3730034479632
3.35,3,26.4899998643279,25.2939469779488
3.352,3,26.4899998701633,25.3291440245218
3.354,3,26.4899998757477,25.3460893893456
3.356,3,26.4899998810919,25.2759314283596
3.358,3,26.4899998862062,25.2419523890919
3.36,3,26.4899998911006,25.3063168041807
3.362,3,26.4899998957844,25.341067439433
3.364,3,26.4899999002668,25.3565979796763
3.366,3,26.4899999045564,25.3603473823546
3.368,3,26.4899999086615,25.3574449209256
3.37,3,26.48999991259,25.3512820847117
3.372,3,26.4899999163496,25.3439890336787
3.374,3,26.4899999199475,25.3368131368042
3.376,3,26.4899999233906,25.3304079402574
3.378,3,26.4899999266856,25.3250458559048
3.38,3,26.4899999298389,25.3207691852576
3.382,3,26.4899999328566,25.3931922755157
3.384,3,26.4899999357445,25.4236656065053
3.386,3,26.4899999385082,25.4287633357208
3.388,3,26.489999941153,25.4198274306858
3.39,3,26.489999943684,25.4042905989007
3.392,3,26.4899999461062,25.3867675149797
3.394,3,26.4899999484242,25.369914801877
3.396,3,26.4899999506426,25.3550828328886
3.398,3,26.4899999527655,25.3427922002526
3.4,3,26.4899999547971,25.3330696687824
3.402,3,26.4899999567413,25.3256760483014
3.404,3,26.4899999586019,25.3959528637426
3.406,3,26.4899999603824,25.4250093217602
3.408,3,26.4899999620864,25.4292189416558
3.41,3,26.4899999637171,25.4197645219095
3.412,3,26.4899999652777,25.4039574220711
3.414,3,26.4899999667711,25.3863231119276
3.416,3,26.4899999682003,25.3694549527857
3.418,3,26.489999969568,25.3546601331098
3.42,3,26.4899999708769,25.3424310276313
3.422,3,26.4899999721295,25.3327769493266
3.424,3,26.4899999733283,25.3254487189672
3.426,3,26.4899999744754,25.3957828375389
3.428,3,26.4899999755733,25.4248866310366
3.43,3,26.4899999766239,25.4291335997424
3.432,3,26.4899999776293,25.4197075176407
3.434,3,26.4899999785915,25.403921153796
3.436,3,26.4899999795123,25.4620003974908
3.438,3,26.4899999803935,25.4780343657088
3.44,3,26.4899999812368,25.4700669099983
3.442,3,26.4899999820438,25.4500880266028
3.444,3,26.4899999828161,25.4256763742166
3.446,3,26.4899999835552,25.4013104614048
3.448,3,26.4899999842625,25.4550726742419
3.45,3,26.4899999849394,25.4694885000505
3.452,3,26.4899999855871,25.4615016787843
3.454,3,26.489999986207,25.4423578239301
3.456,3,26.4899999868003,25.4191543570066
3.458,3,26.489999987368,25.3960763572972
3.46,3,26.4899999879113,25.4510418828329
3.462,3,26.4899999884313,25.4664971494088
3.464,3,26.4899999889289,25.4593598021705
3.466,3,26.489999989405,25.440880289573
3.468,3,26.4899999898607,25.4181768829593
3.47,3,26.4899999902968,25.3954619929121
3.472,3,26.4899999907142,25.3749828495786
3.474,3,26.4899999911136,25.3577170377654
3.476,3,26.4899999914958,25.4195675894148
3.478,3,26.4899999918615,25.4418004046516
3.48,3,26.4899999922116,25.440714380847
3.482,3,26.4899999925466,25.4273017199067
3.484,3,26.4899999928672,25.4086401571643
3.486,3,26.4899999931739,25.3890216532357
3.488,3,26.4899999934675,25.3708291680304
3.49,3,26.4899999937485,25.3551925756856
3.492,3,26.4899999940174,25.4181609968364
3.494,3,26.4899999942747,25.4411286956844
3.496,3,26.4899999945209,25.4405008137228
3.498,3,26.4899999947566,25.4273535165342
3.5,3,26.4899999949821,25.4088283361076
3.502,3,26.489999995198,25.4649628976664
3.504,3,26.4899999954045,25.4796675561075
3.506,3,26.4899999956021,25.4708301105414
3.508,3,26.4899999957913,25.3746130978554
3.51,3,26.4899999959723,25.3926985554238
3.512,3,26.4899999961456,25.3942472799378
3.514,3,26.4899999963113,25.386825610515
3.516,3,26.48999999647,25.375353332437
3.518,3,26.4899999966218,25.3628535003476
3.52,3,26.4899999967671,25.3510394508125
3.522,3,26.4899999969062,25.4164559845879
3.524,3,26.4899999970392,25.440897317981
3.526,3,26.4899999971666,25.4410780278255
3.528,3,26.4899999972884,25.4283049106132
3.53,3,26.4899999974051,25.4098853476229
3.532,3,26.4899999975167,25.390272984856
3.534,3,26.4899999976235,25.3719602726951
3.536,3,26.4899999977257,25.3561479386558
3.538,3,26.4899999978235,25.3432294444669
3.54,3,26.4899999979171,25.3331289770615
3.542,3,26.4899999980067,25.3255279841074
3.544,3,26.4899999980924,25.3200099222773
3.546,3,26.4899999981745,25.3161471097044
3.548,3,26.489999998253,25.3892470535363
3.55,3,26.4899999983281,25.4204706669936
3.552,3,26.4899999984001,25.4262837817386
3.554,3,26.4899999984689,25.4179740491374
3.556,3,26.4899999985347,25.3272551021092
3.558,3,26.4899999985977,25.2015483912632
3.56,3,26.4899999986581,25.1452915497829
3.562,3,26.4899999987158,25.1316183568447
3.564,3,26.489999998771,25.1420006542144
3.566,3,26.4899999988239,25.1641848726511
3.568,3,26.4899999988745,25.1904724913429
3.57,3,26.4899999989229,25.2163535975125
3.572,3,26.4899999989692,25.2394635846049
3.574,3,26.4899999990135,25.2588151207469
3.576,3,26.489999999056,25.2742526955756
3.578,3,26.4899999990966,25.2860796820083
3.58,3,26.4899999991354,25.2948141921163
3.582,3,26.4899999991726,25.3010377032892
3.584,3,26.4899999992082,25.3810070080546
3.586,3,26.4899999992423,25.3410077713181
3.588,3,26.4899999992748,25.3166868686891
3.59,3,26.489999999306,25.303126177532
3.592,3,26.4899999993359,25.3723402361632
3.594,3,26.4899999993644,25.4031604952263
3.596,3,26.4899999993918,25.4104669831051
3.598,3,26.4899999994179,25.3288156688236
3.6,3,26.489999999443,25.3591877182804
3.602,3,26.4899999994669,25.3705951557274
3.604,3,26.4899999994899,25.3707646154731
3.606,3,26.4899999995118,25.3649251552428
3.608,3,26.4899999995328,25.3564580142238
3.61,3,26.4899999995529,25.3474254425186
3.612,3,26.4899999995721,25.3389828569707
3.614,3,26.4899999995905,25.4073870250388
3.616,3,26.4899999996081,25.4343164634505
3.618,3,26.489999999625,25.4364733585037
3.62,3,26.4899999996411,25.4252084244009
3.622,3,26.4899999996566,25.4078986497092
3.624,3,26.4899999996713,25.3890741156831
3.626,3,26.4899999996855,25.4469987225072
3.628,3,26.489999999699,25.4644308428722
3.63,3,26.4899999997119,25.4585515088706
3.632,3,26.4899999997243,25.4408225560646
3.634,3,26.4899999997362,25.4185250530308
3.636,3,26.4899999997475,25.395992231566
3.638,3,26.4899999997584,25.4512567541243
3.64,3,26.4899999997688,25.3911513240908
3.642,3,26.4899999997787,25.4268595582594
3.644,3,26.4899999997883,25.434433356479
3.646,3,26.4899999997974,25.4262581060105
3.648,3,26.4899999998061,25.4104921801495
3.65,3,26.4899999998144,25.3922348695857
3.652,3,26.4899999998224,25.4501499713662
3.654,3,26.48999999983,25.4672660077566
3.656,3,26.4899999998374,25.4609383152614
3.658,3,26.4899999998443,25.4427347251589
3.66,3,26.489999999851,25.4199954175474
3.662,3,26.4899999998574,25.3970819025828
3.664,3,26.4899999998636,25.3763369719064
3.666,3,26.4899999998694,25.4344947109518
3.668,3,26.4899999998751,25.3775863183992
3.67,3,26.4899999998804,25.3406391376193
3.672,3,26.4899999998856,25.3936809201771
3.674,3,26.4899999998905,25.4894706467507
3.676,3,26.4899999998952,25.4472020750438
3.678,3,26.4899999998997,25.4111901840788
3.68,3,26.489999999904,25.3820686450639
3.682,3,26.4899999999082,25.3594952869423
3.684,3,26.4899999999121,25.4183402990286
3.686,3,26.4899999999159,25.4390916611255
3.688,3,26.4899999999195,25.437483054902
3.69,3,26.489999999923,25.4241106672085
3.692,3,26.4899999999263,25.3300866051396
3.694,3,26.4899999999295,25.2780370355253
3.696,3,26.4899999999325,25.3292046627258
3.698,3,26.4899999999354,25.4303586236517
3.7,3,26.4899999999382,25.4724833524547
3.702,3,26.4899999999408,25.4032766800355
3.704,3,26.4899999999434,25.3572364041782
3.706,3,26.4899999999458,25.3280926610445
3.708,3,26.4899999999481,25.3108346795732
3.71,3,26.4899999999504,25.3773165097217
3.712,3,26.4899999999525,25.4061887804528
3.714,3,26.4899999999546,25.3364587852588
3.716,3,26.4899999999565,25.2967341306792
3.718,3,26.4899999999584,25.2769292710139
3.72,3,26.4899999999602,25.2697004938733
3.722,3,26.4899999999619,25.2698908534339
3.724,3,26.4899999999635,25.2740183784389
3.726,3,26.4899999999651,25.3555367842226
3.728,3,26.4899999999666,25.3945762706673
3.73,3,26.489999999968,25.4071125565744
3.732,3,26.4899999999694,25.404279805891
3.734,3,26.4899999999707,25.3935317222318
3.736,3,26.489999999972,25.4553228199056
3.738,3,26.4899999999732,25.3982961162474
3.74,3,26.4899999999743,25.4349407934342
3.742,3,26.4899999999754,25.3665174082229
3.744,3,26.4899999999765,25.3245227831495
3.746,3,26.4899999999775,25.300764923888
3.748,3,26.4899999999785,25.3647748033688
3.75,3,26.4899999999794,25.3935668236532
3.752,3,26.4899999999803,25.4007386930492
3.754,3,26.4899999999811,25.3956746603518
3.756,3,26.489999999982,25.3845861300469
3.758,3,26.4899999999827,25.3713796752647
3.76,3,26.4899999999835,25.3583473481562
3.762,3,26.4899999999842,25.3466941066843
3.764,3,26.4899999999849,25.3369263354235
3.766,3,26.4899999999855,25.3291279549223
3.768,3,26.4899999999861,25.3231493413246
3.77,3,26.4899999999867,25.3944300276722
3.772,3,26.4899999999873,25.4241720569562
3.774,3,26.4899999999879,25.4288298645961
3.776,3,26.4899999999884,25.495351740796
3.778,3,26.4899999999889,-4935.49167309387
3.78,3,26.4899999999894,-7091.12485348322
3.782,3,26.4899999999898,-7538.16462080397
3.784,3,26.4899999999902,-7030.04532041735
3.786,3,26.4899999999907,-6062.7756235947
3.788,3,26.4899999999911,-4946.14832739028
3.79,3,26.4899999999915,-3860.01315811005
3.792,3,26.4899999999918,-2897.4096198929
3.794,3,26.4899999999922,-2095.67946557382
3.796,3,26.4899999999925,-1458.78040202585
3.798,3,26.4899999999928,-972.630237951572
3.8,3,26.4899999999931,-614.917595952897
3.802,3,26.4899999999934,-360.993866375565
3.804,3,26.4899999999937,-187.472624615876
3.806,3,26.489999999994,-74.0243014707961
3.808,3,26.4899999999943,-3.80432188998115
3.81,3,26.4899999999945,36.5111647324593
3.812,3,26.4899999999947,56.9023165710973
3.814,3,26.489999999995,64.6571004651271
3.816,3,26.4899999999952,64.9086881217602
3.818,3,26.4899999999954,61.1346705605089
3.82,3,26.4899999999956,55.5866431951183
3.822,3,26.4899999999958,49.6402655391656
3.824,3,26.489999999996,44.0683677280289
3.826,3,26.4899999999961,39.2460703492553
3.828,3,26.4899999999963,35.2237096987006
3.83,3,26.4899999999965,32.1762717232797
3.832,3,26.4899999999966,29.8737428045874
3.834,3,26.4899999999968,28.1956568675281
3.836,3,26.4899999999969,27.0161502205347
3.838,3,26.489999999997,26.2189033608224
3.84,3,26.4899999999971,25.7041661112272
3.842,3,26.4899999999973,25.3908681620744
3.844,3,26.4899999999974,25.2159008028487
3.846,3,26.4899999999975,25.1319611960146
3.848,3,26.4899999999976,25.1048429464844
3.85,3,26.4899999999977,25.1106988408274
3.852,3,26.4899999999978,25.1335589039261
3.854,3,26.4899999999979,25.1632295512787
3.856,3,26.489999999998,25.2693022081055
3.858,3,26.4899999999981,25.3299452627101
3.86,3,26.4899999999982,25.3603795983135
3.862,3,26.4899999999982,25.3717026134731
3.864,3,26.4899999999983,25.371717756766
3.866,3,26.4899999999984,25.4414008599587
3.868,3,26.4899999999985,25.4656552076098
3.87,3,26.4899999999985,25.3875937914645
3.872,3,26.4899999999986,25.4140788400528
3.874,3,26.4899999999987,25.4179961556591
3.876,3,26.4899999999987,25.409493521109
3.878,3,26.4899999999988,25.3952076291992
3.88,3,26.4899999999988,25.4549469289904
3.882,3,26.4899999999989,25.4725622041053
3.884,3,26.4899999999989,25.4659779967461
3.886,3,26.489999999999,25.4471402338894
3.888,3,26.489999999999,25.4236279731427
3.89,3,26.489999999999,25.3999437934592
3.892,3,26.4899999999991,25.3785054798287
3.894,3,26.4899999999991,25.3603805597591
3.896,3,26.4899999999992,25.3458112300796
3.898,3,26.4899999999992,25.3345757097015
3.9,3,26.4899999999992,25.4019256267595
3.902,3,26.4899999999993,25.4288319470638
3.904,3,26.4899999999993,25.4315178153963
3.906,3,26.4899999999993,25.4210240273008
3.908,3,26.4899999999994,25.4802373360005
3.91,3,26.4899999999994,25.4950760846158
3.912,3,26.4899999999994,25.4847893763792
3.914,3,26.4899999999994,25.4621207966242
3.916,3,26.4899999999995,25.5107863038239
3.918,3,26.4899999999995,25.5169858036118
3.92,3,26.4899999999995,25.5756290820681
3.922,3,26.4899999999995,25.5807490972499
3.924,3,26.4899999999995,25.556824681892
3.926,3,26.4899999999996,25.5197747492803
3.928,3,26.4899999999996,25.4793828497106
3.93,3,26.4899999999996,25.4411955027542
3.932,3,26.4899999999996,25.4836515016524
3.934,3,26.4899999999996,25.4892181310828
3.936,3,26.4899999999997,25.4745655988907
3.938,3,26.4899999999997,25.3748792496268
3.94,3,26.4899999999997,25.3153896386332
3.942,3,26.4899999999997,25.3589036119243
3.944,3,26.4899999999997,25.3773464864249
3.946,3,26.4899999999997,25.4562998951487
3.948,3,26.4899999999997,25.4840267807056
3.95,3,26.4899999999997,25.4060037527099
3.952,3,26.4899999999998,25.354993362197
3.954,3,26.4899999999998,25.3234208867473
3.956,3,26.4899999999998,25.3053289680982
3.958,3,26.4899999999998,25.3719095270752
3.96,3,26.4899999999998,25.3256691710632
3.962,3,26.4899999999998,25.2995343043463
3.964,3,26.4899999999998,25.2866992807921
3.966,3,26.4899999999998,25.2822226242329
3.968,3,26.4899999999998,25.282644555536
3.97,3,26.4899999999998,25.3613357344956
3.972,3,26.4899999999998,25.398295383665
3.974,3,26.4899999999998,25.409355619117
3.976,3,26.4899999999999,25.4055144431066
3.978,3,26.4899999999999,25.3941068038084
3.98,3,26.4899999999999,25.3797905442852
3.982,3,26.4899999999999,25.3653363393954
3.984,3,26.4899999999999,25.3522351535854
3.986,3,26.4899999999999,25.4168473631096
3.988,3,26.4899999999999,25.4408211957664
3.99,3,26.4899999999999,25.4407601428009
3.992,3,26.4899999999999,25.4278894893888
3.994,3,26.4899999999999,25.4094589196139
3.996,3,26.4899999999999,25.3898827746844
3.998,3,26.4899999999999,25.371627886414
4,3,26.4899999999999,25.2801802721495
4.002,3,26.4899999999999,25.3101289639498
4.004,3,26.4899999999999,25.2504536504291
4.006,3,26.4899999999999,25.2245786128659
4.008,3,26.4899999999999,25.2192799628758
4.01,3,26.4899999999999,25.2254757912575
4.012,3,26.4899999999999,25.2371890794187
4.014,3,26.4899999999999,25.2506882736087
4.016,3,26.4899999999999,25.2638074125564
4.018,3,26.4899999999999,25.2754290953745
4.02,3,26.4899999999999,25.2851053064397
4.022,3,26.4899999999999,25.292789169991
4.024,3,26.4899999999999,25.298652328252
4.026,3,26.4899999999999,25.3029659988722
4.028,3,26.4899999999999,25.3060277259444
4.03,3,26.4899999999999,25.308119724641
4.032,3,26.4899999999999,25.309488183089
4.034,3,26.4899999999999,25.2346368639881
4.036,3,26.4899999999999,25.2779298100329
4.038,3,26.4899999999999,25.3042466246509
4.04,3,26.4899999999999,25.3189142414939
4.042,3,26.4899999999999,25.3259227612151
4.044,3,26.4899999999999,25.403854583119
4.046,3,26.4899999999999,25.4362128938394
4.048,3,26.4899999999999,25.5167762619556
4.05,3,26.4899999999999,25.4636938971033
4.052,3,26.4899999999999,25.3445893950754
4.054,3,26.4899999999999,25.2020364142919
4.056,3,26.4899999999999,25.1367488179504
4.058,3,26.4899999999999,25.1191034757714
4.06,3,26.4899999999999,25.1286029552153
4.062,3,26.4899999999999,25.1516387467546
4.064,3,26.4899999999999,25.1796186851943
4.066,3,26.4899999999999,25.2074733798346
4.068,3,26.4899999999999,25.2325121451389
4.07,3,26.4899999999999,25.2535782034645
4.072,3,26.4899999999999,25.2704468405993
4.074,3,26.4899999999999,25.2834125056876
4.076,3,26.4899999999999,25.2930174096719
4.078,3,26.4899999999999,25.2998823583308
4.08,3,26.4899999999999,25.3046087938721
4.082,3,26.4899999999999,25.3077284736991
4.084,3,26.4899999999999,25.3096835162719
4.086,3,26.4899999999999,25.3865235260609
4.088,3,26.4899999999999,25.4200101791052
4.09,3,26.4899999999999,25.3513764984105
4.092,3,26.4899999999999,25.3107640897174
4.094,3,26.4899999999999,25.289101169788
4.096,3,26.4899999999999,25.2796803392545
4.098,3,26.4899999999999,25.2777169041557
4.1,3,26.4899999999999,25.279923605428
4.102,3,26.4899999999999,25.2841360697867
4.104,3,26.4899999999999,25.2890022722419
4.106,3,26.4899999999999,25.2937367790418
4.108,3,26.4899999999999,25.3736327050699
4.11,3,26.4899999999999,25.4100210743117
4.112,3,26.4899999999999,25.419619418675
4.114,3,26.4899999999999,25.4139857522306
4.116,3,26.4899999999999,25.4007862555459
4.118,3,26.4899999999999,25.3848553254184
4.12,3,26.4899999999999,25.3690402891768
4.122,3,26.4899999999999,25.3548479301533
4.124,3,26.4899999999999,25.3429215275121
4.126,3,26.4899999999999,25.333380442798
4.128,3,26.4899999999999,25.3260528992611
4.13,3,26.4899999999999,25.3963277538484
4.132,3,26.4899999999999,25.3496472484736
4.134,3,26.4899999999999,25.3209111486101
4.136,3,26.4899999999999,25.3045793132164
4.138,3,26.4899999999999,25.3721723530415
4.14,3,26.4899999999999,25.4021448390941
4.142,3,26.4899999999999,25.4090995277054
4.144,3,26.4899999999999,25.3273955931978
4.146,3,26.4899999999999,25.3578797409034
4.148,3,26.4899999999999,25.3694760423795
4.15,3,26.4899999999999,25.369856658255
4.152,3,26.4899999999999,25.3642194002361
4.154,3,26.4899999999999,25.3559297305575
4.156,3,26.4899999999999,25.3470439277412
4.158,3,26.4899999999999,25.3387172547385
4.16,3,26.4899999999999,25.3315105246745
4.162,3,26.4899999999999,25.3256122344228
4.164,3,26.4899999999999,25.3209937544483
4.166,3,26.4899999999999,25.3175135070041
4.168,3,26.4899999999999,25.3906825801376
4.17,3,26.4899999999999,25.4218013731897
4.172,3,26.4899999999999,25.4274272612754
4.174,3,26.4899999999999,25.4189048407586
4.176,3,26.4899999999999,25.403679538768
4.178,3,26.4899999999999,25.3863828746691
4.18,3,26.4899999999999,25.3696888532137
4.182,3,26.4899999999999,25.4306627180135
4.184,3,26.4899999999999,25.3756341126335
4.186,3,26.4899999999999,25.3398819269665
4.188,3,26.4899999999999,25.3179367081315
4.19,3,26.4899999999999,25.3812183172923
4.192,3,26.4899999999999,25.4079991072466
4.194,3,26.4899999999999,25.4126741604966
4.196,3,26.4899999999999,25.4807997363004
4.198,3,26.4899999999999,25.4246361648496
4.2,3,26.4899999999999,25.3834424959417
4.202,3,26.4899999999999,25.2785976537661
4.204,3,26.4899999999999,25.3015590163348
4.206,3,26.4899999999999,25.3147027310256
4.208,3,26.4899999999999,25.3213143512679
4.21,3,26.4899999999999,25.2480915391303
4.212,3,26.4899999999999,25.2909248971317
4.214,3,26.4899999999999,25.3157140914117
4.216,3,26.4899999999999,25.3284353731784
4.218,3,26.4899999999999,25.3334663907758
4.22,3,26.4899999999999,25.333900345953
4.222,3,26.4899999999999,25.3318402747313
4.224,3,26.4899999999999,25.3286536861536
4.226,3,26.4899999999999,25.3251809316568
4.228,3,26.4899999999999,25.3218983379426
4.23,3,26.4899999999999,25.3190411187517
4.232,3,26.4899999999999,25.3166927094727
4.234,3,26.4899999999999,25.3148473811101
4.236,3,26.4899999999999,25.3891513444887
4.238,3,26.4899999999999,25.4210263985503
4.24,3,26.4899999999999,25.4271320190212
4.242,3,26.4899999999999,25.4188945355488
4.244,3,26.4899999999999,25.4795210994182
4.246,3,26.4899999999999,25.4951840986445
4.248,3,26.4899999999999,25.4853262279966
4.25,3,26.4899999999999,25.4628333233293
4.252,3,26.4899999999999,25.4358232608876
4.254,3,26.4899999999999,25.4090703939226
4.256,3,26.4899999999999,25.3850950681304
4.258,3,26.4899999999999,25.3649670231164
4.26,3,26.4899999999999,25.3488769426651
4.262,3,26.4899999999999,25.3365279700278
4.264,3,26.4899999999999,25.4030915035407
4.266,3,26.4899999999999,25.4294634493474
4.268,3,26.4899999999999,25.431802057415
4.27,3,26.4899999999999,25.4210950533314
4.272,3,26.4899999999999,25.404488745604
4.274,3,26.4899999999999,25.3863758507981
4.276,3,26.4899999999999,25.2935483830365
4.278,3,26.4899999999999,25.3214419443677
4.28,3,26.4899999999999,25.3352531872956
4.282,3,26.4899999999999,25.2644935734335
4.284,3,26.4899999999999,25.2313225982505
4.286,3,26.4899999999999,25.2214680813062
4.288,3,26.4899999999999,25.2250187201237
4.29,3,26.4899999999999,25.2353666795458
4.292,3,26.4899999999999,25.3240166489984
4.294,3,26.4899999999999,25.4456685823182
4.296,3,26.4899999999999,25.4215130719615
4.298,3,26.4899999999999,25.3976946379416
4.3,3,26.4899999999999,25.3007078037171
4.302,3,26.4899999999999,25.1742791100403
4.304,3,26.4899999999999,25.1203286707328
4.306,3,26.4899999999999,25.1860479281208
4.308,3,26.4899999999999,25.157692122585
4.31,3,26.4899999999999,25.1576721358639
4.312,3,26.4899999999999,25.172763045749
4.314,3,26.4899999999999,25.1944218141328
4.316,3,26.4899999999999,25.2174449914274
4.318,3,26.4899999999999,25.2389233878127
4.32,3,26.4899999999999,25.2574582597936
4.322,3,26.4899999999999,25.2725942984515
4.324,3,26.4899999999999,25.2844241802089
4.326,3,26.4899999999999,25.2933236256101
4.328,3,26.4899999999999,25.299782194843
4.33,3,26.4899999999999,25.3043018308079
4.332,3,26.4899999999999,25.3073415392037
4.334,3,26.4899999999999,25.3092921291643
4.336,3,26.4899999999999,25.3104694754616
4.338,3,26.4899999999999,25.311118321573
4.34,3,26.4899999999999,25.311421327891
4.342,3,26.4899999999999,25.2358111059904
4.344,3,26.4899999999999,25.2028845872379
4.346,3,26.4899999999999,25.1959671359389
4.348,3,26.4899999999999,25.2036006880939
4.35,3,26.4899999999999,25.2182395701814
4.352,3,26.4899999999999,25.2351689600525
4.354,3,26.4899999999999,25.2516488063197
4.356,3,26.4899999999999,25.2662624560948
4.358,3,26.4899999999999,25.278438722999
4.36,3,26.4899999999999,25.2881136051527
4.362,3,26.4899999999999,25.2954998529339
4.364,3,26.4899999999999,25.3009367859952
4.366,3,26.4899999999999,25.3047977224054
4.368,3,26.4899999999999,25.3831361811666
4.37,3,26.4899999999999,25.417756138778
4.372,3,26.4899999999999,25.4256481292342
4.374,3,26.4899999999999,25.3428106913445
4.376,3,26.4899999999999,25.2954701175482
4.378,3,26.4899999999999,25.3474280491945
4.38,3,26.4899999999999,25.3715059140241
4.382,3,26.4899999999999,25.378341476085
4.384,3,26.4899999999999,25.375308637878
4.386,3,26.4899999999999,25.3673132053503
4.388,3,26.4899999999999,25.35746078861
4.39,3,26.4899999999999,25.3475906050504
4.392,3,26.4899999999999,25.3386850961274
4.394,3,26.4899999999999,25.331172899257
4.396,3,26.4899999999999,25.3251450535361
4.398,3,26.4899999999999,25.3962025199536
4.4,3,26.4899999999999,25.4256505883036
4.402,3,26.4899999999999,25.4300057280252
4.404,3,26.4899999999999,25.4205512481108
4.406,3,26.4899999999999,25.3289675517505
4.408,3,26.4899999999999,25.3540285718082
4.41,3,26.4899999999999,25.3631133059817
4.412,3,26.4899999999999,25.3627827075586
4.414,3,26.4899999999999,25.3574643943639
4.416,3,26.4899999999999,25.4257103990856
4.418,3,26.4899999999999,25.450747058789
4.42,3,26.4899999999999,25.4502730717458
4.422,3,26.4899999999999,25.360544431885
4.424,3,26.4899999999999,25.3077791546154
4.426,3,26.4899999999999,25.2799308126193
4.428,3,26.4899999999999,25.3438158527563
4.43,3,26.4899999999999,25.3746098730453
4.432,3,26.4899999999999,25.3847202036269
4.434,3,26.4899999999999,25.3071050298172
4.436,3,26.4899999999999,25.2660730236837
4.438,3,26.4899999999999,25.2485972018895
4.44,3,26.4899999999999,25.3211054703743
4.442,3,26.4899999999999,25.3587389016858
4.444,3,26.4899999999999,25.3740624723725
4.446,3,26.4899999999999,25.3759778406057
4.448,3,26.4899999999999,25.3705547904367
4.45,3,26.4899999999999,25.3617540604395
4.452,3,26.4899999999999,25.3520209171568
4.454,3,26.4899999999999,25.3427512251137
4.456,3,26.4899999999999,25.3346435315475
4.458,3,26.4899999999999,25.2522567060568
4.46,3,26.4899999999999,25.2140937231298
4.462,3,26.4899999999999,25.2032778427169
4.464,3,26.4899999999999,25.2081111781167
4.466,3,26.4899999999999,25.2965107085569
4.468,3,26.4899999999999,25.269345997605
4.47,3,26.4899999999999,25.2589413179093
4.472,3,26.4899999999999,25.2585001445859
4.474,3,26.4899999999999,25.2634151482432
4.476,3,26.4899999999999,25.2707010242175
4.478,3,26.4899999999999,25.2785319843818
4.48,3,26.4899999999999,25.2858807037524
4.482,3,26.4899999999999,25.292246998285
4.484,3,26.4899999999999,25.2974611266065
4.486,3,26.4899999999999,25.3015462952744
4.488,3,26.4899999999999,25.3046263020942
4.49,3,26.4899999999999,25.3068663627128
4.492,3,26.4899999999999,25.3084374710288
4.494,3,26.4899999999999,25.309496825536
4.496,3,26.4899999999999,25.3101787540196
4.498,3,26.4899999999999,25.3105921317691
4.5,3,26.4899999999999,25.310821517003
4.502,3,26.4899999999999,25.3109301562895
4.504,3,26.4899999999999,25.3109636904373
4.506,3,26.4899999999999,25.3109538681348
4.508,3,26.4899999999999,25.3109218971889
4.51,3,26.4899999999999,25.3108812717846
4.512,3,26.4899999999999,25.3865389589852
4.514,3,26.4899999999999,25.4193936633828
4.516,3,26.4899999999999,25.4261827870904
4.518,3,26.4899999999999,25.4184034393819
4.52,3,26.4899999999999,25.4036238371044
4.522,3,26.4899999999999,25.3865703218007
4.524,3,26.4899999999999,25.3699874492703
4.526,3,26.4899999999999,25.4309911094684
4.528,3,26.4899999999999,25.4516448980125
4.53,3,26.4899999999999,25.3730463921597
4.532,3,26.4899999999999,25.3249819125706
4.534,3,26.4899999999999,25.3736411534476
4.536,3,26.4899999999999,25.3933729957708
4.538,3,26.4899999999999,25.3200341057861
4.54,3,26.4899999999999,25.4314040409436
4.542,3,26.4899999999999,25.4788728443422
4.544,3,26.4899999999999,25.4118850649797
4.546,3,26.4899999999999,25.3661783101434
4.548,3,26.4899999999999,25.260630955121
4.55,3,26.4899999999999,25.2092920556633
4.552,3,26.4899999999999,25.1919245587293
4.554,3,26.4899999999999,25.1943850350513
4.556,3,26.4899999999999,25.2071751331501
4.558,3,26.4899999999999,25.2242107502463
4.56,3,26.4899999999999,25.2418287698222
4.562,3,26.4899999999999,25.25801850302
4.564,3,26.4899999999999,25.2718487979232
4.566,3,26.4899999999999,25.2830560228334
4.568,3,26.4899999999999,25.2917584934919
4.57,3,26.4899999999999,25.2982665062957
4.572,3,26.4899999999999,25.3029620984998
4.574,3,26.4899999999999,25.3062278546889
4.576,3,26.4899999999999,25.308408891706
4.578,3,26.4899999999999,25.3097962865755
4.58,3,26.4899999999999,25.3106235736331
4.582,3,26.4899999999999,25.3110705559992
4.584,3,26.4899999999999,25.3112706409507
4.586,3,26.4899999999999,25.3113193302948
4.588,3,26.4899999999999,25.3112824886378
4.59,3,26.4899999999999,25.3112036771753
4.592,3,26.4899999999999,25.3111102653992
4.594,3,26.4899999999999,25.3110182879716
4.596,3,26.4899999999999,25.3109361531607
4.598,3,26.4899999999999,25.3108673729058
4.6,3,26.4899999999999,25.3108125017643
4.602,3,26.4899999999999,25.3107704626573
4.604,3,26.4899999999999,25.3107394148044
4.606,3,26.4899999999999,25.3107172918916
4.608,3,26.4899999999999,25.3107021112845
4.61,3,26.4899999999999,25.3106921306454
4.612,3,26.4899999999999,25.3106859077281
4.614,3,26.4899999999999,25.2349833849636
4.616,3,26.4899999999999,25.2777882609929
4.618,3,26.4899999999999,25.303858802438
4.62,3,26.4899999999999,25.3184333806366
4.622,3,26.4899999999999,25.3254397503458
4.624,3,26.4899999999999,25.3277191794285
4.626,3,26.4899999999999,25.3272531888616
4.628,3,26.4899999999999,25.3253693062491
4.63,3,26.4899999999999,25.3229153220782
4.632,3,26.4899999999999,25.3203995529463
4.634,3,26.4899999999999,25.3180991359554
4.636,3,26.4899999999999,25.3161405888
4.638,3,26.4899999999999,25.3145576306991
4.64,3,26.4899999999999,25.3133311719023
4.642,3,26.4899999999999,25.3124158485047
4.644,3,26.4899999999999,25.3117567642148
4.646,3,26.4899999999999,25.311299358029
4.648,3,26.4899999999999,25.3109946326786
4.65,3,26.4899999999999,25.3108013933661
4.652,3,26.4899999999999,25.3106866714091
4.654,3,26.4899999999999,25.3863240559213
4.656,3,26.4899999999999,25.4191891448174
4.658,3,26.4899999999999,25.4260039908101
4.66,3,26.4899999999999,25.4182560049503
4.662,3,26.4899999999999,25.4035076763
4.664,3,26.4899999999999,25.4621812186755
4.666,3,26.4899999999999,25.4785142261809
4.668,3,26.4899999999999,25.4706588606893
4.67,3,26.4899999999999,25.4506813216567
4.672,3,26.4899999999999,25.3505129125466
4.674,3,26.4899999999999,25.3688700414812
4.676,3,26.4899999999999,25.3729154037731
4.678,3,26.4899999999999,25.4446292544632
4.68,3,26.4899999999999,25.3939488682585
4.682,3,26.4899999999999,25.358707599856
4.684,3,26.4899999999999,25.2594778697748
4.686,3,26.4899999999999,25.2873203097476
4.688,3,26.4899999999999,25.3044719646404
4.69,3,26.4899999999999,25.3142303923081
4.692,3,26.4899999999999,25.3190835637652
4.694,3,26.4899999999999,25.2451433001664
4.696,3,26.4899999999999,25.2121861681745
4.698,3,26.4899999999999,25.204334364368
4.7,3,26.4899999999999,25.2863428163461
4.702,3,26.4899999999999,25.3324727709099
4.704,3,26.4899999999999,25.3549191305759
4.706,3,26.4899999999999,25.3625218087115
4.708,3,26.4899999999999,25.3614593425679
4.71,3,26.4899999999999,25.3558814015391
4.712,3,26.4899999999999,25.3484462877212
4.714,3,26.4899999999999,25.3407547282975
4.716,3,26.4899999999999,25.3336855561623
4.718,3,26.4899999999999,25.3276459460833
4.72,3,26.4899999999999,25.322751393758
4.722,3,26.4899999999999,25.3189504699035
4.724,3,26.4899999999999,25.3161078151411
4.726,3,26.4899999999999,25.3140566772137
4.728,3,26.4899999999999,25.3126300226758
4.73,3,26.4899999999999,25.3873760713653
4.732,3,26.4899999999999,25.4196620618897
4.734,3,26.4899999999999,25.4261214521624
4.736,3,26.4899999999999,25.4181723410125
4.738,3,26.4899999999999,25.4033250277733
4.74,3,26.4899999999999,25.3862648996497
4.742,3,26.4899999999999,25.294009727383
4.744,3,26.4899999999999,25.2464639914939
4.746,3,26.4899999999999,25.2274503218882
4.748,3,26.4899999999999,25.2255267912387
4.75,3,26.4899999999999,25.2329057276187
4.752,3,26.4899999999999,25.2445165547196
4.754,3,26.4899999999999,25.2572379228875
4.756,3,26.4899999999999,25.2692958932417
4.758,3,26.4899999999999,25.2798100596951
4.76,3,26.4899999999999,25.2884633488141
4.762,3,26.4899999999999,25.2952703553046
4.764,3,26.4899999999999,25.3004210819926
4.766,3,26.4899999999999,25.2284813907521
4.768,3,26.4899999999999,25.1982354472245
4.77,3,26.4899999999999,25.1932061554699
4.772,3,26.4899999999999,25.2778179075057
4.774,3,26.4899999999999,25.2504784231457
4.776,3,26.4899999999999,25.2418427075914
4.778,3,26.4899999999999,25.244032327713
4.78,3,26.4899999999999,25.3274769290436
4.782,3,26.4899999999999,25.3703128776966
4.784,3,26.4899999999999,25.3872681737134
4.786,3,26.4899999999999,25.3130513250184
4.788,3,26.4899999999999,25.4246422972062
4.79,3,26.4899999999999,25.472896316977
4.792,3,26.4899999999999,25.4069170819466
4.794,3,26.4899999999999,25.362238412667
4.796,3,26.4899999999999,25.2576280947877
4.798,3,26.4899999999999,25.2070852027471
4.8,3,26.4899999999999,25.1903599520759
4.802,3,26.4899999999999,25.1933173006078
4.804,3,26.4899999999999,25.2064777167885
4.806,3,26.4899999999999,25.148080705514
4.808,3,26.4899999999999,25.1329910753587
4.81,3,26.4899999999999,25.1424826332509
4.812,3,26.4899999999999,25.1641443316309
4.814,3,26.4899999999999,25.1901573389725
4.816,3,26.4899999999999,25.2159231240905
4.818,3,26.4899999999999,25.2390141069419
4.82,3,26.4899999999999,25.1827009538348
4.822,3,26.4899999999999,25.1653055748206
4.824,3,26.4899999999999,25.1703783725637
4.826,3,26.4899999999999,25.1869307475295
4.828,3,26.4899999999999,25.2079704866642
4.83,3,26.4899999999999,25.2293263913844
4.832,3,26.4899999999999,25.2487431352442
4.834,3,26.4899999999999,25.2652095445639
4.836,3,26.4899999999999,25.2784776384135
4.838,3,26.4899999999999,25.2887308521238
4.84,3,26.4899999999999,25.2963645518736
4.842,3,26.4899999999999,25.3018480862777
4.844,3,26.4899999999999,25.3056439292274
4.846,3,26.4899999999999,25.3081652446034
4.848,3,26.4899999999999,25.3097581260861
4.85,3,26.4899999999999,25.3106987468199
4.852,3,26.4899999999999,25.3111987404676
4.854,3,26.4899999999999,25.311414440231
4.856,3,26.4899999999999,25.3114572631191
4.858,3,26.4899999999999,25.3114036799884
4.86,3,26.4899999999999,25.3113039807085
4.862,3,26.4899999999999,25.3111895317906
4.864,3,26.4899999999999,25.3110785138828
4.866,3,26.4899999999999,25.31098028245
4.868,3,26.4899999999999,25.3108985639395
4.87,3,26.4899999999999,25.3108337155673
4.872,3,26.4899999999999,25.3107842627888
4.874,3,26.4899999999999,25.3864468175551
4.876,3,26.4899999999999,25.419313211379
4.878,3,26.4899999999999,25.4261165082926
4.88,3,26.4899999999999,25.4183512593253
4.882,3,26.4899999999999,25.4035843245942
4.884,3,26.4899999999999,25.3865414634732
4.886,3,26.4899999999999,25.2942682023788
4.888,3,26.4899999999999,25.2466873108981
4.89,3,26.4899999999999,25.2276328552597
4.892,3,26.4899999999999,25.3013684794705
4.894,3,26.4899999999999,25.2659053935969
4.896,3,26.4899999999999,25.3271144343491
4.898,3,26.4899999999999,25.3581299506281
4.9,3,26.4899999999999,25.3699848880945
4.902,3,26.4899999999999,25.3704531900429
4.904,3,26.4899999999999,25.3648038117323
4.906,3,26.4899999999999,25.3564500002974
4.908,3,26.4899999999999,25.4231775656076
4.91,3,26.4899999999999,25.4476545598386
4.912,3,26.4899999999999,25.447187371336
4.914,3,26.4899999999999,25.4334658206209
4.916,3,26.4899999999999,25.414031182602
4.918,3,26.4899999999999,25.393468394811
4.92,3,26.4899999999999,25.2986346151271
4.922,3,26.4899999999999,25.3249564011632
4.924,3,26.4899999999999,25.3375826957989
4.926,3,26.4899999999999,25.4173591784885
4.928,3,26.4899999999999,25.3736693118017
4.93,3,26.4899999999999,25.3441569658787
4.932,3,26.4899999999999,25.2494180409342
4.934,3,26.4899999999999,25.2806478855783
4.936,3,26.4899999999999,25.3002642782388
4.938,3,26.4899999999999,25.3117522091722
4.94,3,26.4899999999999,25.3177721548417
4.942,3,26.4899999999999,25.3202823747305
4.944,3,26.4899999999999,25.2449745095105
4.946,3,26.4899999999999,25.2113048184947
4.948,3,26.4899999999999,25.2031600572692
4.95,3,26.4899999999999,25.2851282010727
4.952,3,26.4899999999999,25.331356540663
4.954,3,26.4899999999999,25.2782666099794
4.956,3,26.4899999999999,25.2531579311466
4.958,3,26.4899999999999,25.2454472451544
4.96,3,26.4899999999999,25.2477743461047
4.962,3,26.4899999999999,25.2552240134127
4.964,3,26.4899999999999,25.2646698283897
4.966,3,26.4899999999999,25.2742477434297
4.968,3,26.4899999999999,25.2829507931364
4.97,3,26.4899999999999,25.2903283998763
4.972,3,26.4899999999999,25.296271127412
4.974,3,26.4899999999999,25.3008622402182
4.976,3,26.4899999999999,25.3042795347194
4.978,3,26.4899999999999,25.3824325825338
4.98,3,26.4899999999999,25.4170231196942
4.982,3,26.4899999999999,25.4249717689734
4.984,3,26.4899999999999,25.4179302138575
4.986,3,26.4899999999999,25.4035907149881
4.988,3,26.4899999999999,25.386775135966
4.99,3,26.4899999999999,25.3702989189415
4.992,3,26.4899999999999,25.3556297903534
4.994,3,26.4899999999999,25.3433720032061
4.996,3,26.4899999999999,25.3336097610003
4.998,3,26.4899999999999,25.3261416614179
5,1,26.4899999999999,25.3206338920549
5.002,1,25.7304301075268,25.3167149841737
5.004,1,25.0035298878483,25.3140300528214
5.006,1,24.3078941937473,25.3122680814148
5.008,1,23.6421783144463,25.2354732228272
5.01,1,23.0050953761905,25.0505505570755
5.012,1,22.395413854634,24.5991275143078
5.014,1,21.8119551942196,23.8987598075188
5.016,1,21.2535915299521,23.0590770785038
5.018,1,20.7192435071584,22.1522847206639
5.02,1,20.2078781950226,21.2235067809429
5.022,1,19.7185070898603,20.2989737137768
5.024,1,19.2501842042749,19.3922528910258
5.026,1,18.8020042384997,18.508820564384
5.028,1,18.3731008303922,17.7249971577875
5.03,1,17.9626448806979,16.9959475120902
5.032,1,17.5698429503453,16.2923591469764
5.034,1,17.1939357266745,15.6717883633985
5.036,1,16.8341965556348,15.0810322955599
5.038,1,16.4899300371128,14.5644790002799
5.04,1,16.1604706806779,14.062774167427
5.042,1,15.8451816191433,13.5428040384034
5.044,1,15.5434533774598,13.0644136771209
5.046,1,15.2547026945583,12.6554092736004
5.048,1,14.9783713958676,12.2480703115869
5.05,1,14.7139253143249,11.8818221227064
5.052,1,14.4608532577948,11.5736311663001
5.054,1,14.2186660209004,11.2511151805549
5.056,1,13.9868954393563,10.9527920069162
5.058,1,13.7650934849754,10.6968119843663
5.06,1,13.5528313996001,10.4886739421501
5.062,1,13.3496988662839,10.2508891756513
5.064,1,13.1553032161212,10.0207649138626
5.066,1,12.9692686691913,9.89313657688248
5.068,1,12.7912356081508,9.7570575213117
5.07,1,12.620859883069,9.62990292789314
5.072,1,12.4578121461628,9.52005659663225
5.074,1,12.3017772151451,9.43028059121378
5.076,1,12.152453463956,9.36006680810253
5.078,1,12.0095522396999,9.2315146901038
5.08,1,11.872797304659,9.16024252869744
5.082,1,11.7419243023081,9.12654685702987
5.084,1,11.6166802462948,9.04051403346344
5.086,1,11.4968230314004,8.93506564963685
5.088,1,11.3821209655337,8.82967204555741
5.09,1,11.2723523218549,8.81040850001527
5.092,1,11.1673049101622,8.76327262647296
5.094,1,11.0667756667144,8.63022817315187
5.096,1,10.9705702616944,8.54020633933831
5.098,1,10.878502723557,8.48200936808393
5.1,1,10.790395079533,8.44652552246523
5.102,1,10.7060770115961,8.42665464336403
5.104,1,10.6253855272264,8.34137100372862
5.106,1,10.5481646443349,8.30532474302398
5.108,1,10.4742650897399,8.29908993727316
5.11,1,10.4035440106113,8.23366731151496
5.112,1,10.3358646983269,8.21884105778159
5.114,1,10.2710963242053,8.15675763843062
5.116,1,10.2091136866051,8.15130256130979
5.118,1,10.1497969689017,8.10088172352275
5.12,1,10.0930315078736,8.10715997588445
5.122,1,10.0387075720511,8.06735215782994
5.124,1,9.98672014959731,8.00689968953342
5.126,1,9.93696874531355,8.01710463751053
5.128,1,9.88935718637534,7.98827867597653
5.13,1,9.84379343642371,7.94148607628198
5.132,1,9.8001894176528,7.88973174131685
5.134,1,9.75846084054945,7.91613862842997
5.136,1,9.71852704095593,7.90591663827251
5.138,1,9.68031082414062,7.87717265766516
5.14,1,9.64373831557543,7.91708841311809
5.142,1,9.60873881813133,7.91397573809696
5.144,1,9.575244675416,7.88822710963811
5.146,1,9.5431911409895,7.85295006655716
5.148,1,9.51251625320501,7.81607408814967
5.15,1,9.48316071543275,7.78198505563754
5.152,1,9.45506778143564,7.82844541910996
5.154,1,9.42818314567497,7.76187218554562
5.156,1,9.40245483833411,7.79299672947002
5.158,1,9.37783312485737,7.7974438563908
5.16,1,9.35427040980975,7.78722742086083
5.162,1,9.33172114487169,7.7702005582584
5.164,1,9.31014174079119,7.75122279613272
5.166,1,9.28949048312275,7.73307782615442
5.168,1,9.26972745159059,7.71716774550501
5.17,1,9.25081444292003,7.77971850847496
5.172,1,9.23271489698798,7.80223289762406
5.174,1,9.21539382614979,7.80117743611435
5.176,1,9.19881774760571,7.78765847934494
5.178,1,9.18295461867644,7.76882813771801
5.18,1,9.1677737748624,7.7490241961625
5.182,1,9.15324587056724,7.73065569269345
5.184,1,9.1393428223708,7.71486547688359
5.186,1,9.12603775474195,7.7020084600374
5.188,1,9.11330494808638,7.69198438905242
5.19,1,9.1011197890289,7.68446020748614
5.192,1,9.08945872283411,7.67901159732809
5.194,1,9.0782992078735,7.67520745755327
5.196,1,9.06761967205099,7.67265561833592
5.198,1,9.05739947110256,7.67102337394137
5.2,1,9.04761884868954,7.670042562184
5.202,1,9.03825889820827,7.66950590265064
5.204,1,9.02930152624233,7.66925903541627
5.206,1,9.02072941758674,7.66919105296927
5.208,1,9.01252600177656,7.66922516316504
5.21,1,9.00467542105499,7.66931034357313
5.212,1,8.99716249971929,7.59371543045059
5.214,1,8.98997271478513,7.63662593683571
5.216,1,8.98309216791265,7.66279062796433
5.218,1,8.97650755854006,7.67744394204336
5.22,1,8.97020615817275,7.68451305792857
5.222,1,8.96417578577822,7.68684051452813
5.224,1,8.95840478423937,7.68640996322531
5.226,1,8.95288199782047,7.68455130998696
5.228,1,8.94759675060239,7.682114621142
5.23,1,8.9425388258453,7.67961020984714
5.232,1,8.93769844623905,7.67731686379503
5.234,1,8.93306625500296,7.67536240389029
5.236,1,8.92863329779853,7.6737815387141
5.238,1,8.9243910054201,7.67255590288528
5.24,1,8.92033117722999,7.67164064407958
5.242,1,8.91644596530612,7.67098121363292
5.244,1,8.91272785927144,7.67052327644005
5.246,1,8.9091696717759,7.67021797392664
5.248,1,8.90576452460274,7.67002418980405
5.25,1,8.90250583537252,7.66990899405846
5.252,1,8.89938730481886,7.66984707173596
5.254,1,8.8964029046116,7.66981966678992
5.256,1,8.89354686570357,7.6698133715921
5.258,1,8.89081366717869,7.66981895362078
5.26,1,8.8881980255796,7.66983031777368
5.262,1,8.88569488469446,7.66984364341257
5.264,1,8.88329940578287,7.66985669974615
5.266,1,8.88100695822232,7.66986832387527
5.268,1,8.87881311055684,7.66987803708401
5.27,1,8.87671362193074,7.66988577271666
5.272,1,8.87470443389071,7.66989169041115
5.274,1,8.87278166254057,7.66989605471078
5.276,1,8.87094159103345,7.66989915998663
5.278,1,8.86918066238685,7.74560020513737
5.28,1,8.86749547260677,7.70279487180688
5.282,1,8.86588276410755,7.67672446223512
5.284,1,8.86433941941475,7.66215031704734
5.286,1,8.86286245513885,7.73084341585878
5.288,1,8.86144901620815,7.76145673430189
5.29,1,8.86009637034973,7.76874414375919
5.292,1,8.85880190280781,7.76287472158145
5.294,1,8.85756311128919,7.75056924229411
5.296,1,8.85637760112622,7.73604649919862
5.298,1,8.85524308064767,7.72177482756474
5.3,1,8.85415735674884,7.70904558711745
5.302,1,8.85311833065212,7.69839511110125
5.304,1,8.85212399384988,7.68990421159962
5.306,1,8.85117242422193,7.68340283671406
5.308,1,8.85026178231991,7.75430287264692
5.31,1,8.84939030781153,7.70807867737813
5.312,1,8.8485563160777,7.75536272556747
5.314,1,8.84775819495608,7.77214057882393
5.316,1,8.84699440162463,7.77099633546659
5.318,1,8.84626345961927,7.7604087946223
5.32,1,8.84556395597973,7.74583094750612
5.322,1,8.84489453851824,7.73056420755157
5.324,1,8.84425391320563,7.71643691032158
5.326,1,8.8436408416699,7.70431148297365
5.328,1,8.84305413880238,7.69445020310851
5.33,1,8.84249267046679,7.68676945719971
5.332,1,8.84195535130693,7.68100945165603
5.334,1,8.84144114264857,7.67684209262638
5.336,1,8.84094905049164,7.67393524948542
5.338,1,8.84047812358877,7.67198741914116
5.34,1,8.84002745160646,7.67074318655213
5.342,1,8.83959616336532,7.6699969197107
5.344,1,8.83918342515606,7.74528874413162
5.346,1,8.83878843912784,7.77799486812069
5.348,1,8.838410441746,7.78476593271363
5.35,1,8.83804870231606,7.70134098575379
5.352,1,8.83770252157129,7.65375531053849
5.354,1,8.83737123032091,7.62997598859649
5.356,1,8.83705418815657,7.62123736220402
5.358,1,8.83675078221435,7.62138104340993
5.36,1,8.83646042599008,7.70194559113201
5.362,1,8.83618255820556,7.66604206063112
5.364,1,8.8359166417236,7.64727911404224
5.366,1,8.83566216250968,7.63950751594252
5.368,1,8.8354186286383,7.71406255147071
5.37,1,8.83518556934203,7.6737587967298
5.372,1,8.83496253410151,7.72758691571302
5.374,1,8.83474909177457,7.67489657368598
5.376,1,8.83454482976276,7.7220077542264
5.378,1,8.83434935321382,7.66628651887614
5.38,1,8.83416228425839,7.63693245937995
5.382,1,8.83398326127953,7.62453475456158
5.384,1,8.83381193821374,7.62240194129743
5.386,1,8.83364798388197,7.62595296458636
5.388,1,8.83349108134941,7.63218419081143
5.39,1,8.83334092731288,7.63922952896823
5.392,1,8.83319723151448,7.64601361222737
5.394,1,8.83305971618052,7.65198882974821
5.396,1,8.83292811548458,7.65694302214981
5.398,1,8.83280217503363,7.66086383520342
5.4,1,8.83268165137627,7.73954558964823
5.402,1,8.83256631153213,7.6989271650287
5.404,1,8.8324559325415,7.75010348069973
5.406,1,8.83235030103434,7.69377687642014
5.408,1,8.83224921281781,7.73708575667906
5.41,1,8.83215247248156,7.67784896001135
5.412,1,8.83205989301999,7.64547920309356
5.414,1,8.83197129547074,7.63062997037028
5.416,1,8.83188650856877,7.62658840577737
5.418,1,8.83180536841528,7.62870847749725
5.42,1,8.83172771816086,7.6339047487195
5.422,1,8.83165340770232,7.64022842691592
5.424,1,8.83158229339255,7.64652912704908
5.426,1,8.83151423776276,7.65219572088606
5.428,1,8.83144910925683,7.65696493291183
5.43,1,8.83138678197697,7.66078495019082
5.432,1,8.83132713544033,7.66372182734658
5.434,1,8.83127005434612,7.66589794776002
5.436,1,8.83121542835274,7.66745365107679
5.438,1,8.83116315186445,7.66852500042364
5.44,1,8.83111312382727,7.66923234975467
5.442,1,8.83106524753362,7.66967579828732
5.444,1,8.8310194304354,7.66993476582643
5.446,1,8.83097558396506,7.67006980730029
5.448,1,8.83093362336441,7.67012544217628
5.45,1,8.83089346752078,7.67013324576824
5.452,1,8.83085503881021,7.67011477508802
5.454,1,8.83081826294741,7.67008411770269
5.456,1,8.83078306884214,7.67004998801474
5.458,1,8.83074938846183,7.67001737532771
5.46,1,8.83071715670003,7.66998879026292
5.462,1,8.83068631125057,7.66996517399692
5.464,1,8.8306567924871,7.66994653797307
5.466,1,8.83062854334788,7.66993239676265
5.468,1,8.83060150922539,7.66992204791039
5.47,1,8.83057563786085,7.66991474256991
5.472,1,8.83055087924318,7.66990978106651
5.474,1,8.83052718551229,7.6699065589999
5.476,1,8.8305045108666,7.66990458242233
5.478,1,8.83048281147449,7.59420454735516
5.48,1,8.83046204538957,7.63701072783132
5.482,1,8.83044217246958,7.58738289638241
5.484,1,8.83042315429885,7.5690653723177
5.486,1,8.83040495411395,7.56925066457533
5.488,1,8.83038753673271,7.65498246186392
5.49,1,8.83037086848614,7.70216814998001
5.492,1,8.8303549171534,7.72414365089723
5.494,1,8.83033965189949,7.73050794886648
5.496,1,8.83032504321564,7.7279200761714
5.498,1,8.83031106286228,7.720814235026
5.5,1,8.83029768381444,7.71200068919641
5.502,1,8.83028488020952,7.70314644134149
5.504,1,8.83027262729728,7.69514437002126
5.506,1,8.83026090139202,7.68838645999431
5.508,1,8.83024967982678,7.60726000973112
5.51,1,8.83023894090949,7.57018533463331
5.512,1,8.83022866388113,7.56025860242362
5.514,1,8.83021882887549,7.56578713683862
5.516,1,8.83020941688084,7.5790109197018
5.518,1,8.83020040970317,7.59503274605835
5.52,1,8.830191789931,7.68666414221045
5.522,1,8.83018354090171,7.73386869518042
5.524,1,8.83017564666937,7.75272553661023
5.526,1,8.83016809197392,7.75460601708003
5.528,1,8.8301608622116,7.74724894689604
5.53,1,8.8301539434068,7.73569244190383
5.532,1,8.830147322185,7.72303734026391
5.534,1,8.83014098574693,7.71104546506993
5.536,1,8.83013492184384,7.70059077907071
5.538,1,8.83012911875378,7.69198757289765
5.54,1,8.830123565259,7.68522069552448
5.542,1,8.8301182506242,7.68010082989424
5.544,1,8.83011316457585,7.75206339451194
5.546,1,8.83010829728226,7.78232569479887
5.548,1,8.83010363933464,7.78736625424385
5.55,1,8.83009918172885,7.778460861959
5.552,1,8.83009491584804,7.6872993669013
5.554,1,8.83009083344597,7.63697434400925
5.556,1,8.83008692663109,7.68908950891587
5.558,1,8.83008318785126,7.71498426316315
5.56,1,8.83007960987916,7.72434233905204
5.562,1,8.83007618579834,7.72395929808208
5.564,1,8.83007290898981,7.71842000699254
5.566,1,8.83006977311928,7.71067806116104
5.568,1,8.8300667721249,7.70252573861665
5.57,1,8.83006390020555,7.69495920134985
5.572,1,8.83006115180961,7.68845179757496
5.574,1,8.83005852162425,7.6831513887075
5.576,1,8.83005600456515,7.67901769021663
5.578,1,8.83005359576664,7.67591407231463
5.58,1,8.83005129057238,7.67366601783967
5.582,1,8.83004908452626,7.6720960318811
5.584,1,8.83004697336384,7.67104254980965
5.586,1,8.8300449530041,7.67036844696165
5.588,1,8.83004301954156,7.66996316395315
5.59,1,8.8300411692387,7.6697412180307
5.592,1,8.83003939851875,7.66963893434415
5.594,1,8.83003770395881,7.66961055067804
5.596,1,8.83003608228316,7.66962437255032
5.598,1,8.830034530357,7.66965933464703
5.6,1,8.83003304518036,7.66970211828876
5.602,1,8.83003162388228,7.66974484987527
5.604,1,8.8300302637153,7.66978333626696
5.606,1,8.83002896205013,7.66981576062642
5.608,1,8.83002771637055,7.66984175249746
5.61,1,8.83002652426859,7.66986174921062
5.612,1,8.83002538343983,7.66987657565294
5.614,1,8.83002429167898,7.66988718194717
5.616,1,8.83002324687558,7.6698944912198
5.618,1,8.83002224700997,7.66989932109314
5.62,1,8.83002129014933,7.66990235223825
5.622,1,8.83002037444398,7.66990412512264
5.624,1,8.83001949812381,7.66990505211394
5.626,1,8.83001865949482,7.59420651890027
5.628,1,8.83001785693591,7.56131438791856
5.63,1,8.83001708889565,7.55449335475435
5.632,1,8.83001635388939,7.56224688412722
5.634,1,8.8300156504963,7.57700646407934
5.636,1,8.83001497735667,7.59404502366889
5.638,1,8.83001433316929,7.61061711811989
5.64,1,8.83001371668889,7.62530488882658
5.642,1,8.83001312672378,7.63753829559936
5.644,1,8.83001256213351,7.6472556236809
5.646,1,8.83001202182669,7.6546722931978
5.648,1,8.83001150475887,7.66013023407816
5.65,1,8.83001100993054,7.66400508533006
5.652,1,8.83001053638514,7.66665338587447
5.654,1,8.83001008320728,7.66838630130634
5.656,1,8.83000964952095,7.66946009292465
5.658,1,8.83000923448779,7.67007645456706
5.66,1,8.83000883730552,7.6703880778062
5.662,1,8.83000845720635,7.67050645569343
5.664,1,8.83000809345554,7.67051010991989
5.666,1,8.83000774534993,7.67045223175812
5.668,1,8.8300074122166,7.67036725629629
5.67,1,8.83000709341158,7.67027621904207
5.672,1,8.83000678831861,7.67019093460024
5.674,1,8.83000649634792,7.67011713484883
5.676,1,8.8300062169351,7.67005674258548
5.678,1,8.83000594954005,7.67000945979791
5.68,1,8.83000569364585,7.66997383372967
5.682,1,8.83000544875786,7.66994793928546
5.684,1,8.83000521440268,7.66992978951336
5.686,1,8.83000499012729,7.59421864290714
5.688,1,8.83000477549816,7.56131858975497
5.69,1,8.83000457010039,7.55449291771054
5.692,1,8.83000437353694,7.56224401672368
5.694,1,8.83000418542782,7.57700258378649
5.696,1,8.83000400540942,7.59404098626367
5.698,1,8.83000383313374,7.61061339541665
5.7,1,8.83000366826778,7.62530170134146
5.702,1,8.83000351049282,7.63753570808972
5.704,1,8.83000335950388,7.6472536114608
5.706,1,8.83000321500909,7.6546707863256
5.708,1,8.83000307672913,7.66012914538444
5.71,1,8.83000294439669,7.66400432706273
5.712,1,8.83000281775598,7.66665287863164
5.714,1,8.83000269656217,7.66838597797496
5.716,1,8.830002580581,7.66945989956796
5.718,1,8.83000246958827,7.67007634959764
5.72,1,8.83000236336942,7.67038803032567
5.722,1,8.83000226171912,7.67050644355257
5.724,1,8.83000216444088,7.74620903549723
5.726,1,8.83000207134665,7.77904335546028
5.728,1,8.83000198225647,7.78577929379479
5.73,1,8.83000189699813,7.77793452013171
5.732,1,8.83000181540681,7.76308942238994
5.734,1,8.8300017373248,7.74597683870186
5.736,1,8.83000166260115,7.729344154582
5.738,1,8.83000159109142,7.71460893753061
5.74,1,8.83000152265739,7.70233977532307
5.742,1,8.83000145716674,7.69259645442947
5.744,1,8.83000139449291,7.6851615630103
5.746,1,8.83000133451472,7.6796913421791
5.748,1,8.83000127711624,7.75150750893966
5.75,1,8.8300012221865,7.78174661222492
5.752,1,8.83000116961934,7.78683195597037
5.754,1,8.83000111931313,7.77800317621989
5.756,1,8.83000107117063,7.76262662113145
5.758,1,8.83000102509878,7.74527633606157
5.76,1,8.83000098100851,7.7285860441781
5.762,1,8.83000093881459,7.71389493262538
5.764,1,8.83000089843547,7.70171975734266
5.766,1,8.83000085979309,7.69208774447957
5.768,1,8.83000082281274,7.68476241120429
5.77,1,8.83000078742294,7.67939000250583
5.772,1,8.83000075355529,7.67558914696885
5.774,1,8.83000072114431,7.67300138770279
5.776,1,8.83000069012735,7.67131586433296
5.778,1,8.83000066044445,7.67027777608244
5.78,1,8.83000063203824,7.66968736150531
5.782,1,8.8300006048538,7.66939392230699
5.784,1,8.83000057883858,7.66928779445015
5.786,1,8.8300005539423,7.66929201715473
5.788,1,8.83000053011683,7.66935466304798
5.79,1,8.8300005073161,7.66944227783088
5.792,1,8.83000048549605,7.66953455902721
5.794,1,8.8300004646145,7.66962022060972
5.796,1,8.83000044463108,7.66969389809278
5.798,1,8.83000042550717,7.66975391386571
5.8,1,8.83000040720578,7.66980072176748
5.802,1,8.83000038969156,7.66983586735391
5.804,1,8.83000037293063,7.66986132575433
5.806,1,8.8300003568906,7.59418018853631
5.808,1,8.83000034154047,7.56129993196522
5.81,1,8.83000032685056,7.55448665709334
5.812,1,8.83000031279247,7.562244984293
5.814,1,8.83000029933903,7.57700730999743
5.816,1,8.83000028646423,7.66974616783557
5.818,1,8.83000027414319,7.71921096689281
5.82,1,8.83000026235208,7.74071965250281
5.822,1,8.83000025106812,7.66950013671743
5.824,1,8.83000024026949,7.63156507756288
5.826,1,8.83000022993532,7.61512164270608
5.828,1,8.83000022004563,7.61176064519354
5.83,1,8.8300002105813,7.61570704296633
5.832,1,8.83000020152404,7.62316031850063
5.834,1,8.83000019285634,7.63174788529401
5.836,1,8.83000018456145,7.64009270794061
5.838,1,8.83000017662332,7.64748449615129
5.84,1,8.83000016902662,7.65363857721974
5.842,1,8.83000016175665,7.6585253177912
5.844,1,8.83000015479938,7.66225399857671
5.846,1,8.83000014814134,7.66499718499471
5.848,1,8.83000014176967,7.66694415493784
5.85,1,8.83000013567205,7.59257549889147
5.852,1,8.83000012983669,7.56055344609411
5.854,1,8.83000012425232,7.55427144871504
5.856,1,8.83000011890813,7.56233429826559
5.858,1,8.8300001137938,7.57725018320392
5.86,1,8.83000010889945,7.59434803196272
5.862,1,8.8300001042156,7.61092183423411
5.864,1,8.83000009973321,7.70127935896816
5.866,1,8.83000009544361,7.74636220769018
5.868,1,8.83000009133851,7.76285467628177
5.87,1,8.83000008740997,7.68677582731739
5.872,1,8.8300000836504,7.64454468387768
5.874,1,8.83000008005253,7.54883058316872
5.876,1,8.83000007660941,7.50974438947546
5.878,1,8.83000007331438,7.50471037889355
5.88,1,8.83000007016108,7.51833014822168
5.882,1,8.83000006714339,7.54055207036303
5.884,1,8.83000006425551,7.5651675251495
5.886,1,8.83000006149183,7.58862978595226
5.888,1,8.83000005884702,7.60916152059678
5.89,1,8.83000005631597,7.62610427025919
5.892,1,8.83000005389377,7.63946115714706
5.894,1,8.83000005157576,7.64958775652097
5.896,1,8.83000004935745,7.65699248103894
5.898,1,8.83000004723455,7.66221505937281
5.9,1,8.83000004520296,7.66575864910125
5.902,1,8.83000004325874,7.66805724809159
5.904,1,8.83000004139815,7.66946514373216
5.906,1,8.83000003961759,7.67025915427393
5.908,1,8.8300000379136,7.6706474698317
5.91,1,8.83000003628291,7.67078113981464
5.912,1,8.83000003472235,7.67076583769365
5.914,1,8.83000003322892,7.6706726125103
5.916,1,8.83000003179972,7.59484812130047
5.918,1,8.83000003043199,7.63752442239339
5.92,1,8.83000002912309,7.58777663841972
5.922,1,8.83000002787048,7.56935629376386
5.924,1,8.83000002667175,7.56945804832333
5.926,1,8.83000002552458,7.5794259168968
5.928,1,8.83000002442675,7.59367070067655
5.93,1,8.83000002337613,7.60879007189681
5.932,1,8.83000002237071,7.62288355920442
5.934,1,8.83000002140853,7.63503906415768
5.936,1,8.83000002048773,7.64496151851572
5.938,1,8.83000001960654,7.65271398238892
5.94,1,8.83000001876325,7.65854424949506
5.942,1,8.83000001795623,7.66277415898197
5.944,1,8.83000001718391,7.66573326746398
5.946,1,8.83000001644482,7.66772272064634
5.948,1,8.83000001573752,7.66899879338213
5.95,1,8.83000001506063,7.66976854165099
5.952,1,8.83000001441286,7.67019234186271
5.954,1,8.83000001379296,7.67038985192572
5.956,1,8.83000001319971,7.67044720850004
5.958,1,8.83000001263198,7.67042417305438
5.96,1,8.83000001208867,7.67036054533818
5.962,1,8.83000001156873,7.67028155324698
5.964,1,8.83000001107115,7.67020216493396
5.966,1,8.83000001059497,7.67013040066427
5.968,1,8.83000001013927,7.67006978445538
5.97,1,8.83000000970318,7.67002109507699
5.972,1,8.83000000928583,7.66998357064528
5.974,1,8.83000000888644,7.66995570298078
5.976,1,8.83000000850423,7.66993573482311
5.978,1,8.83000000813846,7.66992194953473
5.98,1,8.83000000778842,7.66991282156359
5.982,1,8.83000000745343,7.66990707781224
5.984,1,8.83000000713285,7.66990370544405
5.986,1,8.83000000682606,7.59420301268265
5.988,1,8.83000000653247,7.56131007625972
5.99,1,8.8300000062515,7.55448903917029
5.992,1,8.83000000598262,7.56224299238129
5.994,1,8.8300000057253,7.57700318242762
5.996,1,8.83000000547905,7.59404239121131
5.998,1,8.8300000052434,7.61061509163169
6,1,8.83000000501787,7.62530338545332
6.002,1,8.83000000480205,7.63753721953302
6.004,1,8.83000000459551,7.64725488166208
6.006,1,8.83000000439785,7.65467180253063
6.008,1,8.8300000042087,7.66012992586097
6.01,1,8.83000000402768,7.66400490481666
6.012,1,8.83000000385445,7.74235220894633
6.014,1,8.83000000368866,7.77697736774095
6.016,1,8.83000000353001,7.70917318525239
6.018,1,8.83000000337818,7.66914364085665
6.02,1,8.83000000323289,7.64787455131486
6.022,1,8.83000000309384,7.63870788701592
6.024,1,8.83000000296077,7.63689906271526
6.026,1,8.83000000283342,7.63919203142069
6.028,1,8.83000000271156,7.6434458076355
6.03,1,8.83000000259493,7.64832527389557
6.032,1,8.83000000248332,7.65305677993132
6.034,1,8.83000000237651,7.65724241126177
6.036,1,8.8300000022743,7.66072387183247
6.038,1,8.83000000217648,7.66348625557286
6.04,1,8.83000000208286,7.66559258446487
6.042,1,8.83000000199328,7.66714121243795
6.044,1,8.83000000190755,7.66823962560296
6.046,1,8.8300000018255,7.66898957098125
6.048,1,8.83000000174699,7.66947969342958
6.05,1,8.83000000167185,7.66978290271148
6.052,1,8.83000000159994,7.66995652258562
6.054,1,8.83000000153113,7.67004390857908
6.056,1,8.83000000146527,7.67007668920779
6.058,1,8.83000000140225,7.67007711842622
6.06,1,8.83000000134194,7.67006025520744
6.062,1,8.83000000128422,7.67003583583231
6.064,1,8.83000000122898,7.67000979753941
6.066,1,8.83000000117612,7.66998546590104
6.068,1,8.83000000112554,7.66996444570315
6.07,1,8.83000000107713,7.66994726580679
6.072,1,8.8300000010308,7.66993382918293
6.074,1,8.83000000098646,7.66992371464871
6.076,1,8.83000000094404,7.66991636974829
6.078,1,8.83000000090343,7.66991122655509
6.08,1,8.83000000086457,7.66990776494574
6.082,1,8.83000000082739,7.59420662394332
6.084,1,8.8300000007918,7.5613130920969
6.086,1,8.83000000075775,7.55449143987097
6.088,1,8.83000000072516,7.56224482814566
6.09,1,8.83000000069397,7.57700453578017
6.092,1,8.83000000066412,7.59404335376675
6.094,1,8.83000000063555,7.61061575081017
6.096,1,8.83000000060822,7.62530381780997
6.098,1,8.83000000058206,7.63753748827424
6.1,1,8.83000000055702,7.64725503663837
6.102,1,8.83000000053306,7.65467188155076
6.104,1,8.83000000051014,7.66012995658157
6.106,1,8.8300000004882,7.66400490675148
6.108,1,8.8300000004672,7.59095435998859
6.11,1,8.8300000004471,7.55979513540349
6.112,1,8.83000000042787,7.6297469660505
6.114,1,8.83000000040947,7.67100927175774
6.116,1,8.83000000039186,7.69290162771039
6.118,1,8.830000000375,7.70230505610131
6.12,1,8.83000000035888,7.70412119015812
6.122,1,8.83000000034344,7.70171246256377
6.124,1,8.83000000032867,7.69728873105004
6.126,1,8.83000000031453,7.69222718537356
6.128,1,8.830000000301,7.6873251057463
6.13,1,8.83000000028806,7.68299187077671
6.132,1,8.83000000027567,7.67938962225586
6.134,1,8.83000000026381,7.67653267023479
6.136,1,8.83000000025247,7.67435508715041
6.138,1,8.83000000024161,7.67275466878231
6.14,1,8.83000000023122,7.67161995500857
6.142,1,8.83000000022127,7.67084555104707
6.144,1,8.83000000021175,7.67033969825978
6.146,1,8.83000000020265,7.67002696514264
6.148,1,8.83000000019393,7.66984807076407
6.15,1,8.83000000018559,7.669758196622
6.152,1,8.83000000017761,7.66972465912615
6.154,1,8.83000000016997,7.66972447087572
6.156,1,8.83000000016266,7.66974208333499
6.158,1,8.83000000015566,7.66976744901933
6.16,1,8.83000000014897,7.66979444530315
6.162,1,8.83000000014256,7.6698196466117
6.164,1,8.83000000013643,7.66984140355296
6.166,1,8.83000000013056,7.66985917660128
6.168,1,8.83000000012494,7.66987307127108
6.17,1,8.83000000011957,7.6698835266041
6.172,1,8.83000000011443,7.66989111615072
6.174,1,8.83000000010951,7.66989642857483
6.176,1,8.8300000001048,7.66990000250053
6.178,1,8.83000000010029,7.66990229671038
6.18,1,8.83000000009597,7.74560259981093
6.182,1,8.83000000009184,7.70279663446753
6.184,1,8.8300000000879,7.676725713933
6.186,1,8.83000000008411,7.66215117275745
6.188,1,8.8300000000805,7.6551450582927
6.19,1,8.83000000007703,7.6528659756204
6.192,1,8.83000000007372,7.65333232701858
6.194,1,8.83000000007055,7.65521654253979
6.196,1,8.83000000006752,7.65767081187365
6.198,1,8.83000000006461,7.66018681256555
6.2,1,8.83000000006183,7.66248740968074
6.202,1,8.83000000005917,7.66444609175709
6.204,1,8.83000000005663,7.66602914735992
6.206,1,8.83000000005419,7.66725567408345
6.208,1,8.83000000005186,7.66817104293354
6.21,1,8.83000000004963,7.66883015620672
6.212,1,8.8300000000475,7.66928757973359
6.214,1,8.83000000004545,7.669592314506
6.216,1,8.8300000000435,7.59408664041139
6.218,1,8.83000000004163,7.56130917525102
6.22,1,8.83000000003984,7.55454979744635
6.222,1,8.83000000003812,7.63802954904053
6.224,1,8.83000000003648,7.60998869305239
6.226,1,8.83000000003492,7.60095044379181
6.228,1,8.83000000003341,7.60293660187055
6.23,1,8.83000000003198,7.61060505125618
6.232,1,8.8300000000306,7.62054650597088
6.234,1,8.83000000002928,7.63071876616483
6.236,1,8.83000000002802,7.64001013216236
6.238,1,8.83000000002682,7.64791477605609
6.24,1,8.83000000002566,7.65429984965398
6.242,1,8.83000000002456,7.6592444926324
6.244,1,8.8300000000235,7.6629330678119
6.246,1,8.83000000002249,7.66558784809795
6.248,1,8.83000000002153,7.66742938295207
6.25,1,8.8300000000206,7.66865553551956
6.252,1,8.83000000001972,7.66943254408022
6.254,1,8.83000000001887,7.59419445950201
6.256,1,8.83000000001805,7.56154903426036
6.258,1,8.83000000001728,7.55483638824185
6.26,1,8.83000000001654,7.56261385460774
6.262,1,8.83000000001582,7.57734997945409
6.264,1,8.83000000001514,7.59434212895297
6.266,1,8.83000000001449,7.61086015399271
6.268,1,8.83000000001387,7.6254951077037
6.27,1,8.83000000001327,7.5619826604325
6.272,1,8.8300000000127,7.53876863196822
6.274,1,8.83000000001215,7.53933323063644
6.276,1,8.83000000001163,7.6282200100326
6.278,1,8.83000000001113,7.67972931228278
6.28,1,8.83000000001065,7.70622482926582
6.282,1,8.83000000001019,7.64106884126947
6.284,1,8.83000000000976,7.60917296831198
6.286,1,8.83000000000934,7.52246077902431
6.288,1,8.83000000000893,7.49077708416644
6.29,1,8.83000000000855,7.49156215329758
6.292,1,8.83000000000818,7.50958238828458
6.294,1,8.83000000000783,7.53501404923124
6.296,1,8.83000000000749,7.56188754758981
6.298,1,8.83000000000717,7.58687753918429
6.3,1,8.83000000000686,7.53269789634392
6.302,1,8.83000000000657,7.51735049698191
6.304,1,8.83000000000628,7.52422354116237
6.306,1,8.83000000000601,7.54226639169368
6.308,1,8.83000000000576,7.56448432962152
6.31,1,8.83000000000551,7.58673564067506
6.312,1,8.83000000000527,7.60680863021672
6.314,1,8.83000000000504,7.62373899366606
6.316,1,8.83000000000483,7.6373227195521
6.318,1,8.83000000000462,7.64778132693534
6.32,1,8.83000000000442,7.65554136868758
6.322,1,8.83000000000423,7.66109662454704
6.324,1,8.83000000000405,7.58922906846453
6.326,1,8.83000000000387,7.55887090503881
6.328,1,8.83000000000371,7.55364216920333
6.33,1,8.83000000000355,7.48662981739595
6.332,1,8.8300000000034,7.46898663456426
6.334,1,8.83000000000325,7.47940886738949
6.336,1,8.83000000000311,7.50376720956406
6.338,1,8.83000000000298,7.4574534260866
6.34,1,8.83000000000285,7.4537265081595
6.342,1,8.83000000000273,7.47307513788385
6.344,1,8.83000000000261,7.50281823253889
6.346,1,8.8300000000025,7.53516822747445
6.348,1,8.83000000000239,7.49001651185618
6.35,1,8.83000000000229,7.48369537164973
6.352,1,8.83000000000219,7.49870292948632
6.354,1,8.83000000000209,7.59930087997945
6.356,1,8.830000000002,7.58420997440562
6.358,1,8.83000000000192,7.58462101755012
6.36,1,8.83000000000184,7.59325727661581
6.362,1,8.83000000000176,7.60542693324622
6.364,1,8.83000000000168,7.61827953358679
6.366,1,8.83000000000161,7.63022778510152
6.368,1,8.83000000000154,7.64051458419451
6.37,1,8.83000000000147,7.64890021491835
6.372,1,8.83000000000141,7.65544449628169
6.374,1,8.83000000000135,7.58466214056148
6.376,1,8.83000000000129,7.55533335385059
6.378,1,8.83000000000124,7.5510026336288
6.38,1,8.83000000000118,7.56042854155353
6.382,1,8.83000000000113,7.57625931263226
6.384,1,8.83000000000108,7.59394278225588
6.386,1,8.83000000000104,7.61086883960041
6.388,1,8.83000000000099,7.62572050272297
6.39,1,8.83000000000095,7.63800027901961
6.392,1,8.83000000000091,7.64769673582956
6.394,1,8.83000000000087,7.57935982288844
6.396,1,8.83000000000083,7.62755720462724
6.398,1,8.8300000000008,7.5817370375297
6.4,1,8.83000000000076,7.56600701969494
6.402,1,8.83000000000073,7.56787384181496
6.404,1,8.8300000000007,7.57893921585915
6.406,1,8.83000000000067,7.59381723530266
6.408,1,8.83000000000064,7.60925979132192
6.41,1,8.83000000000061,7.62347924434254
6.412,1,8.83000000000059,7.63564312362703
6.414,1,8.83000000000056,7.64551042497702
6.416,1,8.83000000000054,7.65317930585343
6.418,1,8.83000000000051,7.65891908013772
6.42,1,8.83000000000049,7.66306374370293
6.422,1,8.83000000000047,7.59024989971813
6.424,1,8.83000000000045,7.63498533238978
6.426,1,8.83000000000043,7.58658609479926
6.428,1,8.83000000000041,7.56900230965151
6.43,1,8.83000000000039,7.56958506240778
6.432,1,8.83000000000038,7.57979686793724
6.434,1,8.83000000000036,7.59413510978661
6.436,1,8.83000000000035,7.60925847838286
6.438,1,8.83000000000033,7.62330786726181
6.44,1,8.83000000000032,7.63539798099304
6.442,1,8.8300000000003,7.64525014446733
6.444,1,8.83000000000029,7.5772377246667
6.446,1,8.83000000000028,7.55011865421027
6.448,1,8.83000000000027,7.54748084561758
6.45,1,8.83000000000025,7.558157016424
6.452,1,8.83000000000024,7.5748786299257
6.454,1,8.83000000000023,7.59317337299438
6.456,1,8.83000000000022,7.61050130471558
6.458,1,8.83000000000021,7.62560352525899
6.46,1,8.8300000000002,7.63802844633218
6.462,1,8.8300000000002,7.5721005980177
6.464,1,8.83000000000019,7.54660005468037
6.466,1,8.83000000000018,7.54517253176128
6.468,1,8.83000000000017,7.55672185967077
6.47,1,8.83000000000016,7.57405069301235
6.472,1,8.83000000000016,7.59275092548512
6.474,1,8.83000000000015,7.6103367618525
6.476,1,8.83000000000014,7.62559273929854
6.478,1,8.83000000000014,7.63810070952399
6.48,1,8.83000000000013,7.64790892938073
6.482,1,8.83000000000013,7.65530958455536
6.484,1,8.83000000000012,7.66069608830256
6.486,1,8.83000000000012,7.66447700103249
6.488,1,8.83000000000011,7.66702863646423
6.49,1,8.83000000000011,7.66867297340389
6.492,1,8.8300000000001,7.66967124073851
6.494,1,8.8300000000001,7.67022649267161
6.496,1,8.83000000000009,7.67049072347387
6.498,1,8.83000000000009,7.67057370054856
6.5,1,8.83000000000009,7.67055184192899
6.502,1,8.83000000000008,7.67047624129454
6.504,1,8.83000000000008,7.67037944639797
6.506,1,8.83000000000007,7.67028090379562
6.508,1,8.83000000000007,7.67019115506526
6.51,1,8.83000000000007,7.59441603547798
6.512,1,8.83000000000007,7.56146238946724
6.514,1,8.83000000000006,7.55459394874595
6.516,1,8.83000000000006,7.56231227173632
6.518,1,8.83000000000006,7.57704662581714
6.52,1,8.83000000000006,7.59406777093132
6.522,1,8.83000000000005,7.61062833475599
6.524,1,8.83000000000005,7.62530885018707
6.526,1,8.83000000000005,7.63753799740834
6.528,1,8.83000000000004,7.64725308368746
6.53,1,8.83000000000004,7.65466880854162
6.532,1,8.83000000000004,7.66012658964075
6.534,1,8.83000000000004,7.66400171538729
6.536,1,8.83000000000004,7.66665049489486
6.538,1,8.83000000000004,7.6683839510426
6.54,1,8.83000000000004,7.66945826293742
6.542,1,8.83000000000004,7.59437616493219
6.544,1,8.83000000000004,7.56179597958519
6.546,1,8.83000000000003,7.55509374756285
6.548,1,8.83000000000003,7.63855028409873
6.55,1,8.83000000000003,7.61044565513385
6.552,1,8.83000000000003,7.60132830117517
6.554,1,8.83000000000003,7.60323498685902
6.556,1,8.83000000000003,7.61083161140128
6.558,1,8.83000000000002,7.62071240784674
6.56,1,8.83000000000002,7.63083595062452
6.562,1,8.83000000000002,7.64008977439686
6.564,1,8.83000000000002,7.647966540051
6.566,1,8.83000000000002,7.65433163980886
6.568,1,8.83000000000002,7.65926249498618
6.57,1,8.83000000000002,7.66294194161985
6.572,1,8.83000000000002,7.66559097867011
6.574,1,8.83000000000001,7.667429142202
6.576,1,8.83000000000001,7.66865352091004
6.578,1,8.83000000000001,7.66942978246628
6.58,1,8.83000000000001,7.66989048981518
6.582,1,8.83000000000001,7.67013747071241
6.584,1,8.83000000000001,7.67024611462615
6.586,1,8.83000000000001,7.6702702732402
6.588,1,8.83000000000001,7.67024699914142
6.59,1,8.83000000000001,7.67020073053735
6.592,1,8.83000000000001,7.6701467675759
6.594,1,8.83000000000001,7.67009402784192
6.596,1,8.83000000000001,7.67004714554731
6.598,1,8.83000000000001,7.67000801359131
6.6,1,8.83000000000001,7.66997687635767
6.602,1,8.83000000000001,7.66995307510665
6.604,1,8.83000000000001,7.66993553455967
6.606,1,8.83000000000001,7.66992306346116
6.608,1,8.83000000000001,7.66991452628824
6.61,1,8.83000000000001,7.66990892930652
6.612,1,8.83000000000001,7.66990545246213
6.614,1,8.83000000000001,7.66990344924565
6.616,1,8.83000000000001,7.66990242949098
6.618,1,8.83000000000001,7.66990203477313
6.62,1,8.83000000000001,7.66990201228772
6.622,1,8.83000000000001,7.66990219049944
6.624,1,8.83000000000001,7.66990245813598
6.626,1,8.83000000000001,7.66990274703998
6.628,1,8.83000000000001,7.66990301877027
6.63,1,8.83000000000001,7.66990325452463
6.632,1,8.83000000000001,7.66990344782833
6.634,1,8.83000000000001,7.66990359941864
6.636,1,8.83000000000001,7.59420479612916
6.638,1,8.83000000000001,7.63701160884769
6.64,1,8.83000000000001,7.66308294524003
6.642,1,8.83000000000001,7.67765763114065
6.644,1,8.83000000000001,7.60896481379963
6.646,1,8.83000000000001,7.57835161081644
6.648,1,8.83000000000001,7.57106421690536
6.65,1,8.83000000000001,7.57693359981967
6.652,1,8.83000000000001,7.58923901449402
6.654,1,8.83000000000001,7.60376168583684
6.656,1,8.83000000000001,7.61803328899289
6.658,1,8.83000000000001,7.63076246946701
6.66,1,8.83000000000001,7.64141289596385
6.662,1,8.83000000000001,7.64990375640744
6.664,1,8.83000000000001,7.65640510166805
6.666,1,8.83000000000001,7.66120396174066
6.668,1,8.83000000000001,7.58892249458349
6.67,1,8.83000000000001,7.6340728052017
6.672,1,8.83000000000001,7.58598484724166
6.674,1,8.83000000000001,7.56862638006381
6.676,1,8.83000000000001,7.5693663772352
6.678,1,8.83000000000001,7.57968361032102
6.68,1,8.83000000000001,7.59408924520958
6.682,1,8.83000000000001,7.60925307505789
6.684,1,8.83000000000001,7.62332457154212
6.686,1,8.83000000000001,7.71112374228569
6.688,1,8.83000000000001,7.75387085100824
6.69,1,8.83000000000001,7.76837680776342
6.692,1,8.83000000000001,7.76639263722625
6.694,1,8.83000000000001,7.68011268847044
6.696,1,8.83000000000001,7.63309984851954
6.698,1,8.83000000000001,7.53596566241797
6.7,1,8.83000000000001,7.49739198267691
6.702,1,8.83000000000001,7.49385038301976
6.704,1,8.83000000000001,7.50933775846223
6.706,1,8.83000000000001,7.5334430189718
6.708,1,8.83000000000001,7.55976432266532
6.71,1,8.83000000000001,7.58466943279302
6.712,1,8.83000000000001,7.60636137940157
6.714,1,8.83000000000001,7.6241991278089
6.716,1,8.83000000000001,7.63822126643356
6.718,1,8.83000000000001,7.57312603889649
6.72,1,8.83000000000001,7.54796824979823
6.722,1,8.83000000000001,7.54658845120422
6.724,1,8.83000000000001,7.55802348052317
6.726,1,8.83000000000001,7.57516290395672
6.728,1,8.83000000000001,7.59365237047218
6.73,1,8.83000000000001,7.61103685540291
6.732,1,8.83000000000001,7.62611637391314
6.734,1,8.83000000000001,7.63847857391626
6.736,1,8.83000000000001,7.64817177400442
6.738,1,8.83000000000001,7.65548515783663
6.74,1,8.83000000000001,7.6608077992983
6.742,1,8.83000000000001,7.66454363462607
6.744,1,8.83000000000001,7.66706465789265
6.746,1,8.83000000000001,7.59299019929011
6.748,1,8.83000000000001,7.56108408603659
6.75,1,8.83000000000001,7.55481153664512
6.752,1,8.83000000000001,7.56282611940897
6.754,1,8.83000000000001,7.57766772724335
6.756,1,8.83000000000001,7.59468476080974
6.758,1,8.83000000000001,7.61118223785846
6.76,1,8.83000000000001,7.62577444678472
6.762,1,8.83000000000001,7.63791055560827
6.764,1,8.83000000000001,7.64753926292177
6.766,1,8.83000000000001,7.65488068494412
6.768,1,8.83000000000001,7.66027793571457
6.77,1,8.83000000000001,7.66410584886423
6.772,1,8.83000000000001,7.66671917661074
6.774,1,8.83000000000001,7.66842695093374
6.776,1,8.83000000000001,7.5937844074433
6.778,1,8.83000000000001,7.63719591848027
6.78,1,8.83000000000001,7.58787257737177
6.782,1,8.83000000000001,7.6453679985086
6.784,1,8.83000000000001,7.60274777821019
6.786,1,8.83000000000001,7.6623492426702
6.788,1,8.83000000000001,7.61917600277658
6.79,1,8.83000000000001,7.60116227355735
6.792,1,8.83000000000001,7.59834171489467
6.794,1,8.83000000000001,7.60390067505939
6.796,1,8.83000000000001,7.61337902577144
6.798,1,8.83000000000001,7.62401175651477
6.8,1,8.83000000000001,7.6342106050418
6.802,1,8.83000000000001,7.64317151750405
6.804,1,8.83000000000001,7.6505879442508
6.806,1,8.83000000000001,7.65644886476726
6.808,1,8.83000000000001,7.66090192512305
6.81,1,8.83000000000001,7.66416480181383
6.812,1,8.83000000000001,7.66647102840523
6.814,1,8.83000000000001,7.66803954476209
6.816,1,8.83000000000001,7.6690599007529
6.818,1,8.83000000000001,7.66968726740249
6.82,1,8.83000000000001,7.67004316984794
6.822,1,8.83000000000001,7.67021919887381
6.824,1,8.83000000000001,7.67028194433901
6.826,1,8.83000000000001,7.6702780932194
6.828,1,8.83000000000001,7.67023911226731
6.83,1,8.83000000000001,7.67018524702525
6.832,1,8.83000000000001,7.67012876162677
6.834,1,8.83000000000001,7.6700764540216
6.836,1,8.83000000000001,7.6700315366087
6.838,1,8.83000000000001,7.66999499288645
6.84,1,8.83000000000001,7.66996652081535
6.842,1,8.83000000000001,7.66994516270499
6.844,1,8.83000000000001,7.66992970578621
6.846,1,8.83000000000001,7.66991892097471
6.848,1,8.83000000000001,7.66991169179281
6.85,1,8.83000000000001,7.66990707199755
6.852,1,8.83000000000001,7.66990429950724
6.854,1,8.83000000000001,7.6699027856511
6.856,1,8.83000000000001,7.66990209232212
6.858,1,8.83000000000001,7.66990190493462
6.86,1,8.83000000000001,7.66990200581432
6.862,1,8.83000000000001,7.66990225044439
6.864,1,8.83000000000001,7.66990254757938
6.866,1,8.83000000000001,7.59420392570805
6.868,1,8.83000000000001,7.63701092106761
6.87,1,8.83000000000001,7.66308242272702
6.872,1,8.83000000000001,7.67765724831958
6.874,1,8.83000000000001,7.60896454324661
6.876,1,8.83000000000001,7.65405034450477
6.878,1,8.83000000000001,7.6039562854515
6.88,1,8.83000000000001,7.65945335420087
6.882,1,8.83000000000001,7.61437742480682
6.884,1,8.83000000000001,7.67152168206367
6.886,1,8.83000000000001,7.70183187046871
6.888,1,8.83000000000001,7.71484238633541
6.89,1,8.83000000000001,7.64164555064645
6.892,1,8.83000000000001,7.68110422112821
6.894,1,8.83000000000001,7.62533961264128
6.896,1,8.83000000000001,7.60000372384228
6.898,1,8.83000000000001,7.5933932653833
6.9,1,8.83000000000001,7.59741980786987
6.902,1,8.83000000000001,7.60672069507612
6.904,1,8.83000000000001,7.61791595151532
6.906,1,8.83000000000001,7.62901637585069
6.908,1,8.83000000000001,7.63897066685126
6.91,1,8.83000000000001,7.64733137967993
6.912,1,8.83000000000001,7.65401721242007
6.914,1,8.83000000000001,7.65915011816702
6.916,1,8.83000000000001,7.66294839120445
6.918,1,8.83000000000001,7.66566015105769
6.92,1,8.83000000000001,7.66752493193455
6.922,1,8.83000000000001,7.66875404919259
6.924,1,8.83000000000001,7.66952291564424
6.926,1,8.83000000000001,7.6699704879779
6.928,1,8.83000000000001,7.67020256965972
6.93,1,8.83000000000001,7.67029684416374
6.932,1,8.83000000000001,7.67030833406927
6.934,1,8.83000000000001,7.6702745484432
6.936,1,8.83000000000001,7.67021995598733
6.938,1,8.83000000000001,7.67015965719426
6.94,1,8.83000000000001,7.67010226698116
6.942,1,8.83000000000001,7.67005209183711
6.944,1,8.83000000000001,7.67001071592367
6.946,1,8.83000000000001,7.66997811548137
6.948,1,8.83000000000001,7.74565232941368
6.95,1,8.83000000000001,7.70282754496642
6.952,1,8.83000000000001,7.7524424568419
6.954,1,8.83000000000001,7.69505244974149
6.956,1,8.83000000000001,7.73766841961565
6.958,1,8.83000000000001,7.67800465011381
6.96,1,8.83000000000001,7.64539186128445
6.962,1,8.83000000000001,7.63042166196063
6.964,1,8.83000000000001,7.62633615605943
6.966,1,8.83000000000001,7.6284576939114
6.968,1,8.83000000000001,7.63367949823675
6.97,1,8.83000000000001,7.64003902225446
6.972,1,8.83000000000001,7.64637752920608
6.974,1,8.83000000000001,7.65207924410017
6.976,1,8.83000000000001,7.65687867880062
6.978,1,8.83000000000001,7.66072332403231
6.98,1,8.83000000000001,7.66367941530136
6.982,1,8.83000000000001,7.66586996676099
6.984,1,8.83000000000001,7.6674361264607
6.986,1,8.83000000000001,7.66851478085907
6.988,1,8.83000000000001,7.66922703394264
6.99,1,8.83000000000001,7.66967362185161
6.992,1,8.83000000000001,7.66993447814125
6.994,1,8.83000000000001,7.59437163743151
6.996,1,8.83000000000001,7.56153556241805
6.998,1,8.83000000000001,7.55472258977298
7,1,8.83000000000001,7.56245779250066
7.002,1,8.83000000000001,7.57718678469172
7.004,1,8.83000000000001,7.59419123766957
7.006,1,8.83000000000001,7.61073071541222
7.008,1,8.83000000000001,7.62538988298114
7.01,1,8.83000000000001,7.63759964970619
7.012,1,8.83000000000001,7.64729831728526
7.014,1,8.83000000000001,7.65470082315757
7.016,1,8.83000000000001,7.66014839605582
7.018,1,8.83000000000001,7.66401592648716
7.02,1,8.83000000000001,7.66665925352219
7.022,1,8.83000000000001,7.66838893791861
7.024,1,8.83000000000001,7.66946074649528
7.026,1,8.83000000000001,7.67007598625652
7.028,1,8.83000000000001,7.67038705751843
7.03,1,8.83000000000001,7.6705052417846
7.032,1,8.83000000000001,7.67050891257845
7.034,1,8.83000000000001,7.67045116142345
7.036,1,8.83000000000001,7.67036635932054
7.038,1,8.83000000000001,7.67027550303095
7.04,1,8.83000000000001,7.67019038574867
7.042,1,8.83000000000001,7.67011672929785
7.044,1,8.83000000000001,7.67005645347005
7.046,1,8.83000000000001,7.6700092613015
7.048,1,8.83000000000001,7.66997370314298
7.05,1,8.83000000000001,7.66994785779712
7.052,1,8.83000000000001,7.66992974224737
7.054,1,8.83000000000001,7.6699175362304
7.056,1,8.83000000000001,7.66990968591724
7.058,1,8.83000000000001,7.66990493290101
7.06,1,8.83000000000001,7.66990230049639
7.062,1,8.83000000000001,7.66990105862967
7.064,1,8.83000000000001,7.66990068077811
7.066,1,8.83000000000001,7.66990080092
7.068,1,8.83000000000001,7.66990117473912
7.07,1,8.83000000000001,7.66990164692686
7.072,1,8.83000000000001,7.7456010426391
7.074,1,8.83000000000001,7.77849366483104
7.076,1,8.83000000000001,7.78531494275056
7.078,1,8.83000000000001,7.7775615025646
7.08,1,8.83000000000001,7.76280192004649
7.082,1,8.83000000000001,7.74576330922056
7.084,1,8.83000000000001,7.72919114263868
7.086,1,8.83000000000001,7.71450329577894
7.088,1,8.83000000000001,7.70226981822433
7.09,1,8.83000000000001,7.69255242921089
7.092,1,8.83000000000001,7.68513571002793
7.094,1,8.83000000000001,7.67967773039041
7.096,1,8.83000000000001,7.67580285002328
7.098,1,8.83000000000001,7.67315452837831
7.1,1,8.83000000000001,7.74712051587846
7.102,1,8.83000000000001,7.77893890257829
7.104,1,8.83000000000001,7.78514344486746
7.106,1,8.83000000000001,7.70137916395293
7.108,1,8.83000000000001,7.65360878465753
7.11,1,8.83000000000001,7.62974543829483
7.112,1,8.83000000000001,7.62098476369672
7.114,1,8.83000000000001,7.62114161906628
7.116,1,8.83000000000001,7.62603790393502
7.118,1,8.83000000000001,7.63297805305703
7.12,1,8.83000000000001,7.64032304447928
7.122,1,8.83000000000001,7.57146006233475
7.124,1,8.83000000000001,7.54445769648569
7.126,1,8.83000000000001,7.54244083001542
7.128,1,8.83000000000001,7.55394552257914
7.13,1,8.83000000000001,7.57152456942404
7.132,1,8.83000000000001,7.59060753648517
7.134,1,8.83000000000001,7.60860899453496
7.136,1,8.83000000000001,7.62425710915418
7.138,1,8.83000000000001,7.63710599200476
7.14,1,8.83000000000001,7.72289308202692
7.142,1,8.83000000000001,7.76340574318988
7.144,1,8.83000000000001,7.77577921543917
7.146,1,8.83000000000001,7.77192739583608
7.148,1,8.83000000000001,7.6841053403259
7.15,1,8.83000000000001,7.63587617566645
7.152,1,8.83000000000001,7.53781942133138
7.154,1,8.83000000000001,7.49857086089584
7.156,1,8.83000000000001,7.49455305791465
7.158,1,8.83000000000001,7.50971716605207
7.16,1,8.83000000000001,7.53361261137858
7.162,1,8.83000000000001,7.55980530155165
7.164,1,8.83000000000001,7.58463778929161
7.166,1,8.83000000000001,7.60629413605125
7.168,1,8.83000000000001,7.62411953893833
7.17,1,8.83000000000001,7.63814294992268
7.172,1,8.83000000000001,7.648755048026
7.174,1,8.83000000000001,7.6565008300481
7.176,1,8.83000000000001,7.66195378744535
7.178,1,8.83000000000001,7.66564600395396
7.18,1,8.83000000000001,7.66803496976596
7.182,1,8.83000000000001,7.59379433094837
7.184,1,8.83000000000001,7.5617202442341
7.186,1,8.83000000000001,7.55529534352259
7.188,1,8.83000000000001,7.56318094131079
7.19,1,8.83000000000001,7.57791875363
7.192,1,8.83000000000001,7.59485566714421
7.194,1,8.83000000000001,7.61129355565159
7.196,1,8.83000000000001,7.55014408710717
7.198,1,8.83000000000001,7.52935844138649
7.2,1,8.83000000000001,7.53214662506256
7.202,1,8.83000000000001,7.54722941267523
7.204,1,8.83000000000001,7.5673791867926
7.206,1,8.83000000000001,7.58824202258046
7.208,1,8.83000000000001,7.6074259901707
7.21,1,8.83000000000001,7.54812247012697
7.212,1,8.83000000000001,7.52852062703512
7.214,1,8.83000000000001,7.53202271432288
7.216,1,8.83000000000001,7.54749839152782
7.218,1,8.83000000000001,7.56783111090709
7.22,1,8.83000000000001,7.58874689169983
7.222,1,8.83000000000001,7.60790926147775
7.224,1,8.83000000000001,7.62424544598851
7.226,1,8.83000000000001,7.63746236525831
7.228,1,8.83000000000001,7.57201268776301
7.23,1,8.83000000000001,7.54677578597957
7.232,1,8.83000000000001,7.54547149522237
7.234,1,8.83000000000001,7.55705702516389
7.236,1,8.83000000000001,7.57437208225974
7.238,1,8.83000000000001,7.59303324926192
7.24,1,8.83000000000001,7.61057039131458
7.242,1,8.83000000000001,7.62577734619228
7.244,1,8.83000000000001,7.63824095715504
7.246,1,8.83000000000001,7.64801168235102
7.248,1,8.83000000000001,7.6553822037097
7.25,1,8.83000000000001,7.66074547260074
7.252,1,8.83000000000001,7.66450912225283
7.254,1,8.83000000000001,7.6670483826124
7.256,1,8.83000000000001,7.66868417218094
7.258,1,8.83000000000001,7.66967677670222
7.26,1,8.83000000000001,7.67022846279246
7.262,1,8.83000000000001,7.67049059781082
7.264,1,8.83000000000001,7.67057246979633
7.266,1,8.83000000000001,7.6705501434032
7.268,1,8.83000000000001,7.6704744609853
7.27,1,8.83000000000001,7.6703777981905
7.272,1,8.83000000000001,7.67027948869767
7.274,1,8.83000000000001,7.67019000392807
7.276,1,8.83000000000001,7.67011405637631
7.278,1,8.83000000000001,7.6700528227188
7.28,1,8.83000000000001,7.67000547816728
7.282,1,8.83000000000001,7.6699702121371
7.284,1,8.83000000000001,7.66994486710531
7.286,1,8.83000000000001,7.66992731349714
7.288,1,8.83000000000001,7.66991564682073
7.29,1,8.83000000000001,7.66990827056625
7.292,1,8.83000000000001,7.66990391001209
7.294,1,8.83000000000001,7.66990158782703
7.296,1,8.83000000000001,7.66990058170994
7.298,1,8.83000000000001,7.66990037663238
7.3,1,8.83000000000001,7.66990061891696
7.302,1,8.83000000000001,7.66990107582672
7.304,1,8.83000000000001,7.66990160208141
7.306,1,8.83000000000001,7.66990211337222
7.308,1,8.83000000000001,7.66990256622176
7.31,1,8.83000000000001,7.66990294321544
7.312,1,8.83000000000001,7.66990324255426
7.314,1,8.83000000000001,7.66990347094321
7.316,1,8.83000000000001,7.66990363895996
7.318,1,8.83000000000001,7.66990375820309
7.32,1,8.83000000000001,7.66990383967084
7.322,1,8.83000000000001,7.66990389295587
7.324,1,8.83000000000001,7.66990392595458
7.326,1,8.83000000000001,7.66990394487961
7.328,1,8.83000000000001,7.66990395443258
7.33,1,8.83000000000001,7.66990395804544
7.332,1,8.83000000000001,7.59420504045788
7.334,1,8.83000000000001,7.63701176811739
7.336,1,8.83000000000001,7.58738412575966
7.338,1,8.83000000000001,7.56906658118553
7.34,1,8.83000000000001,7.56925174319686
7.342,1,8.83000000000001,7.57928444690464
7.344,1,8.83000000000001,7.59357776391394
7.346,1,8.83000000000001,7.60873218599745
7.348,1,8.83000000000001,7.62285007586306
7.35,1,8.83000000000001,7.71072081483853
7.352,1,8.83000000000001,7.67784693408124
7.354,1,8.83000000000001,7.65953433080283
7.356,1,8.83000000000001,7.65079331856154
7.358,1,8.83000000000001,7.6480186716411
7.36,1,8.83000000000001,7.64869919326747
7.362,1,8.83000000000001,7.65115487833298
7.364,1,8.83000000000001,7.65431473076977
7.366,1,8.83000000000001,7.65753818690925
7.368,1,8.83000000000001,7.66047741476973
7.37,1,8.83000000000001,7.66297499928737
7.372,1,8.83000000000001,7.66499059372656
7.374,1,8.83000000000001,7.66655025534393
7.376,1,8.83000000000001,7.66771287687866
7.378,1,8.83000000000001,7.66854904677633
7.38,1,8.83000000000001,7.66912862294244
7.382,1,8.83000000000001,7.59381526137622
7.384,1,8.83000000000001,7.56116712309445
7.386,1,8.83000000000001,7.55449072357872
7.388,1,8.83000000000001,7.56232163265426
7.39,1,8.83000000000001,7.57711509480464
7.392,1,8.83000000000001,7.59416099927687
7.394,1,8.83000000000001,7.61072556375431
7.396,1,8.83000000000001,7.62539861625344
7.398,1,8.83000000000001,7.63761492461392
7.4,1,8.83000000000001,7.6473155726813
7.402,1,8.83000000000001,7.65471743152923
7.404,1,8.83000000000001,7.66016302024742
7.406,1,8.83000000000001,7.6640280493455
7.408,1,8.83000000000001,7.66666884616808
7.41,1,8.83000000000001,7.59269731699882
7.412,1,8.83000000000001,7.63657391068318
7.414,1,8.83000000000001,7.58755994570725
7.416,1,8.83000000000001,7.64525118460424
7.418,1,8.83000000000001,7.60274690523988
7.42,1,8.83000000000001,7.66241027665063
7.422,1,8.83000000000001,7.61926402231052
7.424,1,8.83000000000001,7.60125599486138
7.426,1,8.83000000000001,7.59842922651397
7.428,1,8.83000000000001,7.67967515624255
7.43,1,8.83000000000001,7.64633294883157
7.432,1,8.83000000000001,7.63088093507007
7.434,1,8.83000000000001,7.62649319275881
7.436,1,8.83000000000001,7.62843807642508
7.438,1,8.83000000000001,7.63356762325233
7.44,1,8.83000000000001,7.63988899632631
7.442,1,8.83000000000001,7.64622196780302
7.444,1,8.83000000000001,7.6519360844251
7.446,1,8.83000000000001,7.65675626113666
7.448,1,8.83000000000001,7.6606240483421
7.45,1,8.83000000000001,7.6636022772462
7.452,1,8.83000000000001,7.6658122459211
7.454,1,8.83000000000001,7.66739445588039
7.456,1,8.83000000000001,7.66848578114891
7.458,1,8.83000000000001,7.66920765261579
7.46,1,8.83000000000001,7.66966128199712
7.462,1,8.83000000000001,7.6699271107606
7.464,1,8.83000000000001,7.6700665662283
7.466,1,8.83000000000001,7.67012487456805
7.468,1,8.83000000000001,7.59443524202014
7.47,1,8.83000000000001,7.56152528288972
7.472,1,8.83000000000001,7.55467392909027
7.474,1,8.83000000000001,7.5623934692438
7.476,1,8.83000000000001,7.57712045845465
7.478,1,8.83000000000001,7.59413038956188
7.48,1,8.83000000000001,7.61067879376194
7.482,1,8.83000000000001,7.62534784546303
7.484,1,8.83000000000001,7.63756703143668
7.486,1,8.83000000000001,7.64727394074149
7.488,1,8.83000000000001,7.65468324704762
7.49,1,8.83000000000001,7.66013618069338
7.492,1,8.83000000000001,7.66400777513345
7.494,1,8.83000000000001,7.66665407364239
7.496,1,8.83000000000001,7.66838585369018
7.498,1,8.83000000000001,7.66945908408896
7.5,3,8.83000000000001,7.67007524605199
7.502,3,9.58956989247313,7.6703868820958
7.504,3,10.3164701121517,7.67050538482248
7.506,3,11.0121058062527,7.82190704665821
7.508,3,11.6778216855537,8.19042939617729
7.51,3,12.3149046238094,8.63835083197356
7.512,3,12.924586145366,9.23579836586588
7.514,3,13.5080448057804,9.85400890767975
7.516,3,14.0664084700479,10.5736733803015
7.518,3,14.6007564928415,11.352104920298
7.52,3,15.1121218049774,12.2364413328746
7.522,3,15.6014929101396,13.014267792282
7.524,3,16.069815795725,13.809931587931
7.526,3,16.5179957615003,14.6122764670183
7.528,3,16.9468991696078,15.3389954968741
7.53,3,17.3573551193021,16.0293647399026
7.532,3,17.7501570496547,16.7079141406123
7.534,3,18.1260642733255,17.3131909491726
7.536,3,18.4858034443652,17.8953586164411
7.538,3,18.8300699628872,18.3320477097372
7.54,3,19.1595293193221,18.7994646141678
7.542,3,19.4748183808566,19.2371336759322
7.544,3,19.7765466225402,19.6157447043756
7.546,3,20.0652973054417,20.0011969432435
7.548,3,20.3416286041324,20.3522543684555
7.55,3,20.6060746856751,20.7260230954594
7.552,3,20.8591467422052,21.0750122065707
7.554,3,21.1013339790996,21.3006458320471
7.556,3,21.3331045606437,21.5896338463132
7.558,3,21.5549065150246,21.8081821226311
7.56,3,21.7671686003999,21.9676014206127
7.562,3,21.970301133716,22.1554574571487
7.564,3,22.1646967838788,22.339935581381
7.566,3,22.3507313308087,22.5801042277424
7.568,3,22.5287643918492,22.7505649691531
7.57,3,22.699140116931,22.9427319195744
7.572,3,22.8621878538372,23.0518077884757
7.574,3,23.0182227848549,23.1815122753682
7.576,3,23.167546536044,23.3851137325183
7.578,3,23.3104477603001,23.5323241703039
7.58,3,23.447202695341,23.6349373005387
7.582,3,23.5780756976919,23.7036432186552
7.584,3,23.7033197537052,23.8231874090411
7.586,3,23.8231769685996,23.8823415860188
7.588,3,23.9378790344663,23.9791558766344
7.59,3,24.0476476781451,24.0864957050926
7.592,3,24.1526950898378,24.1131549148044
7.594,3,24.2532243332856,24.169862222058
7.596,3,24.3494297383056,24.2369946694699
7.598,3,24.441497276443,24.3030601922756
7.6,3,24.529604920467,24.3620364151415
7.602,3,24.6139229884039,24.4114118369911
7.604,3,24.6946144727736,24.5264937806827
7.606,3,24.771835355665,24.5895540069958
7.608,3,24.8457349102601,24.6186519714767
7.61,3,24.9164559893887,24.6267690858628
7.612,3,24.9841353016731,24.6228978873853
7.614,3,25.0489036757946,24.6887153978538
7.616,3,25.1108863133949,24.7094967350759
7.618,3,25.1702030310983,24.7042133271246
7.62,3,25.2269684921263,24.6855534043787
7.622,3,25.2812924279489,24.737301576888
7.624,3,25.3332798504027,24.8214846653439
7.626,3,25.3830312546864,24.8389548993
7.628,3,25.4306428136247,24.8191289714005
7.63,3,25.4762065635763,24.8570720389992
7.632,3,25.5198105823472,24.8463743277368
7.634,3,25.5615391594506,24.8864956370565
7.636,3,25.6014729590441,24.8740553919532
7.638,3,25.6396891758594,24.9105155543755
7.64,3,25.6762616844246,24.893752480638
7.642,3,25.7112611818687,24.9259636456117
7.644,3,25.744755324584,24.9811092188209
7.646,3,25.7768088590105,25.0430409833929
7.648,3,25.807483746795,25.026779870923
7.65,3,25.8368392845672,25.1218283268564
7.652,3,25.8649322185644,25.191148262962
7.654,3,25.891816854325,25.1642089901716
7.656,3,25.9175451616659,25.1643011229283
7.658,3,25.9421668751426,25.1030986434936
7.66,3,25.9657295901903,25.0909526630112
7.662,3,25.9882788551283,25.1061628274754
7.664,3,26.0098582592088,25.1344583615915
7.666,3,26.0305095168773,25.1669384800878
7.668,3,26.0502725484094,25.1227452812889
7.67,3,26.06918555708,25.0420308454515
7.672,3,26.087285103012,25.0255080571423
7.674,3,26.1046061738502,25.1205425080561
7.676,3,26.1211822523943,25.1142829641065
7.678,3,26.1370453813236,25.1303292232408
7.68,3,26.1522262251376,25.0809865255296
7.682,3,26.1667541294328,25.0773466703129
7.684,3,26.1806571776292,25.0227363204179
7.686,3,26.1939622452581,25.0220367685254
7.688,3,26.2066950519136,25.0501520020804
7.69,3,26.2188802109711,25.0908566867976
7.692,3,26.2305412771659,25.0585578757609
7.694,3,26.2417007921265,25.066219599563
7.696,3,26.252380327949,25.0944324729965
7.698,3,26.2626005288974,25.0551199952284
7.7,3,26.2723811513105,25.0593812714451
7.702,3,26.2817411017917,25.0864559103092
7.704,3,26.2906984737577,25.1230226880661
7.706,3,26.2992705824133,25.0853428492043
7.708,3,26.3074739982234,25.0874917876515
7.71,3,26.315324578945,25.1106657114873
7.712,3,26.3228375002807,25.0670642621767
7.714,3,26.3300272852149,25.0678597666984
7.716,3,26.3369078320874,25.0922496296924
7.718,3,26.3434924414599,25.1268130426256
7.72,3,26.3497938418273,25.1633898155516
7.722,3,26.3558242142218,25.1974301480931
7.724,3,26.3615952157606,25.1510594630292
7.726,3,26.3671180021795,25.1420883910696
7.728,3,26.3724032493976,25.1539445524285
7.73,3,26.3774611741547,25.1757358334451
7.732,3,26.3823015537609,25.2006739000889
7.734,3,26.386933744997,25.22482857378
7.736,3,26.3913667022015,25.2461815642735
7.738,3,26.3956089945799,25.1882342976783
7.74,3,26.39966882277,25.1694214748992
7.742,3,26.4035540346939,25.1733322552951
7.744,3,26.4072721407285,25.1889734951875
7.746,3,26.4108303282241,25.2093257974543
7.748,3,26.4142354753972,25.1544824729081
7.75,3,26.4174941646275,25.1406558726849
7.752,3,26.4206126951811,25.1500644047926
7.754,3,26.4235970953884,25.0952346245124
7.756,3,26.4264531342964,25.0872627744716
7.758,3,26.4291863328213,25.1050628017855
7.76,3,26.4318019744204,25.1348478432145
7.762,3,26.4343051153055,25.0923848229894
7.764,3,26.4367005942171,25.0912883093781
7.766,3,26.4389930417777,25.0366581084263
7.768,3,26.4411868894432,25.0345739463624
7.77,3,26.4432863780693,25.0607135229497
7.772,3,26.4452955661093,25.0236234708618
7.774,3,26.4472183374594,25.0321783476223
7.776,3,26.4490584089666,25.1399261131551
7.778,3,26.4508193376131,25.2142312601725
7.78,3,26.4525045273932,25.2633708657013
7.782,3,26.4541172358924,25.2185431664523
7.784,3,26.4556605805852,25.1280355367419
7.786,3,26.4571375448611,25.0221036852596
7.788,3,26.4585509837918,24.9941014666123
7.79,3,26.4599036296503,25.010415766314
7.792,3,26.4611980971922,25.0487498918427
7.794,3,26.4624368887108,25.0193428505313
7.796,3,26.4636223988738,25.0324168608923
7.798,3,26.4647569193523,25.0668518127959
7.8,3,26.4658426432511,25.0335791075995
7.802,3,26.4668816693479,25.0431868475155
7.804,3,26.4678760061501,25.0747105964779
7.806,3,26.4688275757781,25.1148088974222
7.808,3,26.4697382176801,25.1555216861207
7.81,3,26.4706096921885,25.1925439342602
7.812,3,26.4714436839223,25.2239444021749
7.814,3,26.4722418050439,25.1735492645782
7.816,3,26.4730055983754,25.1602126623902
7.818,3,26.4737365403807,25.1679522882623
7.82,3,26.4744360440203,25.186166085888
7.822,3,26.4751054614818,25.2081671802256
7.824,3,26.4757460867944,25.1543173579915
7.826,3,26.4763591583301,25.1410367986959
7.828,3,26.4769458611976,25.1506988890502
7.83,3,26.4775073295332,25.1716406049923
7.832,3,26.4780446486931,25.1965298584285
7.834,3,26.4785588573514,25.1453685873017
7.836,3,26.4790509495084,25.1344047969043
7.838,3,26.4795218764112,25.1459567624755
7.84,3,26.4799725483935,25.1683742067176
7.842,3,26.4804038366347,25.1943727128936
7.844,3,26.4808165748439,25.1440158074479
7.846,3,26.4812115608722,25.1336144263856
7.848,3,26.481589558254,25.1455442803255
7.85,3,26.4819512976839,25.1682039285418
7.852,3,26.4822974784287,25.1943483859276
7.854,3,26.4826287696791,25.219770621686
7.856,3,26.4829458118434,25.2422986880086
7.858,3,26.4832492177856,25.1853612073786
7.86,3,26.4835395740099,25.2430692922571
7.862,3,26.4838174417944,25.2805129891157
7.864,3,26.4840833582764,25.3034559797251
7.866,3,26.4843378374903,25.3164026755328
7.868,3,26.4845813713617,25.322741465664
7.87,3,26.484814430658,25.3249312450866
7.872,3,26.4850374658985,25.2489936928955
7.874,3,26.4852509082254,25.2145915693885
7.876,3,26.4854551702372,25.2814307966641
7.878,3,26.4856506467862,25.2442582577706
7.88,3,26.4858377157416,25.2309933711547
7.882,3,26.4860167387205,25.2317854604943
7.884,3,26.4861880617862,25.2399946849917
7.886,3,26.486352016118,25.2513485774447
7.888,3,26.4865089186506,25.2632586520364
7.89,3,26.4866590726871,25.2742898109077
7.892,3,26.4868027684855,25.2837635919432
7.894,3,26.4869402838195,25.2914719398197
7.896,3,26.4870718845154,25.2974781587589
7.898,3,26.4871978249664,25.3019839965572
7.9,3,26.4873183486237,25.3052451087123
7.902,3,26.4874336884679,25.3075206626272
7.904,3,26.4875440674585,25.309046119488
7.906,3,26.4876496989657,25.2343221433398
7.908,3,26.4877507871822,25.2020151338464
7.91,3,26.4878475275184,25.1955138222968
7.912,3,26.48794010698,25.2034140043274
7.914,3,26.4880287045293,25.2939123985877
7.916,3,26.4881134914312,25.268123264398
7.918,3,26.4881946315847,25.1828738163704
7.92,3,26.4882722818391,25.1500322730284
7.922,3,26.4883465922977,25.1483764457433
7.924,3,26.4884177066075,25.2392114756356
7.926,3,26.4884857622372,25.2190006034169
7.928,3,26.4885508907432,25.217272666907
7.93,3,26.488613218023,25.2255705453325
7.932,3,26.4886728645597,25.1626963967364
7.934,3,26.4887299456539,25.1437770041226
7.936,3,26.4887845716473,25.1501619683009
7.938,3,26.4888368481355,25.2451081995017
7.94,3,26.4888868761727,25.2265074750096
7.942,3,26.4889347524664,25.2248971858194
7.944,3,26.4889805695646,25.2325052850437
7.946,3,26.4890244160349,25.2442778260174
7.948,3,26.4890663766356,25.2571089831157
7.95,3,26.4891065324792,25.2692382198011
7.952,3,26.4891449611898,25.2040971605937
7.954,3,26.4891817370526,25.1798829383977
7.956,3,26.4892169311579,25.1798811369712
7.958,3,26.4892506115382,25.1927898028752
7.96,3,26.4892828433,25.1356094989491
7.962,3,26.4893136887494,25.1223994873003
7.964,3,26.4893432075129,25.1339386232263
7.966,3,26.4893714566521,25.1575353693818
7.968,3,26.4893984907746,25.1852324407505
7.97,3,26.4894243621391,25.2123822525532
7.972,3,26.4894491207568,25.2365606814089
7.974,3,26.4894728144877,25.1810695080911
7.976,3,26.4894954891334,25.239972351317
7.978,3,26.4895171885255,25.2026598426597
7.98,3,26.4895379546104,25.1934259218634
7.982,3,26.4895578275304,25.2000751185618
7.984,3,26.4895768457011,25.2145370928659
7.986,3,26.489595045886,25.231737573714
7.988,3,26.4896124632673,25.2487006324865
7.99,3,26.4896291315139,25.2638629087894
7.992,3,26.4896450828466,25.2765685343235
7.994,3,26.4896603481005,25.2867102556807
7.996,3,26.4896749567844,25.2944839315389
7.998,3,26.4896889371377,25.3002277123025
8,3,26.4897023161856,25.30432224555
8.002,3,26.4897151197905,25.3071332703407
8.004,3,26.4897273727027,25.2332835616975
8.006,3,26.489739098608,25.2772441414024
8.008,3,26.4897503201732,25.2282856996464
8.01,3,26.4897610590905,25.2860118052091
8.012,3,26.4897713361189,25.319226854717
8.014,3,26.4897811711245,25.3360941855688
8.016,3,26.4897905831192,25.2668811032099
8.018,3,26.4897995902968,25.3099980310422
8.02,3,26.489808210069,25.333055984549
8.022,3,26.4898164590983,25.2674436585949
8.024,3,26.4898243533306,25.3124250214772
8.026,3,26.4898319080261,25.4119364925373
8.028,3,26.4898391377884,25.4550036218226
8.03,3,26.4898460565932,25.3880246264315
8.032,3,26.489852677815,25.2689785685078
8.034,3,26.4898590142531,25.1339192401347
8.036,3,26.4898650781562,25.0793502250656
8.038,3,26.4898708812462,25.1487840625413
8.04,3,26.489876434741,25.1260867020172
8.042,3,26.4898817493758,25.1322031811551
8.044,3,26.4898868354242,25.1530797971877
8.046,3,26.4898917027177,25.1797662170463
8.048,3,26.4898963606654,25.206916634653
8.05,3,26.4899008182712,25.1559359037174
8.052,3,26.489905084152,25.1440254267149
8.054,3,26.489909166554,25.1541230920181
8.056,3,26.4899130733689,25.1749591053159
8.058,3,26.4899168121487,25.1994644742581
8.06,3,26.4899203901208,25.1478088773504
8.062,3,26.4899238142017,25.1363406608425
8.064,3,26.4899270910102,25.1474325995745
8.066,3,26.4899302268807,25.1694590939139
8.068,3,26.4899332278751,25.1951420678655
8.07,3,26.4899360997945,25.2202399030667
8.072,3,26.4899388481904,25.242548679758
8.074,3,26.4899414783757,25.1854695986459
8.076,3,26.4899439954349,25.2430914830318
8.078,3,26.4899464042334,25.2804870268387
8.08,3,26.4899487094276,25.2277079864875
8.082,3,26.4899509154737,25.207755013421
8.084,3,26.4899530266362,25.2072744863998
8.086,3,26.4899550469959,25.2172242761117
8.088,3,26.4899569804584,25.2317536035167
8.09,3,26.4899588307613,25.2472907961762
8.092,3,26.4899606014813,25.261831932579
8.094,3,26.4899622960412,25.2744068098177
8.096,3,26.4899639177168,25.2846921686164
8.098,3,26.489965469643,25.2170426928369
8.1,3,26.4899669548197,25.2659122042863
8.102,3,26.4899683761177,25.2963885859561
8.104,3,26.4899697362847,25.2383507625675
8.106,3,26.4899710379499,25.2145433572335
8.108,3,26.4899722836295,25.2870365458218
8.11,3,26.4899734757314,25.3280244044682
8.112,3,26.4899746165602,25.3481679865982
8.114,3,26.489975708321,25.3552091133862
8.116,3,26.4899767531244,25.354568956904
8.118,3,26.48997775299,25.3498962491489
8.12,3,26.4899787098507,25.343534525055
8.122,3,26.489979625556,25.3369000786304
8.124,3,26.4899805018762,25.330775007721
8.126,3,26.4899813405052,25.3255260608753
8.128,3,26.4899821430641,25.3212623218754
8.13,3,26.4899829111044,25.3179447190986
8.132,3,26.4899836461106,25.391157956964
8.134,3,26.4899843495037,25.4222533812527
8.136,3,26.4899850226433,25.4278221974872
8.138,3,26.4899856668307,25.4192303670837
8.14,3,26.4899862833111,25.4039359269303
8.142,3,26.4899868732762,25.3865770932179
8.144,3,26.4899874378665,25.3698307537402
8.146,3,26.4899879781733,25.355063799383
8.148,3,26.4899884952411,25.3428097116893
8.15,3,26.4899889900695,25.4088038556916
8.152,3,26.4899894636149,25.4343084111181
8.154,3,26.4899899167927,25.4357063399512
8.156,3,26.4899903504791,25.348413501971
8.158,3,26.4899907655122,25.2981442918715
8.16,3,26.4899911626945,25.3482767167836
8.162,3,26.4899915427937,25.3712974441902
8.164,3,26.4899919065445,25.3775899058235
8.166,3,26.4899922546501,25.2986427407169
8.168,3,26.4899925877834,25.333434616482
8.17,3,26.4899929065884,25.3497404759828
8.172,3,26.4899932116814,25.3545800946378
8.174,3,26.4899935036521,25.3528281550613
8.176,3,26.4899937830649,25.4234333620789
8.178,3,26.48999405046,25.3742537874111
8.18,3,26.4899943063542,25.3417565923434
8.182,3,26.4899945512421,25.2456630252499
8.184,3,26.4899947855973,25.2765411672055
8.186,3,26.4899950098727,25.2963753455553
8.188,3,26.4899952245018,25.3083632241295
8.19,3,26.4899954298996,25.3906831436571
8.192,3,26.4899956264631,25.3509822804229
8.194,3,26.4899958145722,25.3258360287506
8.196,3,26.4899959945906,25.3109322678486
8.198,3,26.4899961668663,25.3786597588786
8.2,3,26.4899963317322,25.4080636542815
8.202,3,26.4899964895072,25.4141310013884
8.204,3,26.4899966404961,25.3314573415313
8.206,3,26.4899967849909,25.3610235441054
8.208,3,26.4899969232709,25.3718201077005
8.21,3,26.4899970556033,25.2958440281961
8.212,3,26.489997182244,25.2567974188101
8.214,3,26.4899973034378,25.2412956946646
8.216,3,26.489997419419,25.2398782827077
8.218,3,26.4899975304117,25.2461106508813
8.22,3,26.4899976366306,25.2558068433879
8.222,3,26.4899977382809,25.2663930036299
8.224,3,26.4899978355591,25.2764088908669
8.226,3,26.4899979286534,25.3608310924253
8.228,3,26.4899980177435,25.3251974650228
8.23,3,26.4899981030019,25.3047647608668
8.232,3,26.4899981845932,25.2944539584317
8.234,3,26.4899982626752,25.2148589665341
8.236,3,26.4899983373989,25.1818756243739
8.238,3,26.4899984089086,25.1770013758251
8.24,3,26.4899984773426,25.1875962283191
8.242,3,26.4899985428333,25.2053936803502
8.244,3,26.4899986055071,25.225275087808
8.246,3,26.4899986654853,25.2443054635527
8.248,3,26.4899987228838,25.2610038384149
8.25,3,26.4899987778135,25.2748107050237
8.252,3,26.4899988303807,25.2100141915583
8.254,3,26.4899988806869,25.1853996968302
8.256,3,26.4899989288294,25.1846399841077
8.258,3,26.4899989749012,25.1966748452232
8.26,3,26.4899990189915,25.2143440997656
8.262,3,26.4899990611854,25.2332737801328
8.264,3,26.4899991015645,25.251007246789
8.266,3,26.4899991402069,25.2663526580845
8.268,3,26.4899991771873,25.278910204506
8.27,3,26.4899992125771,25.2887418551099
8.272,3,26.4899992464447,25.2961496875117
8.274,3,26.4899992788557,25.3772329112693
8.276,3,26.4899993098727,25.4138990326715
8.278,3,26.4899993395556,25.4232627379396
8.28,3,26.4899993679618,25.3414454608566
8.282,3,26.4899993951462,25.2190846715294
8.284,3,26.4899994211614,25.1628811452535
8.286,3,26.4899994460577,25.1475003569926
8.288,3,26.4899994698832,25.155404657957
8.29,3,26.4899994926839,25.1749446633572
8.292,3,26.4899995145039,25.1230614964374
8.294,3,26.4899995353855,25.1896133237398
8.296,3,26.4899995553689,25.1613495618372
8.298,3,26.4899995744928,25.1610176788584
8.3,3,26.4899995927942,25.1756120908791
8.302,3,26.4899996103084,25.1967249324674
8.304,3,26.4899996270694,25.2192297078126
8.306,3,26.4899996431094,25.2402555429763
8.308,3,26.4899996584595,25.2584176266305
8.31,3,26.4899996731494,25.1975612876723
8.312,3,26.4899996872075,25.176276783247
8.314,3,26.489999700661,25.2538919657005
8.316,3,26.4899997135358,25.3008821583888
8.318,3,26.4899997258568,25.251206155887
8.32,3,26.4899997376479,25.3062874929814
8.322,3,26.4899997489319,25.260392279321
8.324,3,26.4899997597305,25.2408840167186
8.326,3,26.4899997700647,25.2373709119144
8.328,3,26.4899997799544,25.3184322222878
8.33,3,26.4899997894187,25.3608900546558
8.332,3,26.489999798476,25.3785737308854
8.334,3,26.4899998071437,25.3813022861305
8.336,3,26.4899998154386,25.3757873331829
8.338,3,26.4899998233767,25.3664211684942
8.34,3,26.4899998309734,25.355925905036
8.342,3,26.4899998382433,25.3458644365221
8.344,3,26.4899998452006,25.3370272986748
8.346,3,26.4899998518587,25.3297151759526
8.348,3,26.4899998582303,25.323937883165
8.35,3,26.4899998643279,25.3952480896938
8.352,3,26.4899998701633,25.4249251199292
8.354,3,26.4899998757477,25.3537750274549
8.356,3,26.4899998810919,25.3872830367792
8.358,3,26.4899998862062,25.3975897006092
8.36,3,26.4899998911006,25.3945079627623
8.362,3,26.4899998957844,25.3845915590748
8.364,3,26.4899999002668,25.3720095573598
8.366,3,26.4899999045564,25.3592480276048
8.368,3,26.4899999086615,25.4233492019961
8.37,3,26.48999991259,25.3707099224804
8.372,3,26.4899999163496,25.4124166635088
8.374,3,26.4899999199475,25.3489154606693
8.376,3,26.4899999233906,25.3869815496066
8.378,3,26.4899999266856,25.3997483797702
8.38,3,26.4899999298389,25.3977653725615
8.382,3,26.4899999328566,25.3881133288805
8.384,3,26.4899999357445,25.3753247016495
8.386,3,26.4899999385082,25.362125805607
8.388,3,26.489999941153,25.3500108292164
8.39,3,26.489999943684,25.3396695091797
8.392,3,26.4899999461062,25.3312945667011
8.394,3,26.4899999484242,25.4004936065221
8.396,3,26.4899999506426,25.4285272311353
8.398,3,26.4899999527655,25.4318442629408
8.4,3,26.4899999547971,25.4973537157161
8.402,3,26.4899999567413,25.5138603083585
8.404,3,26.4899999586019,25.4269100639291
8.406,3,26.4899999603824,25.369076227786
8.408,3,26.4899999620864,25.4081744217699
8.41,3,26.4899999637171,25.4193999273675
8.412,3,26.4899999652777,25.4146555414573
8.414,3,26.4899999667711,25.4018641119359
8.416,3,26.4899999682003,25.3860443868804
8.418,3,26.489999969568,25.294472372886
8.42,3,26.4899999708769,25.322944159782
8.422,3,26.4899999721295,25.4126143729542
8.424,3,26.4899999733283,25.4503671472417
8.426,3,26.4899999744754,25.3810120896886
8.428,3,26.4899999755733,25.3370901204768
8.43,3,26.4899999766239,25.2353653191136
8.432,3,26.4899999776293,25.2642571770703
8.434,3,26.4899999785915,25.2842446314188
8.436,3,26.4899999795123,25.2975114916876
8.438,3,26.4899999803935,25.2301865639437
8.44,3,26.4899999812368,25.2779318793642
8.442,3,26.4899999820438,25.3066225348014
8.444,3,26.4899999828161,25.3223214128709
8.446,3,26.4899999835552,25.3295435364011
8.448,3,26.4899999842625,25.331532979993
8.45,3,26.4899999849394,25.3305359594181
8.452,3,26.4899999855871,25.3280449301638
8.454,3,26.489999986207,25.3250031362211
8.456,3,26.4899999868003,25.3219678824167
8.458,3,26.489999987368,25.3192356834183
8.46,3,26.4899999879113,25.3169347333138
8.462,3,26.4899999884313,25.3150908238315
8.464,3,26.4899999889289,25.313672599261
8.466,3,26.489999989405,25.3126213270273
8.468,3,26.4899999898607,25.3118694736274
8.47,3,26.4899999902968,25.3113514781103
8.472,3,26.4899999907142,25.3867082195912
8.474,3,26.4899999911136,25.4193857515601
8.476,3,26.4899999914958,25.4260811861348
8.478,3,26.4899999918615,25.4182619101156
8.48,3,26.4899999922116,25.4034749860676
8.482,3,26.4899999925466,25.3864322577358
8.484,3,26.4899999928672,25.3698687632969
8.486,3,26.4899999931739,25.3551955522344
8.488,3,26.4899999934675,25.3429784458582
8.49,3,26.4899999937485,25.333276737574
8.492,3,26.4899999940174,25.32587378334
8.494,3,26.4899999942747,25.3204271885941
8.496,3,26.4899999945209,25.3165613004055
8.498,3,26.4899999947566,25.3139198076296
8.5,3,26.4899999949821,25.3121918788432
8.502,3,26.489999995198,25.3111216106684
8.504,3,26.4899999954045,25.3105076445266
8.506,3,26.4899999956021,25.3101975789317
8.508,3,26.4899999957913,25.3100801582026
8.51,3,26.4899999959723,25.310077046482
8.512,3,26.4899999961456,25.3101351925097
8.514,3,26.4899999963113,25.3102202629595
8.516,3,26.48999999647,25.3103112936465
8.518,3,26.4899999966218,25.3103965180195
8.52,3,26.4899999967671,25.3104702351026
8.522,3,26.4899999969062,25.4619283761595
8.524,3,26.4899999970392,25.5277599552928
8.526,3,26.4899999971666,25.541437333167
8.528,3,26.4899999972884,25.4502567816697
8.53,3,26.4899999974051,25.3878630774934
8.532,3,26.4899999975167,25.1955789663575
8.534,3,26.4899999976235,25.1044115900782
8.536,3,26.4899999977257,25.076158463302
8.538,3,26.4899999978235,25.0842402754826
8.54,3,26.4899999979171,25.1108985745507
8.542,3,26.4899999980067,25.0691320440867
8.544,3,26.4899999980924,25.0707018626295
8.546,3,26.4899999981745,25.095224093487
8.548,3,26.489999998253,25.1295645183955
8.55,3,26.4899999983281,25.1657508322444
8.552,3,26.4899999984001,25.1236510276648
8.554,3,26.4899999984689,25.1196623333252
8.556,3,26.4899999985347,25.1363885082798
8.558,3,26.4899999985977,25.162509238266
8.56,3,26.4899999986581,25.1910612202715
8.562,3,26.4899999987158,25.2180916009529
8.564,3,26.489999998771,25.2416428579154
8.566,3,26.4899999988239,25.2610145976303
8.568,3,26.4899999988745,25.2762458655267
8.57,3,26.4899999989229,25.2120672115048
8.572,3,26.4899999989692,25.2632784579489
8.574,3,26.4899999990135,25.2952634149958
8.576,3,26.489999999056,25.3138399457272
8.578,3,26.4899999990966,25.2477346301882
8.58,3,26.4899999991354,25.2943983295413
8.582,3,26.4899999991726,25.3208870836691
8.584,3,26.4899999992082,25.3340040327938
8.586,3,26.4899999992423,25.3386964192571
8.588,3,26.4899999992748,25.3384336300213
8.59,3,26.489999999306,25.3355546309487
8.592,3,26.4899999993359,25.2558658724294
8.594,3,26.4899999993644,25.2187853136392
8.596,3,26.4899999993918,25.208083550491
8.598,3,26.4899999994179,25.2882023476156
8.6,3,26.489999999443,25.3331411921327
8.602,3,26.4899999994669,25.3548864702348
8.604,3,26.4899999994899,25.3621185485603
8.606,3,26.4899999995118,25.3608982753085
8.608,3,26.4899999995328,25.3552915651703
8.61,3,26.4899999995529,25.3478993259099
8.612,3,26.4899999995721,25.3402846105689
8.614,3,26.4899999995905,25.3333028111787
8.616,3,26.4899999996081,25.3273475644814
8.618,3,26.489999999625,25.2468285269084
8.62,3,26.4899999996411,25.2858961234783
8.622,3,26.4899999996566,25.3091736985578
8.624,3,26.4899999996713,25.3217344817092
8.626,3,26.4899999996855,25.3273412714205
8.628,3,26.489999999699,25.3286867587315
8.63,3,26.4899999997119,25.3276272854155
8.632,3,26.4899999997243,25.3253900303918
8.634,3,26.4899999997362,25.3227455793505
8.636,3,26.4899999997475,25.3201450044351
8.638,3,26.4899999997584,25.3178244911373
8.64,3,26.4899999997688,25.3158823347997
8.642,3,26.4899999997787,25.3143336050844
8.644,3,26.4899999997883,25.3131475076253
8.646,3,26.4899999997974,25.3879707498854
8.648,3,26.4899999998061,25.4959381260037
8.65,3,26.4899999998144,25.5352233941537
8.652,3,26.4899999998224,25.4583105008024
8.654,3,26.48999999983,25.4027295753681
8.656,3,26.4899999998374,25.364008672493
8.658,3,26.4899999998443,25.4137982091741
8.66,3,26.489999999851,25.4301693932679
8.662,3,26.4899999998574,25.4271058276476
8.664,3,26.4899999998636,25.413981833254
8.666,3,26.4899999998694,25.3210898926611
8.668,3,26.4899999998751,25.270531920752
8.67,3,26.4899999998804,25.3232356069581
8.672,3,26.4899999998856,25.3500988134474
8.674,3,26.4899999998905,25.3605323419105
8.676,3,26.4899999998952,25.3611756641793
8.678,3,26.4899999998997,25.2808363457672
8.68,3,26.489999999904,25.2409444154136
8.682,3,26.4899999999082,25.3022555046077
8.684,3,26.4899999999121,25.3357789120955
8.686,3,26.4899999999159,25.2754781220503
8.688,3,26.4899999999195,25.2467997581939
8.69,3,26.489999999923,25.2378132092294
8.692,3,26.4899999999263,25.2402134572384
8.694,3,26.4899999999295,25.2484483570632
8.696,3,26.4899999999325,25.2589815958505
8.698,3,26.4899999999354,25.2697007415005
8.7,3,26.4899999999382,25.2794610771603
8.702,3,26.4899999999408,25.2877468598347
8.704,3,26.4899999999434,25.2944286230749
8.706,3,26.4899999999458,25.2995956445299
8.708,3,26.4899999999481,25.3034450269004
8.71,3,26.4899999999504,25.3062119129579
8.712,3,26.4899999999525,25.2324296034576
8.714,3,26.4899999999546,25.2765104033169
8.716,3,26.4899999999565,25.2276884811195
8.718,3,26.4899999999584,25.2098474056193
8.72,3,26.4899999999602,25.2102864513285
8.722,3,26.4899999999619,25.2204292968102
8.724,3,26.4899999999635,25.2347452404958
8.726,3,26.4899999999651,25.249873392223
8.728,3,26.4899999999666,25.2639415321563
8.73,3,26.489999999968,25.2760559941148
8.732,3,26.4899999999694,25.2859330872075
8.734,3,26.4899999999707,25.2936423642504
8.736,3,26.489999999972,25.2994348663246
8.738,3,26.4899999999732,25.3036336289927
8.74,3,26.4899999999743,25.3065681936166
8.742,3,26.4899999999754,25.3085390460837
8.744,3,26.4899999999765,25.30980152286
8.746,3,26.4899999999775,25.3105616856196
8.748,3,26.4899999999785,25.3109789847834
8.75,3,26.4899999999794,25.3111722800903
8.752,3,26.4899999999803,25.3112270569601
8.754,3,26.4899999999811,25.3112025682414
8.756,3,26.489999999982,25.3111382313084
8.758,3,26.4899999999827,25.3110589967351
8.76,3,26.4899999999835,25.2352807210627
8.762,3,26.4899999999842,25.2780158590356
8.764,3,26.4899999999849,25.304026752469
8.766,3,26.4899999999855,25.3185529497861
8.768,3,26.4899999999861,25.3255217213538
8.77,3,26.4899999999867,25.4034719302178
8.772,3,26.4899999999873,25.4358778113647
8.774,3,26.4899999999879,25.4408006981161
8.776,3,26.4899999999884,25.3548846077163
8.778,3,26.4899999999889,25.2290119021076
8.78,3,26.4899999999894,25.169956010791
8.782,3,26.4899999999898,25.1523560535333
8.784,3,26.4899999999902,25.1585978347637
8.786,3,26.4899999999907,25.1769362151511
8.788,3,26.4899999999911,25.1242157722359
8.79,3,26.4899999999915,25.1902072336805
8.792,3,26.4899999999918,25.2372849805686
8.794,3,26.4899999999922,25.1939324526475
8.796,3,26.4899999999925,25.1823392958757
8.798,3,26.4899999999928,25.1888247319808
8.8,3,26.4899999999931,25.2043097562522
8.802,3,26.4899999999934,25.2230651345896
8.804,3,26.4899999999937,25.2417132147005
8.806,3,26.489999999994,25.2584635906571
8.808,3,26.4899999999943,25.2725488971411
8.81,3,26.4899999999945,25.283822999592
8.812,3,26.4899999999947,25.2924854324098
8.814,3,26.489999999995,25.3745992683426
8.816,3,26.4899999999952,25.3363759342715
8.818,3,26.4899999999954,25.3134591035704
8.82,3,26.4899999999956,25.3009656443648
8.822,3,26.4899999999958,25.2952630794689
8.824,3,26.489999999996,25.2937443036202
8.826,3,26.4899999999961,25.2946062604472
8.828,3,26.4899999999963,25.2966525745062
8.83,3,26.4899999999965,25.2991284358318
8.832,3,26.4899999999966,25.3015889780658
8.834,3,26.4899999999968,25.3037985062312
8.836,3,26.4899999999969,25.3056561196553
8.838,3,26.489999999997,25.3071427497476
8.84,3,26.4899999999971,25.3082848435426
8.842,3,26.4899999999973,25.3091305072182
8.844,3,26.4899999999974,25.3097346479178
8.846,3,26.4899999999975,25.3101503800074
8.848,3,26.4899999999976,25.3104246197486
8.85,3,26.4899999999977,25.3105963480669
8.852,3,26.4899999999978,25.3106964674293
8.854,3,26.4899999999979,25.3107485228402
8.856,3,26.489999999998,25.3107698124389
8.858,3,26.4899999999981,25.3107725962191
8.86,3,26.4899999999982,25.3107652377756
8.862,3,26.4899999999982,25.3107531976529
8.864,3,26.4899999999983,25.3107398495272
8.866,3,26.4899999999984,25.3107271213691
8.868,3,26.4899999999985,25.3107159800022
8.87,3,26.4899999999985,25.3107067843367
8.872,3,26.4899999999986,25.3106995337129
8.874,3,26.4899999999987,25.3106940358117
8.876,3,26.4899999999987,25.3106900150995
8.878,3,26.4899999999988,25.3106871788665
8.88,3,26.4899999999988,25.3106852541342
8.882,3,26.4899999999989,25.3106840053853
8.884,3,26.4899999999989,25.3106832403244
8.886,3,26.489999999999,25.3106828086793
8.888,3,26.489999999999,25.3106825974156
8.89,3,26.489999999999,25.3106825245126
8.892,3,26.4899999999991,25.3106825325804
8.894,3,26.4899999999991,25.310682583025
8.896,3,26.4899999999992,25.3863815687646
8.898,3,26.4899999999992,25.3435749100453
8.9,3,26.4899999999992,25.317503697283
8.902,3,26.4899999999993,25.227230188941
8.904,3,26.4899999999993,25.263030888759
8.906,3,26.4899999999993,25.3625221497805
8.908,3,26.4899999999994,25.4104555030314
8.91,3,26.4899999999994,25.4261668646073
8.912,3,26.4899999999994,25.3474475915085
8.914,3,26.4899999999994,25.301845218048
8.916,3,26.4899999999995,25.2784018595183
8.918,3,26.4899999999995,25.3447865797204
8.92,3,26.4899999999995,25.3768176459219
8.922,3,26.4899999999995,25.3873696825216
8.924,3,26.4899999999995,25.3097285374128
8.926,3,26.4899999999996,25.2684237533179
8.928,3,26.4899999999996,25.250570476044
8.93,3,26.4899999999996,25.2469838097027
8.932,3,26.4899999999996,25.3270571413919
8.934,3,26.4899999999996,25.3681369288767
8.936,3,26.4899999999997,25.3086716631733
8.938,3,26.4899999999997,25.2771627375259
8.94,3,26.4899999999997,25.3393691182347
8.942,3,26.4899999999997,25.3697069366996
8.944,3,26.4899999999997,25.3800579166167
8.946,3,26.4899999999997,25.3787301262478
8.948,3,26.4899999999997,25.3713061538301
8.95,3,26.4899999999997,25.3613643567542
8.952,3,26.4899999999998,25.3510612480293
8.954,3,26.4899999999998,25.3415823606206
8.956,3,26.4899999999998,25.2577795667509
8.958,3,26.4899999999998,25.2940154093958
8.96,3,26.4899999999998,25.3149817253592
8.962,3,26.4899999999998,25.325736894233
8.964,3,26.4899999999998,25.3299858912166
8.966,3,26.4899999999998,25.3303463772163
8.968,3,26.4899999999998,25.3285978941961
8.97,3,26.4899999999998,25.3258974574975
8.972,3,26.4899999999998,25.322955952601
8.974,3,26.4899999999998,25.3201762227801
8.976,3,26.4899999999999,25.3177571012811
8.978,3,26.4899999999999,25.3157690172396
8.98,3,26.4899999999999,25.3142069824374
8.982,3,26.4899999999999,25.3130262877357
8.984,3,26.4899999999999,25.3121654570438
8.986,3,26.4899999999999,25.3115601414213
8.988,3,26.4899999999999,25.3111508110846
8.99,3,26.4899999999999,25.3108863812229
8.992,3,26.4899999999999,25.3107253118328
8.994,3,26.4899999999999,25.3106352521264
8.996,3,26.4899999999999,25.3105919439846
8.998,3,26.4899999999999,25.3105778385576
9,3,26.4899999999999,25.3105806964415
9.002,3,26.4899999999999,25.3105923172592
9.004,3,26.4899999999999,25.3106074636271
9.006,3,26.4899999999999,25.2349240772882
9.008,3,26.4899999999999,25.2020460927954
9.01,3,26.4899999999999,25.1952372765025
9.012,3,26.4899999999999,25.2030007880996
9.014,3,26.4899999999999,25.2177681735357
9.016,3,26.4899999999999,25.2348126075797
9.018,3,26.4899999999999,25.3270878847337
9.02,3,26.4899999999999,25.4503697472576
9.022,3,26.4899999999999,25.5023182617149
9.024,3,26.4899999999999,25.4354051363024
9.026,3,26.4899999999999,25.3117179319808
9.028,3,26.4899999999999,25.1699656947796
9.03,3,26.4899999999999,25.1082703155607
9.032,3,26.4899999999999,25.0953510927229
9.034,3,26.4899999999999,25.1097148495088
9.036,3,26.4899999999999,25.1372085005998
9.038,3,26.4899999999999,25.1689896197158
9.04,3,26.4899999999999,25.1999201862096
9.042,3,26.4899999999999,25.2273445055272
9.044,3,26.4899999999999,25.1744936715061
9.046,3,26.4899999999999,25.1597544597561
9.048,3,26.4899999999999,25.1667914238602
9.05,3,26.4899999999999,25.1847451283734
9.052,3,26.4899999999999,25.2067477815129
9.054,3,26.4899999999999,25.228737797161
9.056,3,26.4899999999999,25.2485507468282
9.058,3,26.4899999999999,25.2652474047703
9.06,3,26.4899999999999,25.2786345326897
9.062,3,26.4899999999999,25.2889357316362
9.064,3,26.4899999999999,25.2965747967663
9.066,3,26.4899999999999,25.2263415240254
9.068,3,26.4899999999999,25.2729155728821
9.07,3,26.4899999999999,25.3014767876225
9.072,3,26.4899999999999,25.3176145115897
9.074,3,26.4899999999999,25.2498362667224
9.076,3,26.4899999999999,25.2954005212766
9.078,3,26.4899999999999,25.32120412878
9.08,3,26.4899999999999,25.333924460209
9.082,3,26.4899999999999,25.3384132199018
9.084,3,26.4899999999999,25.3380698056209
9.086,3,26.4899999999999,25.3351837245479
9.088,3,26.4899999999999,25.3312267145105
9.09,3,26.4899999999999,25.3270892163553
9.092,3,26.4899999999999,25.3232638349454
9.094,3,26.4899999999999,25.3199824271193
9.096,3,26.4899999999999,25.3173149330744
9.098,3,26.4899999999999,25.3152380547178
9.1,3,26.4899999999999,25.3136810778552
9.102,3,26.4899999999999,25.3125549847963
9.104,3,26.4899999999999,25.3117697839469
9.106,3,26.4899999999999,25.3869427639113
9.108,3,26.4899999999999,25.3438002462449
9.11,3,26.4899999999999,25.3932266282315
9.112,3,26.4899999999999,25.3357355908221
9.114,3,26.4899999999999,25.3783071572748
9.116,3,26.4899999999999,25.3943324784567
9.118,3,26.4899999999999,25.3946214572138
9.12,3,26.4899999999999,25.3864911497377
9.122,3,26.4899999999999,25.3746740291678
9.124,3,26.4899999999999,25.4377562860535
9.126,3,26.4899999999999,25.4588507056549
9.128,3,26.4899999999999,25.4554748813766
9.13,3,26.4899999999999,25.3636855566906
9.132,3,26.4899999999999,25.3095114863789
9.134,3,26.4899999999999,25.3564399061222
9.136,3,26.4899999999999,25.3769465534691
9.138,3,26.4899999999999,25.3813409393288
9.14,3,26.4899999999999,25.3767104079495
9.142,3,26.4899999999999,25.443423638974
9.144,3,26.4899999999999,25.4658947826816
9.146,3,26.4899999999999,25.4625578180561
9.148,3,26.4899999999999,25.4457890735466
9.15,3,26.4899999999999,25.3478144692658
9.152,3,26.4899999999999,25.2919087634838
9.154,3,26.4899999999999,25.3396511780883
9.156,3,26.4899999999999,25.3622488361601
9.158,3,26.4899999999999,25.3692087750778
9.16,3,26.4899999999999,25.2914446995599
9.162,3,26.4899999999999,25.2518789102852
9.164,3,26.4899999999999,25.236585791894
9.166,3,26.4899999999999,25.3114433769266
9.168,3,26.4899999999999,25.3512830962261
9.17,3,26.4899999999999,25.3685189388372
9.172,3,26.4899999999999,25.2963021555245
9.174,3,26.4899999999999,25.1835159050471
9.176,3,26.4899999999999,25.1359281091067
9.178,3,26.4899999999999,25.1278014670009
9.18,3,26.4899999999999,25.1415179491535
9.182,3,26.4899999999999,25.1655276272256
9.184,3,26.4899999999999,25.1169571558517
9.186,3,26.4899999999999,25.1858778177139
9.188,3,26.4899999999999,25.2349447379303
9.19,3,26.4899999999999,25.2685827462258
9.192,3,26.4899999999999,25.2906739758254
9.194,3,26.4899999999999,25.3044280379044
9.196,3,26.4899999999999,25.3123791726558
9.198,3,26.4899999999999,25.3164513866588
9.2,3,26.4899999999999,25.3180534123748
9.202,3,26.4899999999999,25.3181801969584
9.204,3,26.4899999999999,25.3175078560161
9.206,3,26.4899999999999,25.3164757712497
9.208,3,26.4899999999999,25.239654812714
9.21,3,26.4899999999999,25.2814022768753
9.212,3,26.4899999999999,25.2308533896613
9.214,3,26.4899999999999,25.2117791162862
9.216,3,26.4899999999999,25.2113699571366
9.218,3,26.4899999999999,25.2966525117829
9.22,3,26.4899999999999,25.3435107224013
9.222,3,26.4899999999999,25.2895570751939
9.224,3,26.4899999999999,25.2628735303692
9.226,3,26.4899999999999,25.2533642198704
9.228,3,26.4899999999999,25.2539509033028
9.23,3,26.4899999999999,25.2598629619275
9.232,3,26.4899999999999,25.268031063686
9.234,3,26.4899999999999,25.2765959494441
9.236,3,26.4899999999999,25.2845270838047
9.238,3,26.4899999999999,25.2913375243989
9.24,3,26.4899999999999,25.2968782370355
9.242,3,26.4899999999999,25.3011950724138
9.244,3,26.4899999999999,25.3044332704004
9.246,3,26.4899999999999,25.3067767314957
9.248,3,26.4899999999999,25.3084118201609
9.25,3,26.4899999999999,25.3095078212288
9.252,3,26.4899999999999,25.3102082047707
9.254,3,26.4899999999999,25.3106285162572
9.256,3,26.4899999999999,25.3108580076197
9.258,3,26.4899999999999,25.2352641843384
9.26,3,26.4899999999999,25.2780993061632
9.262,3,26.4899999999999,25.2284563583451
9.264,3,26.4899999999999,25.2101017178494
9.266,3,26.4899999999999,25.2859407439583
9.268,3,26.4899999999999,25.4045197034946
9.27,3,26.4899999999999,25.4584858039659
9.272,3,26.4899999999999,25.3969745644928
9.274,3,26.4899999999999,25.3556595594333
9.276,3,26.4899999999999,25.2534920856094
9.278,3,26.4899999999999,25.2046599486434
9.28,3,26.4899999999999,25.189086251588
9.282,3,26.4899999999999,25.1927833284929
9.284,3,26.4899999999999,25.1306919580295
9.286,3,26.4899999999999,25.1910475792155
9.288,3,26.4899999999999,25.2350373045104
9.29,3,26.4899999999999,25.1902600512879
9.292,3,26.4899999999999,25.1782696691265
9.294,3,26.4899999999999,25.1849449569941
9.296,3,26.4899999999999,25.2009141304461
9.298,3,26.4899999999999,25.2202627964954
9.3,3,26.4899999999999,25.239503802855
9.302,3,26.4899999999999,25.2567883928494
9.304,3,26.4899999999999,25.2713238826588
9.306,3,26.4899999999999,25.2829589311587
9.308,3,26.4899999999999,25.2162001862499
9.31,3,26.4899999999999,25.1899288781331
9.312,3,26.4899999999999,25.1878387247155
9.314,3,26.4899999999999,25.1988484793478
9.316,3,26.4899999999999,25.1400576907459
9.318,3,26.4899999999999,25.2012488523263
9.32,3,26.4899999999999,25.1689783526092
9.322,3,26.4899999999999,25.2414560257061
9.324,3,26.4899999999999,25.2112353106904
9.326,3,26.4899999999999,25.2049364359175
9.328,3,26.4899999999999,25.2120145844446
9.33,3,26.4899999999999,25.2255269018311
9.332,3,26.4899999999999,25.2411363660469
9.334,3,26.4899999999999,25.2563234562273
9.336,3,26.4899999999999,25.2697864268949
9.338,3,26.4899999999999,25.2810013389444
9.34,3,26.4899999999999,25.2899106976291
9.342,3,26.4899999999999,25.2967113952081
9.344,3,26.4899999999999,25.3017165329878
9.346,3,26.4899999999999,25.3052702741658
9.348,3,26.4899999999999,25.3076993768861
9.35,3,26.4899999999999,25.3092890690178
9.352,3,26.4899999999999,25.3102742832368
9.354,3,26.4899999999999,25.3108399474252
9.356,3,26.4899999999999,25.3111260747901
9.358,3,26.4899999999999,25.3112349108629
9.36,3,26.4899999999999,25.3112384718687
9.362,3,26.4899999999999,25.2354866300889
9.364,3,26.4899999999999,25.2782155404543
9.366,3,26.4899999999999,25.3042034055031
9.368,3,26.4899999999999,25.3186998889135
9.37,3,26.4899999999999,25.3256383144376
9.372,3,26.4899999999999,25.3278619175541
9.374,3,26.4899999999999,25.327352072371
9.376,3,26.4899999999999,25.3254350466549
9.378,3,26.4899999999999,25.3229569019527
9.38,3,26.4899999999999,25.3204241464301
9.382,3,26.4899999999999,25.3181122448571
9.384,3,26.4899999999999,25.3161462802179
9.386,3,26.4899999999999,25.3145588053249
9.388,3,26.4899999999999,25.3133298222016
9.39,3,26.4899999999999,25.3881122036966
9.392,3,26.4899999999999,25.4203449138638
9.394,3,26.4899999999999,25.4267084997626
9.396,3,26.4899999999999,25.4186503655473
9.398,3,26.4899999999999,25.4036977410577
9.4,3,26.4899999999999,25.3865446746624
9.402,3,26.4899999999999,25.3699112518284
9.404,3,26.4899999999999,25.430895478517
9.406,3,26.4899999999999,25.3758494256526
9.408,3,26.4899999999999,25.3400666862804
9.41,3,26.4899999999999,25.3180869409103
9.412,3,26.4899999999999,25.3056363951412
9.414,3,26.4899999999999,25.3751946451438
9.416,3,26.4899999999999,25.405916711396
9.418,3,26.4899999999999,25.4128988143158
9.42,3,26.4899999999999,25.4065334404923
9.422,3,26.4899999999999,25.3179803865906
9.424,3,26.4899999999999,25.270042845653
9.426,3,26.4899999999999,25.2484931222979
9.428,3,26.4899999999999,25.3188394205571
9.43,3,26.4899999999999,25.2798448015702
9.432,3,26.4899999999999,25.2620961136892
9.434,3,26.4899999999999,25.2574276805513
9.436,3,26.4899999999999,25.2601945176393
9.438,3,26.4899999999999,25.2666528345782
9.44,3,26.4899999999999,25.2744420728158
9.442,3,26.4899999999999,25.2821722037569
9.444,3,26.4899999999999,25.2891078847895
9.446,3,26.4899999999999,25.29493543341
9.448,3,26.4899999999999,25.2995969594543
9.45,3,26.4899999999999,25.3031766771593
9.452,3,26.4899999999999,25.3058262605494
9.454,3,26.4899999999999,25.3077183842117
9.456,3,26.4899999999999,25.3090198781321
9.458,3,26.4899999999999,25.3098779904411
9.46,3,26.4899999999999,25.3104149952318
9.462,3,26.4899999999999,25.310727782238
9.464,3,26.4899999999999,25.3108901433807
9.466,3,26.4899999999999,25.3109562716413
9.468,3,26.4899999999999,25.3109645610305
9.47,3,26.4899999999999,25.310941192062
9.472,3,26.4899999999999,25.2352043313086
9.474,3,26.4899999999999,25.2779690914704
9.476,3,26.4899999999999,25.2283014778295
9.478,3,26.4899999999999,25.2099489713803
9.48,3,26.4899999999999,25.2101052931781
9.482,3,26.4899999999999,25.2958141848919
9.484,3,26.4899999999999,25.2672835442999
9.486,3,26.4899999999999,25.2563540941085
9.488,3,26.4899999999999,25.2558884569954
9.49,3,26.4899999999999,25.3367470972412
9.492,3,26.4899999999999,25.3015903406173
9.494,3,26.4899999999999,25.2837418382165
9.496,3,26.4899999999999,-4935.72738501231
9.498,3,26.4899999999999,-7091.42585190606
9.5,3,26.4899999999999,-7538.39502433119
9.502,3,26.4899999999999,-7030.21534216834
9.504,3,26.4899999999999,-6062.89666874283
9.506,3,26.4899999999999,-4946.30700999545
9.508,3,26.4899999999999,-3860.25194693212
9.51,3,26.4899999999999,-2897.66755458804
9.512,3,26.4899999999999,-2095.92215189379
9.514,3,26.4899999999999,-1459.06670450731
9.516,3,26.4899999999999,-972.911540056554
9.518,3,26.4899999999999,-615.168468405372
9.52,3,26.4899999999999,-361.279452251374
9.522,3,26.4899999999999,-187.748533817977
9.524,3,26.4899999999999,-74.267819833088
9.526,3,26.4899999999999,-3.93083593642383
9.528,3,26.4899999999999,36.4595249190291
9.53,3,26.4899999999999,56.8956970453078
9.532,3,26.4899999999999,64.6751394993922
9.534,3,26.4899999999999,64.9380949498883
9.536,3,26.4899999999999,61.1672364651959
9.538,3,26.4899999999999,55.6176794230533
9.54,3,26.4899999999999,49.6674229762114
9.542,3,26.4899999999999,44.0150777081637
9.544,3,26.4899999999999,39.2308434236873
9.546,3,26.4899999999999,35.3059801265171
9.548,3,26.4899999999999,32.1510110519991
9.55,3,26.4899999999999,29.7936386724172
9.552,3,26.4899999999999,28.0942156492819
9.554,3,26.4899999999999,26.9133437150822
9.556,3,26.4899999999999,26.1255154668304
9.558,3,26.4899999999999,25.6250173247792
9.56,3,26.4899999999999,25.4028223909247
9.562,3,26.4899999999999,25.1995532599875
9.564,3,26.4899999999999,25.1021363212013
9.566,3,26.4899999999999,25.0707754291979
9.568,3,26.4899999999999,25.0777314360217
9.57,3,26.4899999999999,25.1044318418345
9.572,3,26.4899999999999,25.1390249216945
9.574,3,26.4899999999999,25.17441224915
9.576,3,26.4899999999999,25.206730487634
9.578,3,26.4899999999999,25.2342225768448
9.58,3,26.4899999999999,25.2564279576132
9.582,3,26.4899999999999,25.2736228326847
9.584,3,26.4899999999999,25.2864489930416
9.586,3,26.4899999999999,25.2956798225068
9.588,3,26.4899999999999,25.3020825415142
9.59,3,26.4899999999999,25.3063453624999
9.592,3,26.4899999999999,25.3090464462495
9.594,3,26.4899999999999,25.3106482107961
9.596,3,26.4899999999999,25.311505720223
9.598,3,26.4899999999999,25.3118817530612
9.6,3,26.4899999999999,25.3119639451191
9.602,3,26.4899999999999,25.3118813464896
9.604,3,26.4899999999999,25.3117190320797
9.606,3,26.4899999999999,25.3115302322595
9.608,3,26.4899999999999,25.311345943966
9.61,3,26.4899999999999,25.3868811674621
9.612,3,26.4899999999999,25.4196367984427
9.614,3,26.4899999999999,25.3506501811314
9.616,3,26.4899999999999,25.3099212679707
9.618,3,26.4899999999999,25.2882794099404
9.62,3,26.4899999999999,25.2789509142544
9.622,3,26.4899999999999,25.2771087043234
9.624,3,26.4899999999999,25.279440070908
9.626,3,26.4899999999999,25.2837667309239
9.628,3,26.4899999999999,25.2887302758575
9.63,3,26.4899999999999,25.2935435315458
9.632,3,26.4899999999999,25.2978016023058
9.634,3,26.4899999999999,25.3013433885228
9.636,3,26.4899999999999,25.3041536848236
9.638,3,26.4899999999999,25.3062965787224
9.64,3,26.4899999999999,25.3835710299359
9.642,3,26.4899999999999,25.3418818132277
9.644,3,26.4899999999999,25.31657353297
9.646,3,26.4899999999999,25.3024975485996
9.648,3,26.4899999999999,25.2201010558993
9.65,3,26.4899999999999,25.2608054714653
9.652,3,26.4899999999999,25.3631310795364
9.654,3,26.4899999999999,25.3368167165473
9.656,3,26.4899999999999,25.3202063573038
9.658,3,26.4899999999999,25.3104096404964
9.66,3,26.4899999999999,25.3052129188481
9.662,3,26.4899999999999,25.3029818535716
9.664,3,26.4899999999999,25.3025523013674
9.666,3,26.4899999999999,25.3788246455866
9.668,3,26.4899999999999,25.4127684630785
9.67,3,26.4899999999999,25.3450932754728
9.672,3,26.4899999999999,25.3056120735196
9.674,3,26.4899999999999,25.2850608072372
9.676,3,26.4899999999999,25.2766314886407
9.678,3,26.4899999999999,25.2754976464875
9.68,3,26.4899999999999,25.278365726442
9.682,3,26.4899999999999,25.2830846006014
9.684,3,26.4899999999999,25.2883246013544
9.686,3,26.4899999999999,25.2933253043442
9.688,3,26.4899999999999,25.2977048619218
9.69,3,26.4899999999999,25.3013209739408
9.692,3,26.4899999999999,25.3041731136864
9.694,3,26.4899999999999,25.30633640135
9.696,3,26.4899999999999,25.3079188786974
9.698,3,26.4899999999999,25.3090354782904
9.7,3,26.4899999999999,25.3097934635377
9.702,3,26.4899999999999,25.3102854221125
9.704,3,26.4899999999999,25.310586978408
9.706,3,26.4899999999999,25.3107572480114
9.708,3,26.4899999999999,25.3108407093852
9.71,3,26.4899999999999,25.3108696464902
9.712,3,26.4899999999999,25.3108666547668
9.714,3,26.4899999999999,25.3108469335637
9.716,3,26.4899999999999,25.3108202384508
9.718,3,26.4899999999999,25.3107924594854
9.72,3,26.4899999999999,25.3107668442737
9.722,3,26.4899999999999,25.3107449109158
9.724,3,26.4899999999999,25.3107271054927
9.726,3,26.4899999999999,25.310713258448
9.728,3,26.4899999999999,25.3107028886958
9.73,3,26.4899999999999,25.3106953965229
9.732,3,26.4899999999999,25.3106901781492
9.734,3,26.4899999999999,25.31068668722
9.736,3,26.4899999999999,25.3863833795975
9.738,3,26.4899999999999,25.4192742369903
9.74,3,26.4899999999999,25.3503955070499
9.742,3,26.4899999999999,25.3097492557696
9.744,3,26.4899999999999,25.3638673684289
9.746,3,26.4899999999999,25.3874745662324
9.748,3,26.4899999999999,25.3924831214261
9.75,3,26.4899999999999,25.3113814639172
9.752,3,26.4899999999999,25.2680683648913
9.754,3,26.4899999999999,25.2491793107182
9.756,3,26.4899999999999,25.3208765786232
9.758,3,26.4899999999999,25.3581001675395
9.76,3,26.4899999999999,25.3732682469559
9.762,3,26.4899999999999,25.3751790926939
9.764,3,26.4899999999999,25.3698324643475
9.766,3,26.4899999999999,25.3611437739095
9.768,3,26.4899999999999,25.3515306040348
9.77,3,26.4899999999999,25.2666743572264
9.772,3,26.4899999999999,25.1500727729121
9.774,3,26.4899999999999,25.1037513100753
9.776,3,26.4899999999999,25.0994756114142
9.778,3,26.4899999999999,25.1180411025705
9.78,3,26.4899999999999,25.1469533895442
9.782,3,26.4899999999999,25.1028302389359
9.784,3,26.4899999999999,25.1755165246992
9.786,3,26.4899999999999,25.1519150118045
9.788,3,26.4899999999999,25.1550002364299
9.79,3,26.4899999999999,25.1720105799939
9.792,3,26.4899999999999,25.1947670737864
9.794,3,26.4899999999999,25.2183414927886
9.796,3,26.4899999999999,25.1643264176012
9.798,3,26.4899999999999,25.1499698892952
9.8,3,26.4899999999999,25.1581766021927
9.802,3,26.4899999999999,25.1776042765378
9.804,3,26.4899999999999,25.2010976380244
9.806,3,26.4899999999999,25.2244401601358
9.808,3,26.4899999999999,25.2453984386903
9.81,3,26.4899999999999,25.2630169170659
9.812,3,26.4899999999999,25.2014167909106
9.814,3,26.4899999999999,25.1793551692677
9.816,3,26.4899999999999,25.2562521610199
9.818,3,26.4899999999999,25.2269275480821
9.82,3,26.4899999999999,25.2195577215782
9.822,3,26.4899999999999,25.3003206832352
9.824,3,26.4899999999999,25.3444069705288
9.826,3,26.4899999999999,25.3645857693737
9.828,3,26.4899999999999,25.3700253038325
9.83,3,26.4899999999999,25.3670688639349
9.832,3,26.4899999999999,25.3599274007931
9.834,3,26.4899999999999,25.3512592782197
9.836,3,26.4899999999999,25.3426326359453
9.838,3,26.4899999999999,25.3348795268195
9.84,3,26.4899999999999,25.3283573949509
9.842,3,26.4899999999999,25.3231353402991
9.844,3,26.4899999999999,25.3191218951318
9.846,3,26.4899999999999,25.3161490030229
9.848,3,26.4899999999999,25.3140243562413
9.85,3,26.4899999999999,25.3125616960457
9.852,3,26.4899999999999,25.3115963720734
9.854,3,26.4899999999999,25.3109915060901
9.856,3,26.4899999999999,25.3106385375633
9.858,3,26.4899999999999,25.3861536373929
9.86,3,26.4899999999999,25.3432714249092
9.862,3,26.4899999999999,25.3928887966308
9.864,3,26.4899999999999,25.4112318570562
9.866,3,26.4899999999999,25.4110887742727
9.868,3,26.4899999999999,25.4011028284867
9.87,3,26.4899999999999,25.3868541493012
9.872,3,26.4899999999999,25.371738829008
9.874,3,26.4899999999999,25.3576532298767
9.876,3,26.4899999999999,25.3455068806251
9.878,3,26.4899999999999,25.3355933541933
9.88,3,26.4899999999999,25.40354773332
9.882,3,26.4899999999999,25.4306162629605
9.884,3,26.4899999999999,25.4332125179098
9.886,3,26.4899999999999,25.346804769009
9.888,3,26.4899999999999,25.3728651899521
9.89,3,26.4899999999999,25.4563226320221
9.892,3,26.4899999999999,25.4107499486291
9.894,3,26.4899999999999,25.3765739550391
9.896,3,26.4899999999999,25.3518478185646
9.898,3,26.4899999999999,25.3346008062687
9.9,3,26.4899999999999,25.3987428625987
9.902,3,26.4899999999999,25.4242528477477
9.904,3,26.4899999999999,25.4266461160846
9.906,3,26.4899999999999,25.340778210704
9.908,3,26.4899999999999,25.2920223610562
9.91,3,26.4899999999999,25.2678670166126
9.912,3,26.4899999999999,25.3349118465758
9.914,3,26.4899999999999,25.3682694865818
9.916,3,26.4899999999999,25.3803725342699
9.918,3,26.4899999999999,25.3042489936518
9.92,3,26.4899999999999,25.2642942197784
9.922,3,26.4899999999999,25.2475683492235
9.924,3,26.4899999999999,25.2448791247452
9.926,3,26.4899999999999,25.249939787245
9.928,3,26.4899999999999,25.2586332946997
9.93,3,26.4899999999999,25.2684058543178
9.932,3,26.4899999999999,25.2777892616811
9.934,3,26.4899999999999,25.2860390642318
9.936,3,26.4899999999999,25.292870195203
9.938,3,26.4899999999999,25.2982706715969
9.94,3,26.4899999999999,25.3023753039148
9.942,3,26.4899999999999,25.3053838690618
9.944,3,26.4899999999999,25.3075110674485
9.946,3,26.4899999999999,25.3089583667585
9.948,3,26.4899999999999,25.3099002947958
9.95,3,26.4899999999999,25.3104797895664
9.952,3,26.4899999999999,25.3108088376829
9.954,3,26.4899999999999,25.3109718695499
9.956,3,26.4899999999999,25.311030289398
9.958,3,26.4899999999999,25.3110271633298
9.96,3,26.4899999999999,25.2352926112568
9.962,3,26.4899999999999,25.2023509718704
9.964,3,26.4899999999999,25.1954781238334
9.966,3,26.4899999999999,25.2031837224262
9.968,3,26.4899999999999,25.217902173211
9.97,3,26.4899999999999,25.234907289603
9.972,3,26.4899999999999,25.2514533397988
9.974,3,26.4899999999999,25.2661215819005
9.976,3,26.4899999999999,25.2783408616706
9.978,3,26.4899999999999,25.2123494195364
9.98,3,26.4899999999999,25.186867299887
9.982,3,26.4899999999999,25.2611990324906
9.984,3,26.4899999999999,25.2300183627026
9.986,3,26.4899999999999,25.2213538181262
9.988,3,26.4899999999999,25.2255502386795
9.99,3,26.4899999999999,25.2361900761929
9.992,3,26.4899999999999,25.249215494109
9.994,3,26.4899999999999,25.2622273686205
9.996,3,26.4899999999999,25.2739478011227
9.998,3,26.4899999999999,25.3595217820037
