Time [s],Voltage [V],Set Frequency [rad/s],Measured Frequency [rad/s]
0,1,0,0
0.002,1,0.480161012075906,0
0.004,1,0.932710695107768,0
0.006,1,1.35923681959841,0.0756989176765132
0.008,1,1.76123585239896,0.184290023571238
0.01,1,2.14011820706262,0.299702039737567
0.012,1,2.49721319228041,0.558758155073938
0.014,1,2.83377367576055,0.793139918073756
0.016,1,3.15098047991463,1.06693145017887
0.018,1,3.4499465247729,1.41041341687126
0.02,1,3.73172073266405,1.75715466473
0.022,1,3.99729170835904,2.07141180237518
0.024,1,4.24759120759084,2.41303108958523
0.026,1,4.48349740611926,2.73552365902167
0.028,1,4.7058379808105,3.09168786024365
0.03,1,4.91539301354135,3.43065409323555
0.032,1,5.11289772811632,3.72699558223515
0.034,1,5.29904506980026,3.9713614258586
0.036,1,5.47448813651675,4.23959434416413
0.038,1,5.63984247024206,4.49407988232762
0.04,1,5.79568821663412,4.71611847276167
0.042,1,5.94257216047345,4.89894171626285
0.044,1,6.0810096440575,5.11850995626389
0.046,1,6.21148637527903,5.26030153821063
0.048,1,6.33446013173222,5.34662760938609
0.05,1,6.45036236682525,5.4705578266646
0.052,1,6.55959972353455,5.60230750468059
0.054,1,6.66255546111163,5.72522342038184
0.056,1,6.75959079974811,5.83129777665095
0.058,1,6.85104618791671,5.91792293635189
0.06,1,6.93724249683467,6.06132695937662
0.062,1,7.01848214624038,6.22085259436936
0.064,1,7.095050165433,6.29753095709572
0.066,1,7.16721519329769,6.39816544488606
0.068,1,7.23523042082514,6.50164133710635
0.07,1,7.29933447943209,6.52072071389317
0.072,1,7.35975227819965,6.56861493682778
0.074,1,7.41669579296678,6.62714653528413
0.076,1,7.47036481004747,6.68557324478492
0.078,1,7.52094762718102,6.73817754141989
0.08,1,7.56862171417464,6.85818435468062
0.082,1,7.6135543355562,6.92658770572307
0.084,1,7.65590313742186,6.9607244672289
0.086,1,7.69581670053734,7.04891971660097
0.088,1,7.73343506163352,7.08153601814474
0.09,1,7.76889020472533,7.08129800420113
0.092,1,7.80230652417758,7.13926417022532
0.094,1,7.83380126114264,7.14684540122034
0.096,1,7.86348491490097,7.12681267542618
0.098,1,7.89146163054784,7.16973199769279
0.1,1,7.91782956438638,7.16628305662139
0.102,1,7.94268122830895,7.13845052007588
0.104,1,7.96610381437514,7.17606230096626
0.106,1,7.98817950072505,7.1691585532302
0.108,1,8.0089857399013,7.21489899894878
0.11,1,8.02859553059127,7.20849650298184
0.112,1,8.04707767374301,7.25062172081861
0.114,1,8.0644970139533,7.31446477783021
0.116,1,8.08091466697497,7.30788801526591
0.118,1,8.09638823414144,7.34011076345003
0.12,1,8.11097200446108,7.31414259872614
0.122,1,8.12471714509012,7.33540836700737
0.124,1,8.13767188085262,7.30406194589843
0.126,1,8.14988166343729,7.32345489805559
0.128,1,8.1613893308647,7.29228963394558
0.13,1,8.1722352577845,7.31294106132994
0.132,1,8.18245749712984,7.35918341976713
0.134,1,8.19209191362611,7.33880824681568
0.136,1,8.20117230962231,7.36062184880657
0.138,1,8.20973054368658,7.32707906685352
0.14,1,8.21779664238201,7.34302920005389
0.142,1,8.22539890561478,7.38379520413443
0.144,1,8.23256400592446,7.43376981966989
0.146,1,8.23931708206451,7.40802333855351
0.148,1,8.24568182720168,7.42014165298085
0.15,1,8.25168057204345,7.37555488367702
0.152,1,8.25733436318529,7.38083188802925
0.154,1,8.26266303695267,7.41217590408339
0.156,1,8.26768528899679,7.37862664686567
0.158,1,8.27241873988829,7.38948578516873
0.16,1,8.276879996939,7.42295214191681
0.162,1,8.28108471246867,7.38947096459224
0.164,1,8.28504763872119,7.39929611247237
0.166,1,8.28878267962279,7.4312428953469
0.168,1,8.29230293956397,7.47183212011115
0.17,1,8.29562076937628,7.43732466224905
0.172,1,8.29874780966517,7.44187961708404
0.174,1,8.30169503165107,7.46681346021906
0.176,1,8.30447277566193,7.42445372811584
0.178,1,8.30709078741225,7.42609208705986
0.18,1,8.30955825219591,7.45102894070601
0.182,1,8.31188382711276,7.48592760114456
0.184,1,8.3140756714421,7.44699471286768
0.186,1,8.31614147526947,7.44823559101387
0.188,1,8.31808848646731,7.47077502793485
0.19,1,8.31992353612417,7.50244650262629
0.192,1,8.32165306251151,7.53586141613092
0.194,1,8.32328313367243,7.49120911009
0.196,1,8.32481946871139,7.48503655502009
0.198,1,8.32626745785968,7.49999097035014
0.2,1,8.32763218138701,7.52473454254678
0.202,1,8.32891842742571,7.55225569218299
0.204,1,8.33013070876983,7.57854164353007
0.206,1,8.33127327870831,7.60157465616902
0.208,1,8.33235014594763,7.54490098651499
0.21,1,8.33336508867634,7.52701935197141
0.212,1,8.33432166782089,7.53158684047899
0.214,1,8.33522323953907,7.54767361861733
0.216,1,8.33607296699513,7.49261597084103
0.218,1,8.33687383145774,7.48075633850698
0.22,1,8.33762864275977,7.49310079140989
0.222,1,8.33834004915657,7.51713274059846
0.224,1,8.33901054661737,7.54502471396111
0.226,1,8.33964248758245,7.57222206093721
0.228,1,8.34023808921658,7.52066583838723
0.23,1,8.34079944118802,7.50790478781765
0.232,1,8.3413285130001,7.51708915152636
0.234,1,8.34182716090118,7.53706855531224
0.236,1,8.34229713439738,7.56083208746217
0.238,1,8.34274008239063,7.5842679856844
0.24,1,8.34315755896391,7.60521615598528
0.242,1,8.34355102883373,7.54707142724305
0.244,1,8.34392187248906,7.52819119630155
0.246,1,8.34427139103483,7.53211056745694
0.248,1,8.34460081075681,7.54780007357175
0.25,1,8.34491128742404,7.56821703370426
0.252,1,8.34520391034387,7.58913964340227
0.254,1,8.34547970618379,7.60826689137713
0.256,1,8.34573964257345,7.54885013428075
0.258,1,8.34598463149965,7.52911609455845
0.26,1,8.34621553250599,7.53248892307576
0.262,1,8.34643315570864,7.54784966533401
0.264,1,8.34663826463856,7.56808643098814
0.266,1,8.34683157892042,7.58892584927395
0.268,1,8.34701377679733,7.53233092176679
0.27,1,8.34718549751054,7.51573188893709
0.272,1,8.34734734354214,7.5220973006402
0.274,1,8.3474998827289,7.54007932830799
0.276,1,8.34764365025456,7.56248068941952
0.278,1,8.34777915052744,7.58502755479414
0.28,1,8.34790685895024,7.52972780031088
0.282,1,8.34802722358795,7.51407628365834
0.284,1,8.34814066673988,7.52111032155336
0.286,1,8.34824758642131,7.53954627790067
0.288,1,8.34834835775994,7.56224228800224
0.29,1,8.34844333431198,7.50927087457842
0.292,1,8.34853284930267,7.49687986882927
0.294,1,8.34861721679533,7.50734965979192
0.296,1,8.3486967327933,7.52897571473422
0.298,1,8.34877167627844,7.55441598805374
0.3,1,8.34884231018998,7.57937918400218
0.302,1,8.34890888234697,7.60162422914188
0.304,1,8.34897162631781,7.62022443285707
0.306,1,8.34903076223973,7.63504540646127
0.308,1,8.3490864975911,7.64638848770951
0.31,1,8.34913902791938,7.5790586892558
0.312,1,8.34918853752724,7.55212387689401
0.314,1,8.34923520011912,7.54938640889691
0.316,1,8.34927917941071,7.55982136881812
0.318,1,8.34932062970337,7.57625010141953
0.32,1,8.34935969642543,7.594253318838
0.322,1,8.34939651664249,7.61131921996945
0.324,1,8.34943121953826,7.62620099834828
0.326,1,8.34946392686786,7.63844940936423
0.328,1,8.34949475338495,7.64808481452457
0.33,1,8.34952380724435,7.65537596411655
0.332,1,8.34955119038154,7.58499860938481
0.334,1,8.34957699887024,7.55585256485256
0.336,1,8.34960132325953,7.55156804040011
0.338,1,8.34962424889152,7.56096277693018
0.34,1,8.34964585620081,7.57672420021107
0.342,1,8.34966622099662,7.59432481037432
0.344,1,8.34968541472885,7.61116898161455
0.346,1,8.34970350473869,7.62594735946981
0.348,1,8.34972055449495,7.56246675183555
0.35,1,8.34973662381669,7.53922192265749
0.352,1,8.34975176908312,7.53972536009885
0.354,1,8.34976604343142,7.5528419084527
0.356,1,8.34977949694312,7.5713893342505
0.358,1,8.34979217681989,7.59100199721619
0.36,1,8.34980412754905,7.60924696236996
0.362,1,8.34981539105974,7.54926303467975
0.364,1,8.34982600686999,7.52918582264855
0.366,1,8.34983601222537,7.53236878658986
0.368,1,8.34984544222966,7.54764014827374
0.37,1,8.34985432996804,7.56784993387345
0.372,1,8.34986270662312,7.58869830747116
0.374,1,8.34987060158442,7.53213061249596
0.376,1,8.34987804255138,7.59126478771647
0.378,1,8.34988505563066,7.55485813931811
0.38,1,8.34989166542763,7.54680033874512
0.382,1,8.34989789513277,7.55465368239821
0.384,1,8.349903766603,7.57021590323142
0.386,1,8.34990930043836,7.58835263994897
0.388,1,8.34991451605433,7.53037319080808
0.39,1,8.34991943174988,7.51322913837617
0.392,1,8.34992406477174,7.51955095210206
0.394,1,8.34992843137486,7.53776104744743
0.396,1,8.34993254687947,7.56051282153063
0.398,1,8.34993642572481,7.58344075115963
0.4,1,8.34994008151982,7.52850079494733
0.402,1,8.34994352709085,7.51316222667825
0.404,1,8.34994677452668,7.52045334539045
0.406,1,8.34994983522095,7.53909122058569
0.408,1,8.3499527199121,7.56193980806499
0.41,1,8.34995543872106,7.50907960390127
0.412,1,8.34995800118679,7.4967667736304
0.414,1,8.34996041629968,7.50728941053902
0.416,1,8.34996269253316,7.52894958979761
0.418,1,8.34996483787341,7.4787117192736
0.42,1,8.34996685984733,7.47079433193887
0.422,1,8.34996876554904,7.48622403743867
0.424,1,8.34997056166468,7.51257978062206
0.426,1,8.34997225449592,7.54216018184644
0.428,1,8.34997384998207,7.49484161468401
0.43,1,8.34997535372088,7.48688887037766
0.432,1,8.34997677098822,7.50071125593486
0.434,1,8.34997810675658,7.52478012991585
0.436,1,8.3499793657125,7.55193702485103
0.438,1,8.34998055227303,7.57806020338478
0.44,1,8.3499816706012,7.52535502259637
0.442,1,8.34998272462068,7.51151853280138
0.444,1,8.3499837180295,7.51977279990818
0.446,1,8.34998465431303,7.53899140199547
0.448,1,8.34998553675621,7.5621594901929
0.45,1,8.34998636845511,7.50944796504766
0.452,1,8.34998715232773,7.49717805603413
0.454,1,8.34998789112429,7.50768298701295
0.456,1,8.34998858743687,7.52929488086295
0.458,1,8.34998924370847,7.55469610292111
0.46,1,8.34998986224162,7.57961083014197
0.462,1,8.34999044520645,7.52610825106801
0.464,1,8.34999099464829,7.5117722403681
0.466,1,8.34999151249485,7.51973511831652
0.468,1,8.349992000563,7.61450098567587
0.47,1,8.34999246056513,7.59480016844891
0.472,1,8.34999289411515,7.59170795326441
0.474,1,8.34999330273418,7.52207787198061
0.476,1,8.34999368785584,7.49954030851815
0.478,1,8.34999405083136,7.50433728499905
0.48,1,8.34999439293421,7.52323585160117
0.482,1,8.34999471536468,7.54778830437548
0.484,1,8.349995019254,7.57293223225359
0.486,1,8.34999530566838,7.59590993398448
0.488,1,8.34999557561269,7.53976585770626
0.49,1,8.34999583003404,7.52267342420991
0.492,1,8.34999606982507,7.52809064798542
0.494,1,8.34999629582708,7.5449755732958
0.496,1,8.349996508833,7.56630870914369
0.498,1,8.34999670959016,7.58790817639918
0.5,1,8.34999689880291,7.60751787208493
0.502,1,8.34999707713512,7.62413120354432
0.504,1,8.34999724521246,7.63750717544028
0.506,1,8.34999740362462,7.6478368013838
0.508,1,8.3499975529274,7.65552259391556
0.51,1,8.34999769364463,7.6610401123911
0.512,1,8.34999782627001,7.66485692958467
0.514,1,8.34999795126886,7.59169129449112
0.516,1,8.34999806907974,7.56039797121012
0.518,1,8.34999818011598,7.55451988399074
0.52,1,8.34999828476716,7.48707466496616
0.522,1,8.34999838340045,7.46915676858449
0.524,1,8.34999847636189,7.47941573001687
0.526,1,8.34999856397765,7.50368633704145
0.528,1,8.34999864655513,7.53303267183485
0.53,1,8.34999872438405,7.56218906506538
0.532,1,8.34999879773747,7.51266764132953
0.534,1,8.34999886687275,7.50178095495512
0.536,1,8.34999893203245,7.5125691452864
0.538,1,8.34999899344519,7.53384983118422
0.54,1,8.34999905132644,7.5586248944827
0.542,1,8.34999910587926,7.58281799180314
0.544,1,8.34999915729506,7.60431301641531
0.546,1,8.34999920575422,7.62224792949317
0.548,1,8.34999925142678,7.56081553510861
0.55,1,8.34999929447297,7.53882580097839
0.552,1,8.34999933504382,7.54003756249759
0.554,1,8.34999937328167,7.55350098274249
0.556,1,8.34999940932067,7.57216831585642
0.558,1,8.34999944328728,7.5917680321233
0.56,1,8.34999947530066,7.53423157168459
0.562,1,8.34999950547314,7.51694291804907
0.564,1,8.34999953391057,7.52282109369675
0.566,1,8.34999956071272,7.46477296934832
0.568,1,8.34999958597363,7.52976569867335
0.57,1,8.34999960978193,7.50255260299569
0.572,1,8.34999963222115,7.50455924035838
0.574,1,8.34999965337002,7.52194806589143
0.576,1,8.34999967330274,7.54582260994201
0.578,1,8.34999969208924,7.57079907680333
0.58,1,8.34999970979544,7.59389802075582
0.582,1,8.34999972648345,7.61371607751877
0.584,1,8.34999974221183,7.55412985302333
0.586,1,8.34999975703577,7.60948328201969
0.588,1,8.34999977100726,7.56926261100718
0.59,1,8.34999978417533,7.6334483911575
0.592,1,8.34999979658618,7.59557195104112
0.594,1,8.34999980828335,7.58271215160376
0.596,1,8.34999981930788,7.58446067062276
0.598,1,8.34999982969846,7.59382590995938
0.6,1,8.34999983949153,7.60632814383665
0.602,1,8.34999984872146,7.61926913156025
0.604,1,8.34999985742063,7.63116684265029
0.606,1,8.34999986561956,7.64133401185024
0.608,1,8.34999987334701,7.57387606285017
0.61,1,8.34999988063011,7.54738442414065
0.612,1,8.34999988749439,7.54535102572333
0.614,1,8.34999989396395,7.55655967849441
0.616,1,8.34999990006148,7.57372286730179
0.618,1,8.34999990580838,7.59236713165817
0.62,1,8.3499999112248,7.60996100423409
0.622,1,8.34999991632976,7.62525835245224
0.624,1,8.34999992114116,7.63782138461981
0.626,1,8.34999992567588,7.57198761460635
0.628,1,8.34999992994984,7.54654838571606
0.63,1,8.34999993397802,7.5451586557568
0.632,1,8.34999993777457,7.55672950473318
0.634,1,8.3499999413528,7.57406905877179
0.636,1,8.34999994472527,7.59277319499281
0.638,1,8.34999994790381,7.61035891496297
0.64,1,8.34999995089956,7.62561264392057
0.642,1,8.34999995372305,7.56241853304697
0.644,1,8.34999995638417,7.61503014330532
0.646,1,8.34999995889227,7.57280005559529
0.648,1,8.34999996125614,7.55986634647828
0.65,1,8.34999996348408,7.5638302467519
0.652,1,8.34999996558391,7.5764128893459
0.654,1,8.34999996756298,7.59234926902422
0.656,1,8.34999996942825,7.60850103509804
0.658,1,8.34999997118626,7.62317353180005
0.66,1,8.34999997284317,7.63560915083747
0.662,1,8.3499999744048,7.64562469934883
0.664,1,8.34999997587664,7.6533613485718
0.666,1,8.34999997726384,7.58342037300049
0.668,1,8.34999997857126,7.55466277561155
0.67,1,8.34999997980351,7.62640171998205
0.672,1,8.34999998096489,7.59324817634201
0.674,1,8.34999998205949,7.58313601691219
0.676,1,8.34999998309115,7.58630776948939
0.678,1,8.34999998406348,7.59624958893877
0.68,1,8.3499999849799,7.60882005320537
0.682,1,8.34999998584362,7.62155148041482
0.684,1,8.34999998665767,7.63311219307294
0.686,1,8.34999998742491,7.64290767316169
0.688,1,8.34999998814803,7.65079513957663
0.69,1,8.34999998882957,7.6568867734971
0.692,1,8.34999998947192,7.66141963254154
0.694,1,8.34999999007733,7.66467396296637
0.696,1,8.34999999064793,7.59122646274075
0.698,1,8.34999999118571,7.55982872338615
0.7,1,8.34999999169257,7.55395114304661
0.702,1,8.34999999217029,7.56226124445281
0.704,1,8.34999999262053,7.57731617651875
0.706,1,8.34999999304488,7.51878273555283
0.708,1,8.34999999344483,7.50248722157288
0.71,1,8.34999999382178,7.51032166864264
0.712,1,8.34999999417705,7.53024920802136
0.714,1,8.3499999945119,7.55465812818399
0.716,1,8.34999999482749,7.65474641637263
0.718,1,8.34999999512493,7.6339114989843
0.72,1,8.34999999540527,7.62635443737151
0.722,1,8.34999999566949,7.62662310490901
0.724,1,8.34999999591851,7.63103800810505
0.726,1,8.34999999615321,7.63722798950912
0.728,1,8.34999999637442,7.64375353256272
0.73,1,8.34999999658291,7.64981395494643
0.732,1,8.3499999967794,7.65502823091811
0.734,1,8.3499999969646,7.65927670528676
0.736,1,8.34999999713915,7.66259089758148
0.738,1,8.34999999730366,7.66507982425492
0.74,1,8.34999999745871,7.66688306435284
0.742,1,8.34999999760485,7.66814271728222
0.744,1,8.34999999774258,7.66898820168094
0.746,1,8.34999999787239,7.66952940157453
0.748,1,8.34999999799474,7.66985493983134
0.75,1,8.34999999811005,7.67003335594531
0.752,1,8.34999999821873,7.67011571619015
0.754,1,8.34999999832116,7.67013872991549
0.756,1,8.3499999984177,7.6701278281571
0.758,1,8.34999999850869,7.67009991830562
0.76,1,8.34999999859445,7.74576461184802
0.762,1,8.34999999867527,7.70292366920758
0.764,1,8.34999999875145,7.75252047830075
0.766,1,8.34999999882325,7.69511311821791
0.768,1,8.34999999889092,7.6620149299042
0.77,1,8.34999999895469,7.64514527991679
0.772,1,8.3499999990148,7.638593806285
0.774,1,8.34999999907146,7.63819068545972
0.776,1,8.34999999912485,7.6411057103693
0.778,1,8.34999999917518,7.64550230023686
0.78,1,8.34999999922261,7.65025494838997
0.782,1,8.34999999926731,7.65472838258448
0.784,1,8.34999999930944,7.65861142702297
0.786,1,8.34999999934915,7.66179642898888
0.788,1,8.34999999938658,7.66429488107612
0.79,1,8.34999999942185,7.66618067100046
0.792,1,8.3499999994551,7.66755366371575
0.794,1,8.34999999948643,7.66851771920662
0.796,1,8.34999999951597,7.66916857707605
0.798,1,8.3499999995438,7.66958819794327
0.8,1,8.34999999957003,7.66984310615544
0.802,1,8.34999999959476,7.66998502960517
0.804,1,8.34999999961806,7.67005270123819
0.806,1,8.34999999964002,7.67007410218456
0.808,1,8.34999999966072,7.67006871897872
0.81,1,8.34999999968023,7.59435066783666
0.812,1,8.34999999969862,7.561433902783
0.814,1,8.34999999971595,7.55458793885654
0.816,1,8.34999999973228,7.56231883983673
0.818,1,8.34999999974768,7.57705925237402
0.82,1,8.34999999976219,7.59408238172267
0.822,1,8.34999999977586,7.61064256153246
0.824,1,8.34999999978875,7.5496225504002
0.826,1,8.3499999998009,7.52895740619396
0.828,1,8.34999999981235,7.53184942299319
0.83,1,8.34999999982314,7.54701690806824
0.832,1,8.34999999983331,7.56723281702991
0.834,1,8.3499999998429,7.58814536265272
0.836,1,8.34999999985193,7.60736537594498
0.838,1,8.34999999986045,7.623785975868
0.84,1,8.34999999986847,7.56139433643301
0.842,1,8.34999999987603,7.53883599845625
0.844,1,8.34999999988316,7.53974356862796
0.846,1,8.34999999988988,7.55307380722914
0.848,1,8.34999999989621,7.57171228717645
0.85,1,8.34999999990218,7.59134162689137
0.852,1,8.34999999990781,7.60956196413858
0.854,1,8.34999999991311,7.62523273286606
0.856,1,8.3499999999181,7.63799740489852
0.858,1,8.34999999992281,7.64795269632103
0.86,1,8.34999999992725,7.6554274518082
0.862,1,8.34999999993143,7.66084183350453
0.864,1,8.34999999993538,7.66462322654314
0.866,1,8.34999999993909,7.59146176852404
0.868,1,8.34999999994259,7.56019332580326
0.87,1,8.3499999999459,7.55434870282375
0.872,1,8.34999999994901,7.56263713982579
0.874,1,8.34999999995194,7.57764342084228
0.876,1,8.3499999999547,7.59475065863739
0.878,1,8.34999999995731,7.61128972957082
0.88,1,8.34999999995977,7.70159242541579
0.882,1,8.34999999996208,7.67091622276419
0.884,1,8.34999999996426,7.65445947582516
0.886,1,8.34999999996631,7.64720889167685
0.888,1,8.34999999996825,7.5698838060525
0.89,1,8.34999999997008,7.53852493762832
0.892,1,8.3499999999718,7.53477068300969
0.894,1,8.34999999997342,7.54610599710612
0.896,1,8.34999999997495,7.56436845991689
0.898,1,8.34999999997639,7.58452211047102
0.9,1,8.34999999997775,7.60369507446147
0.902,1,8.34999999997903,7.62045283149283
0.904,1,8.34999999998023,7.55856993554984
0.906,1,8.34999999998137,7.53656162156193
0.908,1,8.34999999998244,7.53798694167831
0.91,1,8.34999999998345,7.55176662153022
0.912,1,8.3499999999844,7.57077376181934
0.914,1,8.3499999999853,7.59069230342138
0.916,1,8.34999999998614,7.60913093148146
0.918,1,8.34999999998694,7.624960636133
0.92,1,8.34999999998769,7.63783690916002
0.922,1,8.3499999999884,7.64786754757259
0.924,1,8.34999999998906,7.65539088262519
0.926,1,8.34999999998969,7.66083477663446
0.928,1,8.34999999999028,7.66463260239995
0.93,1,8.34999999999084,7.66717789878128
0.932,1,8.34999999999137,7.66880412407963
0.934,1,8.34999999999187,7.66977979006459
0.936,1,8.34999999999233,7.59461335968077
0.938,1,8.34999999999278,7.56196479733627
0.94,1,8.34999999999319,7.55520944441424
0.942,1,8.34999999999358,7.56292731989082
0.944,1,8.34999999999395,7.57760073253336
0.946,1,8.3499999999943,7.59453469496093
0.948,1,8.34999999999463,7.61100268860597
0.95,1,8.34999999999494,7.62559689750622
0.952,1,8.34999999999523,7.63775159614604
0.954,1,8.3499999999955,7.64740590439376
0.956,1,8.34999999999576,7.65477413903309
0.958,1,8.349999999996,7.66019620220201
0.96,1,8.34999999999623,7.66404541232926
0.962,1,8.34999999999645,7.59097714299407
0.964,1,8.34999999999665,7.55980621997498
0.966,1,8.34999999999684,7.55405180122767
0.968,1,8.34999999999703,7.56241763898421
0.97,1,8.3499999999972,7.57748685467272
0.972,1,8.34999999999736,7.59464310228598
0.974,1,8.34999999999751,7.61121892109992
0.976,1,8.34999999999765,7.62584928209838
0.978,1,8.34999999999779,7.63799834801482
0.98,1,8.34999999999792,7.64762529940836
0.982,1,8.34999999999804,7.65495729369685
0.984,1,8.34999999999815,7.66034195653051
0.986,1,8.34999999999826,7.664156839073
0.988,1,8.34999999999836,7.66675818624582
0.99,1,8.34999999999845,7.66845572231807
0.992,1,8.34999999999854,7.66950379775127
0.994,1,8.34999999999862,7.67010213378944
0.996,1,8.3499999999987,7.6704016111698
0.998,1,8.34999999999878,7.67051217708187
1,1,8.34999999999885,7.67051110121158
1.002,1,8.34999999999891,7.67045060308136
1.004,1,8.34999999999898,7.67036439137175
1.006,1,8.34999999999904,7.6702729776954
1.008,1,8.34999999999909,7.59448889477338
1.01,1,8.34999999999914,7.56152327850438
1.012,1,8.34999999999919,7.63034136329871
1.014,1,8.34999999999924,7.59524156276471
1.016,1,8.34999999999928,7.65959381925214
1.018,1,8.34999999999932,7.61922569555602
1.02,1,8.34999999999936,7.60270277608631
1.022,1,8.3499999999994,7.60052508964019
1.024,1,8.34999999999943,7.6062113448422
1.026,1,8.34999999999947,7.61552951649385
1.028,1,8.3499999999995,7.62586459333484
1.03,1,8.34999999999952,7.63572186234877
1.032,1,8.34999999999955,7.64435148629758
1.034,1,8.34999999999958,7.65147480865411
1.036,1,8.3499999999996,7.65709191315625
1.038,1,8.34999999999962,7.66135150219743
1.04,1,8.34999999999965,7.58876792901582
1.042,1,8.34999999999967,7.55807349120575
1.044,1,8.34999999999969,7.55274415230962
1.046,1,8.3499999999997,7.56146570639946
1.048,1,8.34999999999972,7.57681854534889
1.05,1,8.34999999999974,7.59419198302778
1.052,1,8.34999999999975,7.6109281333052
1.054,1,8.34999999999977,7.6256726841467
1.056,1,8.34999999999978,7.63790006667611
1.058,1,8.34999999999979,7.64757847720061
1.06,1,8.34999999999981,7.65494253114639
1.062,1,8.34999999999982,7.66034574549491
1.064,1,8.34999999999983,7.66417014592317
1.066,1,8.34999999999984,7.66677525478833
1.068,1,8.34999999999985,7.66847311203256
1.07,1,8.34999999999986,7.66951964242149
1.072,1,8.34999999999986,7.59441667314484
1.074,1,8.34999999999987,7.63752027871663
1.076,1,8.34999999999988,7.58800074645796
1.078,1,8.34999999999989,7.56967998917764
1.08,1,8.34999999999989,7.56980289720175
1.082,1,8.3499999999999,7.57974800978048
1.084,1,8.3499999999999,7.59394887055739
1.086,1,8.34999999999991,7.60901736735422
1.088,1,8.34999999999991,7.62306129478039
1.09,1,8.34999999999992,7.63517283214244
1.092,1,8.34999999999992,7.64505864019811
1.094,1,8.34999999999993,7.65278197839374
1.096,1,8.34999999999993,7.658590004479
1.098,1,8.34999999999994,7.58710462133296
1.1,1,8.34999999999994,7.55715991062421
1.102,1,8.34999999999994,7.5523205000299
1.104,1,8.34999999999995,7.56134510128323
1.106,1,8.34999999999995,7.57687143106642
1.108,1,8.34999999999995,7.59433215607187
1.11,1,8.34999999999996,7.61110101424438
1.112,1,8.34999999999996,7.62584594257706
1.114,1,8.34999999999996,7.63805642646677
1.116,1,8.34999999999996,7.64771039438545
1.118,1,8.34999999999996,7.65504839560057
1.12,1,8.34999999999997,7.66042726998638
1.122,1,8.34999999999997,7.66423064597367
1.124,1,8.34999999999997,7.66681857329442
1.126,1,8.34999999999997,7.66850299381296
1.128,1,8.34999999999997,7.66953941040043
1.13,1,8.34999999999997,7.67012801500532
1.132,1,8.34999999999998,7.67041974912068
1.134,1,8.34999999999998,7.6705243961073
1.136,1,8.34999999999998,7.67051895824112
1.138,1,8.34999999999998,7.67045535879604
1.14,1,8.34999999999998,7.67036702406606
1.142,1,8.34999999999998,7.67027421853896
1.144,1,8.34999999999999,7.67018818867922
1.146,1,8.34999999999999,7.67011426247563
1.148,1,8.34999999999999,7.6700540862787
1.15,1,8.34999999999999,7.67000718086665
1.152,1,8.34999999999999,7.66997198094006
1.154,1,8.34999999999999,7.6699464965815
1.156,1,8.34999999999999,7.66992870786015
1.158,1,8.34999999999999,7.66991677820105
1.16,1,8.34999999999999,7.669909150059
1.162,1,8.34999999999999,7.66990456839357
1.164,1,8.34999999999999,7.66990206333032
1.166,1,8.34999999999999,7.6699009127706
1.168,1,8.34999999999999,7.66990059800041
1.17,1,8.34999999999999,7.66990075994766
1.172,1,8.34999999999999,7.66990116010156
1.174,1,8.34999999999999,7.66990164777594
1.176,1,8.34999999999999,7.66990213398553
1.178,1,8.34999999999999,7.66990257142705
1.18,1,8.34999999999999,7.66990293969122
1.182,1,8.34999999999999,7.66990323472325
1.184,1,8.34999999999999,7.66990346158865
1.186,1,8.34999999999999,7.66990362971627
1.188,1,8.34999999999999,7.66990374993085
1.19,1,8.34999999999999,7.66990383273297
1.192,1,8.34999999999999,7.6699038874143
1.194,1,8.34999999999999,7.6699039217044
1.196,1,8.34999999999999,7.66990394173745
1.198,1,8.34999999999999,7.66990395219139
1.2,1,8.34999999999999,7.66990395650592
1.202,1,8.34999999999999,7.66990395712094
1.204,1,8.34999999999999,7.66990395570252
1.206,1,8.34999999999999,7.66990395334009
1.208,1,8.34999999999999,7.6699039507074
1.21,1,8.34999999999999,7.66990394819052
1.212,1,8.34999999999999,7.66990394598368
1.214,1,8.34999999999999,7.66990394415992
1.216,1,8.34999999999999,7.66990394272046
1.218,1,8.34999999999999,7.66990394162805
1.22,1,8.34999999999999,7.66990394082842
1.222,1,8.34999999999999,7.6699039402638
1.224,1,8.34999999999999,7.66990393988029
1.226,1,8.34999999999999,7.66990393963116
1.228,1,8.34999999999999,7.66990393947828
1.23,1,8.34999999999999,7.66990393939194
1.232,1,8.34999999999999,7.66990393934942
1.234,1,8.34999999999999,7.66990393933452
1.236,1,8.34999999999999,7.66990393933575
1.238,1,8.34999999999999,7.66990393934557
1.24,1,8.34999999999999,7.66990393935898
1.242,1,8.34999999999999,7.59420502169653
1.244,1,8.34999999999999,7.5613128334911
1.246,1,8.34999999999999,7.5544919232306
1.248,1,8.34999999999999,7.56224565942268
1.25,1,8.34999999999999,7.57700547052613
1.252,1,8.34999999999999,7.5940442514275
1.254,1,8.34999999999999,7.61061654010108
1.256,1,8.34999999999999,7.54960555374078
1.258,1,8.34999999999999,7.52894689913058
1.26,1,8.34999999999999,7.53184341324878
1.262,1,8.34999999999999,7.54701388947438
1.264,1,8.34999999999999,7.5672316912688
1.266,1,8.34999999999999,7.58814535727589
1.268,1,8.34999999999999,7.60736596849831
1.27,1,8.34999999999999,7.62378682876068
1.272,1,8.34999999999999,7.63709416164041
1.274,1,8.34999999999999,7.6474279514457
1.276,1,8.34999999999999,7.65515631605911
1.278,1,8.34999999999999,7.66073268454273
1.28,1,8.34999999999999,7.58891230534778
1.282,1,8.34999999999999,7.55861056034688
1.284,1,8.34999999999999,7.55343760233528
1.286,1,8.34999999999999,7.56217409940307
1.288,1,8.34999999999999,7.57746499050135
1.29,1,8.34999999999999,7.59474159542656
1.292,1,8.34999999999999,7.61137186900321
1.294,1,8.34999999999999,7.62601617043821
1.296,1,8.34999999999999,7.63815619830689
1.298,1,8.34999999999999,7.57206383365292
1.3,1,8.34999999999999,7.54647919715987
1.302,1,8.34999999999999,7.54501876314161
1.304,1,8.34999999999999,7.55656571889928
1.306,1,8.34999999999999,7.57390869786368
1.308,1,8.34999999999999,7.59263048727452
1.31,1,8.34999999999999,7.53454078710151
1.312,1,8.34999999999999,7.51692662251948
1.314,1,8.34999999999999,7.52263284098598
1.316,1,8.34999999999999,7.54021052493213
1.318,1,8.34999999999999,7.56238333759642
1.32,1,8.34999999999999,7.50911902936161
1.322,1,8.34999999999999,7.57228575355464
1.324,1,8.34999999999999,7.53990245362953
1.326,1,8.34999999999999,7.53546600715959
1.328,1,8.34999999999999,7.5463689444285
1.33,1,8.34999999999999,7.56437490800449
1.332,1,8.34999999999999,7.58439115436346
1.334,1,8.34999999999999,7.67920269567622
1.336,1,8.34999999999999,7.65314042941123
1.338,1,8.34999999999999,7.6408982770525
1.34,1,8.34999999999999,7.63723339088077
1.342,1,8.34999999999999,7.63850369314469
1.344,1,8.34999999999999,7.56658119262254
1.346,1,8.34999999999999,7.53842898805786
1.348,1,8.34999999999999,7.53639402648692
1.35,1,8.34999999999999,7.54848586616065
1.352,1,8.34999999999999,7.56691683183416
1.354,1,8.34999999999999,7.51120989778967
1.356,1,8.34999999999999,7.49716891290349
1.358,1,8.34999999999999,7.50673039202927
1.36,1,8.34999999999999,7.52793324587089
1.362,1,8.34999999999999,7.55325075195249
1.364,1,8.34999999999999,7.57826349145322
1.366,1,8.34999999999999,7.60064506812011
1.368,1,8.34999999999999,7.61941471104363
1.37,1,8.34999999999999,7.63440594756045
1.372,1,8.34999999999999,7.64590292665235
1.374,1,8.34999999999999,7.65440202860221
1.376,1,8.34999999999999,7.66046380664067
1.378,1,8.34999999999999,7.66462770722873
1.38,1,8.34999999999999,7.66736868126826
1.382,1,8.34999999999999,7.66908041425003
1.384,1,8.34999999999999,7.67007440498583
1.386,1,8.34999999999999,7.59488866820357
1.388,1,8.34999999999999,7.56220263964448
1.39,1,8.34999999999999,7.55540383529104
1.392,1,8.34999999999999,7.48738043877035
1.394,1,8.34999999999999,7.46912407406751
1.396,1,8.34999999999999,7.47920578784027
1.398,1,8.34999999999999,7.50340260521488
1.4,1,8.34999999999999,7.53273759788461
1.402,1,8.34999999999999,7.56191706602011
1.404,1,8.34999999999999,7.58813370894594
1.406,1,8.34999999999999,7.61018306677528
1.408,1,8.34999999999999,7.62783420476789
1.41,1,8.34999999999999,7.64139807325613
1.412,1,8.34999999999999,7.65144387120047
1.414,1,8.34999999999999,7.65862232046328
1.416,1,8.34999999999999,7.58786447033159
1.418,1,8.34999999999999,7.55823269295008
1.42,1,8.34999999999999,7.55345426196538
1.422,1,8.34999999999999,7.56239948029965
1.424,1,8.34999999999999,7.5777794193293
1.426,1,8.34999999999999,7.59507247256417
1.428,1,8.34999999999999,7.611678860269
1.43,1,8.34999999999999,7.62628012670992
1.432,1,8.34999999999999,7.63837115647696
1.434,1,8.34999999999999,7.64793036773165
1.436,1,8.34999999999999,7.65519613330697
1.438,1,8.34999999999999,7.58482299216936
1.44,1,8.34999999999999,7.63139544476585
1.442,1,8.34999999999999,7.58433003111239
1.444,1,8.34999999999999,7.56768011794178
1.446,1,8.34999999999999,7.56889131507448
1.448,1,8.34999999999999,7.57950668314909
1.45,1,8.34999999999999,7.59408874841796
1.452,1,8.34999999999999,7.60934670162892
1.454,1,8.34999999999999,7.62345914499953
1.456,1,8.34999999999999,7.63556794946211
1.458,1,8.34999999999999,7.64541330379381
1.46,1,8.34999999999999,7.65308006779107
1.462,1,8.34999999999999,7.65882850773961
1.464,1,8.34999999999999,7.66298673105549
1.466,1,8.34999999999999,7.66588663577694
1.468,1,8.34999999999999,7.66782938411403
1.47,1,8.34999999999999,7.66907002612648
1.472,1,8.34999999999999,7.6698138520117
1.474,1,8.34999999999999,7.67021935821221
1.476,1,8.34999999999999,7.67040444733024
1.478,1,8.34999999999999,7.59475482275527
1.48,1,8.34999999999999,7.56183465489639
1.482,1,8.34999999999999,7.55494732391416
1.484,1,8.34999999999999,7.56262069770928
1.486,1,8.34999999999999,7.57730064403481
1.488,1,8.34999999999999,7.594267707831
1.49,1,8.34999999999999,7.61077970200942
1.492,1,8.34999999999999,7.62541938030104
1.494,1,8.34999999999999,7.63761584389207
1.496,1,8.34999999999999,7.64730581981343
1.498,1,8.34999999999999,7.6547029507427
1.5,1,8.34999999999999,7.58444853001006
1.502,1,8.34999999999999,7.55542232569583
1.504,1,8.34999999999999,7.55124416407277
1.506,1,8.34999999999999,7.56072757957203
1.508,1,8.34999999999999,7.5765595003587
1.51,1,8.34999999999999,7.59421395567623
1.512,1,8.34999999999999,7.6110977785771
1.514,1,8.34999999999999,7.62590432652739
1.516,1,8.34999999999999,7.63814190430938
1.518,1,8.34999999999999,7.64780188262031
1.52,1,8.34999999999999,7.65513405910597
1.522,1,8.34999999999999,7.66050137304243
1.524,1,8.34999999999999,7.66429127121133
1.526,1,8.34999999999999,7.6668660285619
1.528,1,8.34999999999999,7.59283982540543
1.53,1,8.34999999999999,7.56097428371519
1.532,1,8.34999999999999,7.55473420451604
1.534,1,8.34999999999999,7.56277373306579
1.536,1,8.34999999999999,7.57763381255165
1.538,1,8.34999999999999,7.59466404262166
1.54,1,8.34999999999999,7.61117060097295
1.542,1,8.34999999999999,7.62576880064929
1.544,1,8.34999999999999,7.63790866104824
1.546,1,8.34999999999999,7.64753955572241
1.548,1,8.34999999999999,7.65488211516767
1.55,1,8.34999999999999,7.66027983126528
1.552,1,8.34999999999999,7.66410780544831
1.554,1,8.34999999999999,7.66672097263123
1.556,1,8.34999999999999,7.66842848408015
1.558,1,8.34999999999999,7.66948456678381
1.56,1,8.34999999999999,7.67008907039412
1.562,1,8.34999999999999,7.67039312568729
1.564,1,8.34999999999999,7.67050697006898
1.566,1,8.34999999999999,7.67050815622091
1.568,1,8.34999999999999,7.67044915488097
1.57,1,8.34999999999999,7.67036388420565
1.572,1,8.34999999999999,7.67027302235279
1.574,1,8.34999999999999,7.67018814693724
1.576,1,8.34999999999999,7.67011484041389
1.578,1,8.34999999999999,7.670054937596
1.58,1,8.34999999999999,7.67000809393065
1.582,1,8.34999999999999,7.66997283681216
1.584,1,8.34999999999999,7.66994723748712
1.586,1,8.34999999999999,7.66992931434006
1.588,1,8.34999999999999,7.66991725314679
1.59,1,8.34999999999999,7.66990950799422
1.592,1,8.34999999999999,7.66990482861084
1.594,1,8.34999999999999,7.66990224576101
1.596,1,8.34999999999999,7.66990103571954
1.598,1,8.34999999999999,7.66990067709863
1.6,1,8.34999999999999,7.66990080785762
1.602,1,8.34999999999999,7.66990118665332
1.604,1,8.34999999999999,7.66990166031872
1.606,1,8.34999999999999,7.66990213782063
1.608,1,8.34999999999999,7.66990257024066
1.61,1,8.34999999999999,7.66990293594446
1.612,1,8.34999999999999,7.66990322998103
1.614,1,8.34999999999999,7.66990345678366
1.616,1,8.34999999999999,7.66990362535203
1.618,1,8.34999999999999,7.6699037462323
1.62,1,8.34999999999999,7.66990382975454
1.622,1,8.34999999999999,7.66990388511366
1.624,1,8.34999999999999,7.66990391999231
1.626,1,8.34999999999999,7.66990394050828
1.628,1,8.34999999999999,7.669903951341
1.63,1,8.34999999999999,7.66990395594129
1.632,1,8.34999999999999,7.6699039567645
1.634,1,8.34999999999999,7.74560287316895
1.636,1,8.34999999999999,7.7027961414468
1.638,1,8.34999999999999,7.75242377860764
1.64,1,8.34999999999999,7.77074131789296
1.642,1,8.34999999999999,7.77055615106575
1.644,1,8.34999999999999,7.76052344326954
1.646,1,8.34999999999999,7.74623012296317
1.648,1,8.34999999999999,7.65537678065348
1.65,1,8.34999999999999,7.60836670067018
1.652,1,8.34999999999999,7.58937396773429
1.654,1,8.34999999999999,7.66289377194702
1.656,1,8.34999999999999,7.62708817828828
1.658,1,8.34999999999999,7.61222204662698
1.66,1,8.34999999999999,7.60998826061416
1.662,1,8.34999999999999,7.53901170778637
1.664,1,8.34999999999999,7.58978380815769
1.666,1,8.34999999999999,7.54906458995117
1.668,1,8.34999999999999,7.53927908716669
1.67,1,8.34999999999999,7.54695352159523
1.672,1,8.34999999999999,7.5631803217637
1.674,1,8.34999999999999,7.5823658024656
1.676,1,8.34999999999999,7.60123534829239
1.678,1,8.34999999999999,7.61807408515926
1.68,1,8.34999999999999,7.63216805895259
1.682,1,8.34999999999999,7.64340747990867
1.684,1,8.34999999999999,7.65201554016983
1.686,1,8.34999999999999,7.65837095276773
1.688,1,8.34999999999999,7.66289797845104
1.69,1,8.34999999999999,7.66600329158006
1.692,1,8.34999999999999,7.66804405213761
1.694,1,8.34999999999999,7.66931576829931
1.696,1,8.34999999999999,7.67005190943168
1.698,1,8.34999999999999,7.67042982272447
1.7,1,8.34999999999999,7.67057942703084
1.702,1,8.34999999999999,7.6705925294942
1.704,1,8.34999999999999,7.74623047241136
1.706,1,8.34999999999999,7.70332928749231
1.708,1,8.34999999999999,7.67715502424173
1.71,1,8.34999999999999,7.66248300853294
1.712,1,8.34999999999999,7.65539216885577
1.714,1,8.34999999999999,7.57734460339513
1.716,1,8.34999999999999,7.54486415077225
1.718,1,8.34999999999999,7.53988620169423
1.72,1,8.34999999999999,7.55006414898613
1.722,1,8.34999999999999,7.56731883904431
1.724,1,8.34999999999999,7.58664394497943
1.726,1,8.34999999999999,7.60516570454657
1.728,1,8.34999999999999,7.62143108790837
1.73,1,8.34999999999999,7.63488802135149
1.732,1,8.34999999999999,7.64551931689744
1.734,1,8.34999999999999,7.65359468903762
1.736,1,8.34999999999999,7.65951021159399
1.738,1,8.34999999999999,7.6636902434478
1.74,1,8.34999999999999,7.66653234279605
1.742,1,8.34999999999999,7.66838054003815
1.744,1,8.34999999999999,7.66951636961182
1.746,1,8.34999999999999,7.67016025618677
1.748,1,8.34999999999999,7.67047828508932
1.75,1,8.34999999999999,7.67059117543424
1.752,1,8.34999999999999,7.67058354214858
1.754,1,8.34999999999999,7.67051239790917
1.756,1,8.34999999999999,7.67041441068934
1.758,1,8.34999999999999,7.67031178149184
1.76,1,8.34999999999999,7.67021680624419
1.762,1,8.34999999999999,7.67013528583547
1.764,1,8.34999999999999,7.67006898541474
1.766,1,8.34999999999999,7.5943184263471
1.768,1,8.34999999999999,7.56138750987058
1.77,1,8.34999999999999,7.55453857906979
1.772,1,8.34999999999999,7.56227276970055
1.774,1,8.34999999999999,7.57701948325048
1.776,1,8.34999999999999,7.5940498974133
1.778,1,8.34999999999999,7.61061716762704
1.78,1,8.34999999999999,7.62530236111911
1.782,1,8.34999999999999,7.63753464317169
1.784,1,8.34999999999999,7.64725173202203
1.786,1,8.34999999999999,7.65466865806987
1.788,1,8.34999999999999,7.66012709450767
1.79,1,8.34999999999999,7.66400251985853
1.792,1,8.34999999999999,7.66665137971975
1.794,1,8.34999999999999,7.66838479138405
1.796,1,8.34999999999999,7.59376007894483
1.798,1,8.34999999999999,7.5614845811154
1.8,1,8.34999999999999,7.55497554512835
1.802,1,8.34999999999999,7.56284784403594
1.804,1,8.34999999999999,7.57761144065072
1.806,1,8.34999999999999,7.59459243316812
1.808,1,8.34999999999999,7.611079805165
1.81,1,8.34999999999999,7.62567673568454
1.812,1,8.34999999999999,7.63782500580491
1.814,1,8.34999999999999,7.64746864106295
1.816,1,8.34999999999999,7.65482499290316
1.818,1,8.34999999999999,7.58453678329988
1.82,1,8.34999999999999,7.63118276986946
1.822,1,8.34999999999999,7.5841775553901
1.824,1,8.34999999999999,7.5675747897336
1.826,1,8.34999999999999,7.5688215218399
1.828,1,8.34999999999999,7.57946272581134
1.83,1,8.34999999999999,7.59406290543779
1.832,1,8.34999999999999,7.60933306799383
1.834,1,8.34999999999999,7.62345336708745
1.836,1,8.34999999999999,7.63556693055199
1.838,1,8.34999999999999,7.6454149229906
1.84,1,8.34999999999999,7.6530829338429
1.842,1,8.34999999999999,7.65883175575831
1.844,1,8.34999999999999,7.66298986217595
1.846,1,8.34999999999999,7.665889395537
1.848,1,8.34999999999999,7.66783167348375
1.85,1,8.34999999999999,7.6690718387279
1.852,1,8.34999999999999,7.66981523149936
1.854,1,8.34999999999999,7.67022037060964
1.856,1,8.34999999999999,7.67040516407203
1.858,1,8.34999999999999,7.6704542287875
1.86,1,8.34999999999999,7.6704260791705
1.862,1,8.34999999999999,7.67035953640402
1.864,1,8.34999999999999,7.67027908955843
1.866,1,8.34999999999999,7.67019916871319
1.868,1,8.34999999999999,7.67012741620744
1.87,1,8.34999999999999,7.67006710082524
1.872,1,8.34999999999999,7.67001883671402
1.874,1,8.34999999999999,7.66998176193026
1.876,1,8.34999999999999,7.66995431253514
1.878,1,8.34999999999999,7.66993470463429
1.88,1,8.34999999999999,7.6699212131138
1.882,1,8.34999999999999,7.66991231446419
1.884,1,8.34999999999999,7.66990674303804
1.886,1,8.34999999999999,7.66990349559631
1.888,1,8.34999999999999,7.66990180783447
1.89,1,8.34999999999999,7.66990111828393
1.892,1,8.34999999999999,7.66990102904487
1.894,1,8.34999999999999,7.66990126870507
1.896,1,8.34999999999999,7.66990166008388
1.898,1,8.34999999999999,7.66990209373307
1.9,1,8.34999999999999,7.66990250712164
1.902,1,8.34999999999999,7.66990286890723
1.904,1,8.34999999999999,7.6699031674709
1.906,1,8.34999999999999,7.66990340285691
1.908,1,8.34999999999999,7.66990358132451
1.91,1,8.34999999999999,7.6699037118285
1.912,1,8.34999999999999,7.66990380387758
1.914,1,8.34999999999999,7.66990386633739
1.916,1,8.34999999999999,7.6699039068552
1.918,1,8.34999999999999,7.66990393167446
1.92,1,8.34999999999999,7.66990394567363
1.922,1,8.34999999999999,7.66990395252169
1.924,1,8.34999999999999,7.66990395488088
1.926,1,8.34999999999999,7.6699039546136
1.928,1,8.34999999999999,7.66990395297235
1.93,1,8.34999999999999,7.66990395076052
1.932,1,8.34999999999999,7.66990394846261
1.934,1,8.34999999999999,7.66990394634571
1.936,1,8.34999999999999,7.66990394453423
1.938,1,8.34999999999999,7.59420502538778
1.94,1,8.34999999999999,7.561312836027
1.942,1,8.34999999999999,7.55449192490008
1.944,1,8.34999999999999,7.63794457814168
1.946,1,8.34999999999999,7.60989765934982
1.948,1,8.34999999999999,7.60086516201188
1.95,1,8.34999999999999,7.60286280404391
1.952,1,8.34999999999999,7.61054466033448
1.954,1,8.34999999999999,7.62049922408149
1.956,1,8.34999999999999,7.63068314066964
1.958,1,8.34999999999999,7.63998423806118
1.96,1,8.34999999999999,7.64789662647073
1.962,1,8.34999999999999,7.65428762080929
1.964,1,8.34999999999999,7.65923662772075
1.966,1,8.34999999999999,7.66292830602589
1.968,1,8.34999999999999,7.66558521089704
1.97,1,8.34999999999999,7.66742813888113
1.972,1,8.34999999999999,7.66865515706348
1.974,1,8.34999999999999,7.66943266453036
1.976,1,8.34999999999999,7.66989375176216
1.978,1,8.34999999999999,7.67014061327524
1.98,1,8.34999999999999,7.59454996569738
1.982,1,8.34999999999999,7.56168146350693
1.984,1,8.34999999999999,7.55483680052725
1.986,1,8.34999999999999,7.63824275119854
1.988,1,8.34999999999999,7.6101415016574
1.99,1,8.34999999999999,7.60105596838394
1.992,1,8.34999999999999,7.60300649932437
1.994,1,8.34999999999999,7.61064905338393
1.996,1,8.34999999999999,7.62057235763236
1.998,1,8.34999999999999,7.63073238837096
2,1,8.34999999999999,7.64001588905051
2.002,1,8.34999999999999,7.64791577090083
2.004,1,8.34999999999999,7.65429820714534
2.006,1,8.34999999999999,7.65924160597127
2.008,1,8.34999999999999,7.66292980265899
2.01,1,8.34999999999999,7.58988578571089
2.012,1,8.34999999999999,7.55883550693831
2.014,1,8.34999999999999,7.55324122236976
2.016,1,8.34999999999999,7.56177244609692
2.018,1,8.34999999999999,7.65269244279614
2.02,1,8.34999999999999,7.62717162557853
2.022,1,8.34999999999999,7.61778119712935
2.024,1,8.34999999999999,7.61791844119395
2.026,1,8.34999999999999,7.62312238403632
2.028,1,8.34999999999999,7.63051432955189
2.03,1,8.34999999999999,7.63834338280626
2.032,1,8.34999999999999,7.64563280941671
2.034,1,8.34999999999999,7.65191506447662
2.036,1,8.34999999999999,7.65704025251032
2.038,1,8.34999999999999,7.6610426457846
2.04,1,8.34999999999999,7.66405133399367
2.042,1,8.34999999999999,7.66623322373074
2.044,1,8.34999999999999,7.66775891289307
2.046,1,8.34999999999999,7.66878413027785
2.048,1,8.34999999999999,7.66944130652316
2.05,1,8.34999999999999,7.66983737909009
2.052,1,8.34999999999999,7.67005513793462
2.054,1,8.34999999999999,7.67015632629555
2.056,1,8.34999999999999,7.67018537129201
2.058,1,8.34999999999999,7.67017308214453
2.06,1,8.34999999999999,7.67013996613464
2.062,1,8.34999999999999,7.6700990134657
2.064,1,8.34999999999999,7.67005792408323
2.066,1,8.34999999999999,7.59432189948687
2.068,1,8.34999999999999,7.56139839014135
2.07,1,8.34999999999999,7.55455233505258
2.072,1,8.34999999999999,7.56228670137862
2.074,1,8.34999999999999,7.57703213360939
2.076,1,8.34999999999999,7.59406061602056
2.078,1,8.34999999999999,7.61062579832216
2.08,1,8.34999999999999,7.6253090267044
2.082,1,8.34999999999999,7.63753960307513
2.084,1,8.34999999999999,7.64725529291713
2.086,1,8.34999999999999,7.65467112155436
2.088,1,8.34999999999999,7.66012872970639
2.09,1,8.34999999999999,7.6640035520199
2.092,1,8.34999999999999,7.66665198846585
2.094,1,8.34999999999999,7.66838511428038
2.096,1,8.34999999999999,7.66945913523136
2.098,1,8.34999999999999,7.67007571367689
2.1,1,8.34999999999999,7.67038752564025
2.102,1,8.34999999999999,7.6705060586535
2.104,1,8.34999999999999,7.67050983478076
2.106,1,8.34999999999999,7.6704520487729
2.108,1,8.34999999999999,7.67036714050829
2.11,1,8.34999999999999,7.67027615051202
2.112,1,8.34999999999999,7.67019089803215
2.114,1,8.34999999999999,7.6701171189324
2.116,1,8.34999999999999,7.7457556569282
2.118,1,8.34999999999999,7.77860056939688
2.12,1,8.34999999999999,7.78538585698743
2.122,1,8.34999999999999,7.70190730978979
2.124,1,8.34999999999999,7.65423716048378
2.126,1,8.34999999999999,7.63036523948192
2.128,1,8.34999999999999,7.62153882088061
2.13,1,8.34999999999999,7.62160593767969
2.132,1,8.34999999999999,7.62640854669185
2.134,1,8.34999999999999,7.63326216599587
2.136,1,8.34999999999999,7.64053297808556
2.138,1,8.34999999999999,7.57160972320972
2.14,1,8.34999999999999,7.54456044843953
2.142,1,8.34999999999999,7.54250842848197
2.144,1,8.34999999999999,7.55398770517558
2.146,1,8.34999999999999,7.57154903678515
2.148,1,8.34999999999999,7.66631906076159
2.15,1,8.34999999999999,7.71720513853915
2.152,1,8.34999999999999,7.73966963059847
2.154,1,8.34999999999999,7.66906339277235
2.156,1,8.34999999999999,7.70719736174591
2.158,1,8.34999999999999,7.72385003792893
2.16,1,8.34999999999999,7.72740513433284
2.162,1,8.34999999999999,7.64792668689416
2.164,1,8.34999999999999,7.60771710217917
2.166,1,8.34999999999999,7.59241456981755
2.168,1,8.34999999999999,7.51620409279003
2.17,1,8.34999999999999,7.49073751945242
2.172,1,8.34999999999999,7.49484152089071
2.174,1,8.34999999999999,7.51430778106181
2.176,1,8.34999999999999,7.54004409860728
2.178,1,8.34999999999999,7.56658359674318
2.18,1,8.34999999999999,7.59093201481696
2.182,1,8.34999999999999,7.61170903593678
2.184,1,8.34999999999999,7.62853114495939
2.186,1,8.34999999999999,7.64158418219611
2.188,1,8.34999999999999,7.65133923191624
2.19,1,8.34999999999999,7.6583729789862
2.192,1,8.34999999999999,7.66326149898349
2.194,1,8.34999999999999,7.66652368622834
2.196,1,8.34999999999999,7.59289781496419
2.198,1,8.34999999999999,7.56124001064861
2.2,1,8.34999999999999,7.5550844727663
2.202,1,8.34999999999999,7.56313450944737
2.204,1,8.34999999999999,7.5779645847657
2.206,1,8.34999999999999,7.59494617042332
2.208,1,8.34999999999999,7.6113989462204
2.21,1,8.34999999999999,7.62594593176272
2.212,1,8.34999999999999,7.56234208448868
2.214,1,8.34999999999999,7.53904384695438
2.216,1,8.34999999999999,7.53953638192729
2.218,1,8.34999999999999,7.55266576838084
2.22,1,8.34999999999999,7.57123742390195
2.222,1,8.34999999999999,7.5908779993335
2.224,1,8.34999999999999,7.60915008577572
2.226,1,8.34999999999999,7.54919018074743
2.228,1,8.34999999999999,7.60483188589571
2.23,1,8.34999999999999,7.56522400082426
2.232,1,8.34999999999999,7.63013511902629
2.234,1,8.34999999999999,7.59297244280492
2.236,1,8.34999999999999,7.58074979014115
2.238,1,8.34999999999999,7.58303171910074
2.24,1,8.34999999999999,7.59282240947604
2.242,1,8.34999999999999,7.60565053935998
2.244,1,8.34999999999999,7.61883217476791
2.246,1,8.34999999999999,7.63090132736413
2.248,1,8.34999999999999,7.64118611608954
2.25,1,8.34999999999999,7.64950439732497
2.252,1,8.34999999999999,7.65595313689691
2.254,1,8.34999999999999,7.66076855425837
2.256,1,8.34999999999999,7.5885388885989
2.258,1,8.34999999999999,7.55805576297751
2.26,1,8.34999999999999,7.55284084742547
2.262,1,8.34999999999999,7.63731278736524
2.264,1,8.34999999999999,7.60987171703797
2.266,1,8.34999999999999,7.6768637418558
2.268,1,8.34999999999999,7.63619869431731
2.27,1,8.34999999999999,7.69354120211738
2.272,1,8.34999999999999,7.72178386004854
2.274,1,8.34999999999999,7.73172276685965
2.276,1,8.34999999999999,7.73092101134993
2.278,1,8.34999999999999,7.72447136418665
2.28,1,8.34999999999999,7.71564676295405
2.282,1,8.34999999999999,7.70642676719841
2.284,1,8.34999999999999,7.69790592048665
2.286,1,8.34999999999999,7.69059884045558
2.288,1,8.34999999999999,7.68466013207975
2.29,1,8.34999999999999,7.68003717931017
2.292,1,8.34999999999999,7.67657206690389
2.294,1,8.34999999999999,7.67406631871047
2.296,1,8.34999999999999,7.74801833761179
2.298,1,8.34999999999999,7.70404174699399
2.3,1,8.34999999999999,7.75292266809443
2.302,1,8.34999999999999,7.77079281296353
2.304,1,8.34999999999999,7.77036400888343
2.306,1,8.34999999999999,7.7602203550952
2.308,1,8.34999999999999,7.74589779095063
2.31,1,8.34999999999999,7.73076057308385
2.312,1,8.34999999999999,7.71668295774312
2.314,1,8.34999999999999,7.70455973733692
2.316,1,8.34999999999999,7.69467513251008
2.318,1,8.34999999999999,7.68695974987124
2.32,1,8.34999999999999,7.68116249456506
2.322,1,8.34999999999999,7.67696016888338
2.324,1,8.34999999999999,7.67402302753637
2.326,1,8.34999999999999,7.67205037855862
2.328,1,8.34999999999999,7.67078669859617
2.33,1,8.34999999999999,7.67002576776652
2.332,1,8.34999999999999,7.66960800834586
2.334,1,8.34999999999999,7.66941446233698
2.336,1,8.34999999999999,7.66935957124484
2.338,1,8.34999999999999,7.66938402978632
2.34,1,8.34999999999999,7.66944838433457
2.342,1,8.34999999999999,7.66952766026812
2.344,1,8.34999999999999,7.6696070682028
2.346,1,8.34999999999999,7.66967870927292
2.348,1,8.34999999999999,7.66973913828777
2.35,1,8.34999999999999,7.66978762482522
2.352,1,8.34999999999999,7.66982495809235
2.354,1,8.34999999999999,7.66985265968547
2.356,1,8.34999999999999,7.66987249154221
2.358,1,8.34999999999999,7.66988616985587
2.36,1,8.34999999999999,7.66989521704728
2.362,1,8.34999999999999,7.66990090195917
2.364,1,8.34999999999999,7.66990423299362
2.366,1,8.34999999999999,7.66990598015867
2.368,1,8.34999999999999,7.66990671035131
2.37,1,8.34999999999999,7.6699068262178
2.372,1,8.34999999999999,7.66990660308407
2.374,1,8.34999999999999,7.66990622121477
2.376,1,8.34999999999999,7.6699057923951
2.378,1,8.34999999999999,7.66990538086404
2.38,1,8.34999999999999,7.66990501916768
2.382,1,8.34999999999999,7.66990471974162
2.384,1,8.34999999999999,7.66990448307113
2.386,1,8.34999999999999,7.66990430322061
2.388,1,8.34999999999999,7.66990417141794
2.39,1,8.34999999999999,7.66990407824288
2.392,1,8.34999999999999,7.66990401486071
2.394,1,8.34999999999999,7.59420505594341
2.396,1,8.34999999999999,7.56131284236076
2.398,1,8.34999999999999,7.55449191769322
2.4,1,8.34999999999999,7.5622456467498
2.402,1,8.34999999999999,7.57700545529955
2.404,1,8.34999999999999,7.59404423634204
2.406,1,8.34999999999999,7.61061652657974
2.408,1,8.34999999999999,7.62530446006427
2.41,1,8.34999999999999,7.63753799594917
2.412,1,8.34999999999999,7.64725542244862
2.414,1,8.34999999999999,7.65467216430371
2.416,1,8.34999999999999,7.66013015647691
2.418,1,8.34999999999999,7.66400504273729
2.42,1,8.34999999999999,7.66665336615229
2.422,1,8.34999999999999,7.66838629572551
2.424,1,8.34999999999999,7.6694600954349
2.426,1,8.34999999999999,7.67007646114384
2.428,1,8.34999999999999,7.67038808590212
2.43,1,8.34999999999999,7.67050646380023
2.432,1,8.34999999999999,7.67051011723231
2.434,1,8.34999999999999,7.67045223792544
2.436,1,8.34999999999999,7.67036726124444
2.438,1,8.34999999999999,7.67027622285179
2.44,1,8.34999999999999,7.67019093742703
2.442,1,8.34999999999999,7.67011713687257
2.444,1,8.34999999999999,7.6700567439814
2.446,1,8.34999999999999,7.67000946072108
2.448,1,8.34999999999999,7.66997383430956
2.45,1,8.34999999999999,7.66994793962507
2.452,1,8.34999999999999,7.6699297896916
2.454,1,8.34999999999999,7.66991756065833
2.456,1,8.34999999999999,7.66990969566153
2.458,1,8.34999999999999,7.66990493385411
2.46,1,8.34999999999999,7.66990229666789
2.462,1,8.34999999999999,7.66990105262953
2.464,1,8.34999999999999,7.66990067421209
2.466,1,8.34999999999999,7.66990079470034
2.468,1,8.34999999999999,7.66990116931809
2.47,1,8.34999999999999,7.66990164246656
2.472,1,8.34999999999999,7.66990212145492
2.474,1,8.34999999999999,7.6699025562826
2.476,1,8.34999999999999,7.66990292464811
2.478,1,8.34999999999999,7.66990322121857
2.48,1,8.34999999999999,7.66990345023759
2.482,1,8.34999999999999,7.59420470295727
2.484,1,8.34999999999999,7.56131263705947
2.486,1,8.34999999999999,7.55449181140128
2.488,1,8.34999999999999,7.56224560374132
2.49,1,8.34999999999999,7.57700545027875
2.492,1,8.34999999999999,7.5940442520724
2.494,1,8.34999999999999,7.61061655182223
2.496,1,8.34999999999999,7.62530448788746
2.498,1,8.34999999999999,7.63753802240224
2.5,3,8.34999999999999,7.64725544556045
2.502,3,9.3103220241518,7.65467218335286
2.504,3,10.2154213902155,7.66013017147952
2.506,3,11.0684736391968,7.81540288945497
2.508,3,11.8724717047979,8.11093233927453
2.51,3,12.6302364141252,8.60347823997624
2.512,3,13.3444263845608,9.22816174339974
2.514,3,14.0175473515211,9.93734738137318
2.516,3,14.6519609598292,10.772994367382
2.518,3,15.2498930495458,11.5935966769381
2.52,3,15.8134414653281,12.4008857401124
2.522,3,16.3445834167181,13.121399818711
2.524,3,16.8451824151817,13.8759306089083
2.526,3,17.3169948122385,14.649829141943
2.528,3,17.761675961621,15.3576740131878
2.53,3,18.1807860270827,16.0361358823946
2.532,3,18.5757954562326,16.7076678748764
2.534,3,18.9480901396005,17.3092272410959
2.536,3,19.2989762730335,17.889803935596
2.538,3,19.6296849404841,18.401891850012
2.54,3,19.9413764332682,18.8269198540576
2.542,3,20.2351443209469,19.2392770335423
2.544,3,20.512019288115,19.6798789060334
2.546,3,20.7729727505581,20.0920554515868
2.548,3,21.0189202634644,20.3726962344183
2.55,3,21.2507247336505,20.7069006168543
2.552,3,21.4691994470691,20.9609820441814
2.554,3,21.6751109222233,21.298662165003
2.556,3,21.8691815994962,21.5718912824687
2.558,3,22.0520923758334,21.783787888271
2.56,3,22.2244849936693,22.0177669853366
2.562,3,22.3869642924807,22.2404278623145
2.564,3,22.540100330866,22.4350780106175
2.566,3,22.6844303865954,22.5955813764286
2.568,3,22.8204608416503,22.7220363107276
2.57,3,22.9486689588642,22.8935546183502
2.572,3,23.0695045563993,23.0721729602711
2.574,3,23.1833915859335,23.1612492655695
2.576,3,23.2907296200949,23.2694883569857
2.578,3,23.391895254362,23.3772624553154
2.58,3,23.4872434283493,23.5498506555009
2.582,3,23.5771086711124,23.6642656515903
2.584,3,23.6618062748437,23.8120687605716
2.586,3,23.7416334010747,23.8873882242461
2.588,3,23.816870123267,23.9923239139099
2.59,3,23.8877804094506,24.0269955975459
2.592,3,23.9546130483552,24.0964788147116
2.594,3,24.0176025222853,24.1776661489535
2.596,3,24.0769698298019,24.257081359332
2.598,3,24.1329232610957,24.3277136895698
2.6,3,24.1856591287727,24.3109928566025
2.602,3,24.2353624566179,24.4007426142522
2.604,3,24.2822076287503,24.4627066243536
2.606,3,24.3263590014501,24.5037394109428
2.608,3,24.3679714798026,24.5295616993948
2.61,3,24.4071910611825,24.5447250500554
2.612,3,24.444155347486,24.5527083925259
2.614,3,24.4789940279066,24.6317742807356
2.616,3,24.5118293339499,24.6652396400595
2.618,3,24.5427764682829,24.6710874716935
2.62,3,24.5719440089222,24.7373311387158
2.622,3,24.5994342901802,24.7535415253042
2.624,3,24.6253437617052,24.8171727147834
2.626,3,24.6497633268746,24.8241100561711
2.628,3,24.6727786617294,24.8001330185898
2.63,3,24.694470515569,24.8377375010201
2.632,3,24.7149149942597,24.9044664130624
2.634,3,24.7341838272522,24.9044399464477
2.636,3,24.7523446192446,24.9445204165047
2.638,3,24.7694610873732,24.9263315793377
2.64,3,24.785593284764,24.9545670857375
2.642,3,24.8007978112296,24.9290708364956
2.644,3,24.8151280118489,24.9531396084881
2.646,3,24.828634164129,24.9255625037904
2.648,3,24.8413636544034,24.9488680027231
2.65,3,24.8533611440869,24.9213055042714
2.652,3,24.8646687263706,24.945038940403
2.654,3,24.8753260739053,24.9937814530537
2.656,3,24.8853705779936,25.0510483463749
2.658,3,24.8948374797766,25.1072085034885
2.66,3,24.903759993878,25.0815368354753
2.662,3,24.9121694249373,25.014765363914
2.664,3,24.9200952774424,25.0083680899175
2.666,3,24.9275653592456,25.034794289185
2.668,3,24.934605879128,25.0761141105077
2.67,3,24.9412415387526,25.0455983300291
2.672,3,24.9474956193303,25.0554898383212
2.674,3,24.9533900633021,25.0102517210411
2.676,3,24.9589455513239,25.0157817119321
2.678,3,24.9641815748245,25.0478359453883
2.68,3,24.9691165043918,25.0151706097035
2.682,3,24.9737676542255,25.0269190506506
2.684,3,24.9781513428842,24.9854908909722
2.686,3,24.9822829505389,24.9197972652396
2.688,3,24.9861769729346,24.8476487667044
2.69,3,24.9898470722483,24.8548781585953
2.692,3,24.993306125023,24.9037190727635
2.694,3,24.9965662673449,24.9699272353442
2.696,3,24.9996389374228,24.9631623760421
2.698,3,25.0025349157194,24.9938542005082
2.7,3,25.005264362774,24.9657902002574
2.702,3,25.0078368548514,24.9848657674197
2.704,3,25.0102614175397,24.9514949927603
2.706,3,25.0125465574166,24.9691518185309
2.708,3,25.0147002918953,25.0122743799407
2.71,3,25.0167301773527,25.0647194838956
2.712,3,25.0186433356418,25.0412604128897
2.714,3,25.0204464790781,25.0553427600291
2.716,3,25.0221459339903,25.0880526709974
2.718,3,25.0237476629155,25.0517677169828
2.72,3,25.0252572855195,25.0579741538228
2.722,3,25.0266800983131,25.0862248474931
2.724,3,25.0280210932347,25.0477425959975
2.726,3,25.0292849751649,25.0531746767581
2.728,3,25.0304761784332,25.0814861659137
2.73,3,25.031598882376,25.1192029379424
2.732,3,25.0326570260002,25.0825132810238
2.734,3,25.0336543218024,25.0854694609434
2.736,3,25.0345942687948,25.109273409139
2.738,3,25.0354801647813,25.0661453094517
2.74,3,25.0363151179278,25.0672839054247
2.742,3,25.0371020576675,25.0919135432237
2.744,3,25.0378437449781,25.1266379767337
2.746,3,25.0385427820697,25.1633178856503
2.748,3,25.0392016215136,25.1217213927884
2.75,3,25.0398225748481,25.1938904339757
2.752,3,25.0404078206878,25.2438986069459
2.754,3,25.0409594123676,25.2771547885757
2.756,3,25.0414792851469,25.2224974802754
2.758,3,25.0419692629993,25.2020572534966
2.76,3,25.042431065012,25.2018792645963
2.762,3,25.0428663114173,25.1368239398403
2.764,3,25.0432765292771,25.1192950328126
2.766,3,25.0436631578408,25.128837690647
2.768,3,25.0440275535947,25.1518733378508
2.77,3,25.0443709950211,25.1798300461159
2.772,3,25.0446946870843,25.1319525760458
2.774,3,25.0449997654578,25.1240638463665
2.776,3,25.0452873005091,25.1382760740238
2.778,3,25.0455583010549,25.1628700484927
2.78,3,25.0458137179005,25.2662712572907
2.782,3,25.0460544471759,25.3257890136394
2.784,3,25.0462813334798,25.2803346173373
2.786,3,25.0464951728426,25.1833942551323
2.788,3,25.0466967155199,25.068568723926
2.79,3,25.046886668624,25.0312383964472
2.792,3,25.0470656986053,25.0389135930882
2.794,3,25.0472344335907,25.0698286451825
2.796,3,25.0473934655866,25.1100842125353
2.798,3,25.0475433525569,25.075648247187
2.8,3,25.04768462038,25.0804836682422
2.802,3,25.0478177646939,25.1057817234288
2.804,3,25.0479432526356,25.1394938288267
2.806,3,25.0480615244795,25.1743651331683
2.808,3,25.0481729951822,25.1307139557794
2.81,3,25.0482780558388,25.1252009718629
2.812,3,25.0483770750545,25.1405677396255
2.814,3,25.0484704002382,25.1655511473633
2.816,3,25.0485583588214,25.1174975564225
2.818,3,25.0486412594067,25.1109415706981
2.82,3,25.0487193928509,25.1271595466126
2.822,3,25.048793033285,25.1539201621175
2.824,3,25.0488624390765,25.1836610449127
2.826,3,25.0489278537357,25.1363568089872
2.828,3,25.0489895067699,25.052640135078
2.83,3,25.0490476144887,25.0334694303928
2.832,3,25.0491023807631,25.0506073137724
2.834,3,25.0491539977405,25.0854138350953
2.836,3,25.0492026465191,25.1262061737004
2.838,3,25.0492484977831,25.166164163699
2.84,3,25.0492917124016,25.2017335756663
2.842,3,25.0493324419932,25.1557534787971
2.844,3,25.0493708294577,25.1465273913345
2.846,3,25.0494070094774,25.1578094642732
2.848,3,25.0494411089899,25.1789131844575
2.85,3,25.0494732476334,25.1274721275737
2.852,3,25.0495035381662,25.118125462567
2.854,3,25.0495320868628,25.1321464004414
2.856,3,25.0495589938863,25.15724335194
2.858,3,25.0495843536398,25.1857691678154
2.86,3,25.0496082550981,25.1376089834368
2.862,3,25.0496307821195,25.1290112428074
2.864,3,25.04965201374,25.1423571307287
2.866,3,25.0496720244507,25.1660863805836
2.868,3,25.0496908844593,25.193010153188
2.87,3,25.0497086599361,25.2189800053976
2.872,3,25.0497254132462,25.2418780966411
2.874,3,25.0497412031688,25.1851794274689
2.876,3,25.0497560851028,25.2430327898118
2.878,3,25.0497701112613,25.2805575526221
2.88,3,25.0497833308553,25.3035393701143
2.882,3,25.0497957902655,25.2407996208018
2.884,3,25.049807533206,25.2142434119048
2.886,3,25.0498186008767,25.209601598428
2.888,3,25.0498290321087,25.1414039567983
2.89,3,25.0498388634998,25.1217475074263
2.892,3,25.0498481295435,25.129913690213
2.894,3,25.0498568627497,25.1521091911278
2.896,3,25.0498650937589,25.1795946477378
2.898,3,25.0498728514496,25.2071880524361
2.9,3,25.0498801630396,25.2321156561819
2.902,3,25.0498870541817,25.177462656338
2.904,3,25.0498935490534,25.1614694858338
2.906,3,25.0498996704419,25.2433674787718
2.908,3,25.0499054398242,25.2179811136732
2.91,3,25.0499108774421,25.2135941754885
2.912,3,25.0499160023736,25.1451383841903
2.914,3,25.0499208325994,25.1249757137873
2.916,3,25.0499253850663,25.208252281258
2.918,3,25.0499296757468,25.2627656337683
2.92,3,25.0499337196947,25.2965619184163
2.922,3,25.0499375310981,25.240277191163
2.924,3,25.0499411233294,25.217214422227
2.926,3,25.0499445089918,25.2141421166926
2.928,3,25.0499476999641,25.2220321378844
2.93,3,25.0499507074418,25.2349886604848
2.932,3,25.0499535419764,25.2493679315664
2.934,3,25.0499562135132,25.2630866482921
2.936,3,25.049958731425,25.2750991681789
2.938,3,25.0499611045461,25.2093174220625
2.94,3,25.0499633412024,25.1842463604498
2.942,3,25.0499654492414,25.1833570317263
2.944,3,25.049967436059,25.1954494027007
2.946,3,25.049969308626,25.2132702683676
2.948,3,25.0499710735124,25.2323867721174
2.95,3,25.0499727369102,25.2503073989328
2.952,3,25.0499743046555,25.1901227603168
2.954,3,25.0499757822486,25.1699305660283
2.956,3,25.0499771748737,25.1730556073354
2.958,3,25.0499784874169,25.1883051878454
2.96,3,25.0499797244832,25.1328156952756
2.962,3,25.0499808904129,25.1207829774488
2.964,3,25.0499819892966,25.2088083182718
2.966,3,25.0499830249897,25.1900999648822
2.968,3,25.049984001126,25.1920255641779
2.97,3,25.0499849211303,25.2047633312773
2.972,3,25.0499857882303,25.2220090802986
2.974,3,25.0499866054683,25.2399564402993
2.976,3,25.0499873757117,25.2565065724131
2.978,3,25.0499881016627,25.2706782569635
2.98,3,25.0499887858684,25.206484124117
2.982,3,25.0499894307294,25.1825392280688
2.984,3,25.049990038508,25.1824188685845
2.986,3,25.0499906113367,25.1193149364742
2.988,3,25.0499911512254,25.1045545996497
2.99,3,25.0499916600681,25.1170283074885
2.992,3,25.0499921396501,25.1427923574075
2.994,3,25.0499925916542,25.1731001324014
2.996,3,25.049993017666,25.2028394066685
2.998,3,25.0499934191803,25.153641484625
3,3,25.0499937976058,25.1429080681098
3.002,3,25.0499941542702,25.2294425496405
3.004,3,25.0499944904249,25.207902739105
3.006,3,25.0499948072492,25.2065615155415
3.008,3,25.0499951058548,25.216122741199
3.01,3,25.0499953872893,25.2305535997489
3.012,3,25.04999565254,25.2461567235173
3.014,3,25.0499959025377,25.1851460258135
3.016,3,25.0499961381595,25.1650045530899
3.018,3,25.049996360232,25.1686428175999
3.02,3,25.0499965695343,25.108902660742
3.022,3,25.0499967668009,25.1726624884891
3.024,3,25.0499969527238,25.1445829866547
3.026,3,25.0499971279553,25.1460041475124
3.028,3,25.0499972931103,25.1630150750767
3.03,3,25.0499974487681,25.2623586186894
3.032,3,25.0499975954749,25.2444000342308
3.034,3,25.0499977337455,25.2413662153087
3.036,3,25.0499978640649,25.170890929411
3.038,3,25.0499979868904,25.0714108535588
3.04,3,25.0499981026529,25.0419823596546
3.042,3,25.0499982117585,25.0528105013036
3.044,3,25.0499983145901,25.0840351633429
3.046,3,25.0499984115084,25.0473547728002
3.048,3,25.0499985028536,25.0537858993131
3.05,3,25.0499985889459,25.0825697637727
3.052,3,25.0499986700876,25.1204314639162
3.054,3,25.0499987465633,25.1593967510486
3.056,3,25.0499988186413,25.1951047614066
3.058,3,25.0499988865746,25.1498528042416
3.06,3,25.0499989506013,25.1415973409247
3.062,3,25.0499990109463,25.1538835362215
3.064,3,25.0499990678211,25.1002112197432
3.066,3,25.0499991214254,25.0923653699813
3.068,3,25.0499991719473,25.1097289758326
3.07,3,25.0499992195639,25.1388207803311
3.072,3,25.0499992644423,25.0955960065048
3.074,3,25.04999930674,25.1694753053058
3.076,3,25.0499993466055,25.2228050802685
3.078,3,25.0499993841785,25.1842153011521
3.08,3,25.0499994195909,25.1761207310644
3.082,3,25.0499994529669,25.1850853941047
3.084,3,25.0499994844237,25.2022614232545
3.086,3,25.0499995140715,25.2221206235958
3.088,3,25.0499995420145,25.2414504914365
3.09,3,25.0499995683507,25.1828914150668
3.092,3,25.0499995931724,25.1642796909626
3.094,3,25.0499996165667,25.1688051727893
3.096,3,25.0499996386158,25.1852209823762
3.098,3,25.0499996593969,25.2063566506288
3.1,3,25.0499996789831,25.2279229848856
3.102,3,25.0499996974429,25.2475904424148
3.104,3,25.0499997148413,25.2643043008332
3.106,3,25.0499997312391,25.2777936808353
3.108,3,25.049999746694,25.2125334726253
3.11,3,25.0499997612602,25.1874230884413
3.112,3,25.0499997749888,25.1861992620686
3.114,3,25.0499997879279,25.1978327588727
3.116,3,25.049999800123,25.215173720708
3.118,3,25.0499998116168,25.233846472024
3.12,3,25.0499998224496,25.2513864192796
3.122,3,25.0499998326595,25.2665912213934
3.124,3,25.0499998422823,25.2790502484271
3.126,3,25.0499998513518,25.2131166281136
3.128,3,25.0499998598997,25.1875896191486
3.13,3,25.049999867956,25.1861272086184
3.132,3,25.0499998755491,25.1976406015053
3.134,3,25.0499998827056,25.2149364879795
3.136,3,25.0499998894505,25.2336086186225
3.138,3,25.0499998958076,25.251171710119
3.14,3,25.0499999017991,25.1907111262273
3.142,3,25.0499999074461,25.1703137259454
3.144,3,25.0499999127683,25.1732915331268
3.146,3,25.0499999177845,25.1884393220796
3.148,3,25.0499999225123,25.2085812324563
3.15,3,25.0499999269682,25.2293981282799
3.152,3,25.0499999311678,25.1728214697232
3.154,3,25.049999935126,25.1562606531338
3.156,3,25.0499999388565,25.2383700630437
3.158,3,25.0499999423725,25.2135896526172
3.16,3,25.0499999456863,25.2099592349733
3.162,3,25.0499999488096,25.1422655817625
3.164,3,25.0499999517533,25.1227928247607
3.166,3,25.0499999545277,25.2066527030307
3.168,3,25.0499999571425,25.2616349543661
3.17,3,25.049999959607,25.2200939361669
3.172,3,25.0499999619298,25.2068846584164
3.174,3,25.049999964119,25.1343869158215
3.176,3,25.0499999661823,25.1131301665234
3.178,3,25.049999968127,25.1969924695342
3.18,3,25.0499999699598,25.2529294405944
3.182,3,25.0499999716872,25.2884556053418
3.184,3,25.0499999733153,25.2338933273923
3.186,3,25.0499999748498,25.1366801289811
3.188,3,25.0499999762961,25.1020185360812
3.19,3,25.0499999776591,25.1041310072196
3.192,3,25.0499999789438,25.1256432611981
3.194,3,25.0499999801547,25.1553764867266
3.196,3,25.0499999812959,25.1865586595506
3.198,3,25.0499999823714,25.1397369498666
3.2,3,25.0499999833851,25.1316428746126
3.202,3,25.0499999843406,25.1449975899812
3.204,3,25.0499999852411,25.1684709438312
3.206,3,25.0499999860898,25.1950229233298
3.208,3,25.0499999868897,25.2205958795226
3.21,3,25.0499999876436,25.1674239440322
3.212,3,25.0499999883541,25.1532112721051
3.214,3,25.0499999890238,25.1611747789104
3.216,3,25.049999989655,25.1801768653078
3.218,3,25.0499999902499,25.2031893949795
3.22,3,25.0499999908105,25.2260690849275
3.222,3,25.049999991339,25.2466198086048
3.224,3,25.049999991837,25.2639004305234
3.226,3,25.0499999923064,25.2020329568579
3.228,3,25.0499999927488,25.1797679698768
3.23,3,25.0499999931658,25.180816865863
3.232,3,25.0499999935588,25.1941934207281
3.234,3,25.0499999939292,25.2128229857261
3.236,3,25.0499999942783,25.1567159228843
3.238,3,25.0499999946073,25.1419950528887
3.24,3,25.0499999949174,25.1507945801893
3.242,3,25.0499999952097,25.1712669250949
3.244,3,25.0499999954852,25.1959427862261
3.246,3,25.0499999957448,25.2204245917038
3.248,3,25.0499999959895,25.2423866675387
3.25,3,25.0499999962201,25.2608376299246
3.252,3,25.0499999964375,25.2755953967368
3.254,3,25.0499999966423,25.2869273838748
3.256,3,25.0499999968354,25.2953142909026
3.258,3,25.0499999970174,25.2256041814085
3.26,3,25.0499999971889,25.2725299586075
3.262,3,25.0499999973505,25.3013167767974
3.264,3,25.0499999975029,25.3175905870729
3.266,3,25.0499999976465,25.2498872659551
3.268,3,25.0499999977818,25.2197875194554
3.27,3,25.0499999979094,25.2127090770559
3.272,3,25.0499999980296,25.2186044238907
3.274,3,25.0499999981429,25.2308356692525
3.276,3,25.0499999982497,25.1695391818459
3.278,3,25.0499999983504,25.2264845748116
3.28,3,25.0499999984452,25.3408573608778
3.282,3,25.0499999985346,25.3231649939509
3.284,3,25.0499999986189,25.3124993347795
3.286,3,25.0499999986983,25.2309341226882
3.288,3,25.0499999987732,25.1196147686713
3.29,3,25.0499999988437,25.0791159250309
3.292,3,25.0499999989102,25.080376316509
3.294,3,25.0499999989729,25.103778727631
3.296,3,25.0499999990319,25.1366777456199
3.298,3,25.0499999990876,25.0956945227344
3.3,3,25.0499999991401,25.0950603966537
3.302,3,25.0499999991895,25.1160033726486
3.304,3,25.0499999992361,25.1463844726885
3.306,3,25.04999999928,25.1031006568074
3.308,3,25.0499999993214,25.1005088768586
3.31,3,25.0499999993605,25.1198702700332
3.312,3,25.0499999993972,25.1490264078254
3.314,3,25.0499999994319,25.1048286820541
3.316,3,25.0499999994646,25.1015790475354
3.318,3,25.0499999994954,25.0447851272032
3.32,3,25.0499999995244,25.1164440627729
3.322,3,25.0499999995517,25.1738238931104
3.324,3,25.0499999995775,25.1422278908582
3.326,3,25.0499999996018,25.1420064593949
3.328,3,25.0499999996247,25.082837179674
3.33,3,25.0499999996463,25.1494739643243
3.332,3,25.0499999996666,25.2009160161358
3.334,3,25.0499999996858,25.1634800493917
3.336,3,25.0499999997039,25.1580471901879
3.338,3,25.0499999997209,25.2459138070648
3.34,3,25.0499999997369,25.2234586556251
3.342,3,25.0499999997521,25.2200940562971
3.344,3,25.0499999997663,25.2272407908068
3.346,3,25.0499999997798,25.2392869125482
3.348,3,25.0499999997924,25.2527565288902
3.35,3,25.0499999998044,25.2656557680374
3.352,3,25.0499999998156,25.2769777728485
3.354,3,25.0499999998262,25.2106424267769
3.356,3,25.0499999998362,25.2608443254361
3.358,3,25.0499999998456,25.2925313280396
3.36,3,25.0499999998545,25.2355197151689
3.362,3,25.0499999998629,25.2125389080735
3.364,3,25.0499999998708,25.2856706777876
3.366,3,25.0499999998782,25.3271338396428
3.368,3,25.0499999998852,25.3476187531211
3.37,3,25.0499999998918,25.279197170476
3.372,3,25.049999999898,25.2458216685757
3.374,3,25.0499999999039,25.2344270951874
3.376,3,25.0499999999094,25.2358775580794
3.378,3,25.0499999999146,25.2440339596784
3.38,3,25.0499999999195,25.2549610260345
3.382,3,25.0499999999242,25.2662869785684
3.384,3,25.0499999999285,25.2767077942385
3.386,3,25.0499999999326,25.2856174891732
3.388,3,25.0499999999365,25.3685410064114
3.39,3,25.0499999999402,25.4070462461585
3.392,3,25.0499999999436,25.3423680117967
3.394,3,25.0499999999468,25.3047537861276
3.396,3,25.0499999999499,25.3609816363334
3.398,3,25.0499999999528,25.3859985762993
3.4,3,25.0499999999555,25.391904493585
3.402,3,25.0499999999581,25.3113384262276
3.404,3,25.0499999999605,25.3440140742133
3.406,3,25.0499999999627,25.3581473906149
3.408,3,25.0499999999649,25.3609988597239
3.41,3,25.0499999999669,25.2818543957898
3.412,3,25.0499999999688,25.3181980132022
3.414,3,25.0499999999706,25.3368350683506
3.416,3,25.0499999999723,25.4198903327165
3.418,3,25.0499999999739,25.4533978458972
3.42,3,25.0499999999754,25.3814800573917
3.422,3,25.0499999999768,25.3361454294716
3.424,3,25.0499999999781,25.2337606225182
3.426,3,25.0499999999794,25.2624589365185
3.428,3,25.0499999999806,25.2825206706451
3.43,3,25.0499999999817,25.2959972856955
3.432,3,25.0499999999827,25.3046325649837
3.434,3,25.0499999999837,25.234135213117
3.436,3,25.0499999999847,25.204100328552
3.438,3,25.0499999999856,25.1986047348271
3.44,3,25.0499999999864,25.2067361141828
3.442,3,25.0499999999872,25.2213309882457
3.444,3,25.0499999999879,25.1622328842157
3.446,3,25.0499999999886,25.1453726607848
3.448,3,25.0499999999893,25.1526981082578
3.45,3,25.0499999999899,25.1721965893029
3.452,3,25.0499999999905,25.1205625052459
3.454,3,25.049999999991,25.1117948687315
3.456,3,25.0499999999915,25.1267493545892
3.458,3,25.049999999992,25.1528767496915
3.46,3,25.0499999999925,25.1823829741156
3.462,3,25.0499999999929,25.2107786743569
3.464,3,25.0499999999933,25.2357796894218
3.466,3,25.0499999999937,25.2565031252713
3.468,3,25.0499999999941,25.2729003946816
3.47,3,25.0499999999944,25.2853725660028
3.472,3,25.0499999999947,25.2945208842885
3.474,3,25.049999999995,25.3009939901797
3.476,3,25.0499999999953,25.3054017778217
3.478,3,25.0499999999956,25.3082732872248
3.48,3,25.0499999999958,25.2343433143866
3.482,3,25.0499999999961,25.2024575853969
3.484,3,25.0499999999963,25.1961372363403
3.486,3,25.0499999999965,25.1283734630906
3.488,3,25.0499999999967,25.1102344145833
3.49,3,25.0499999999969,25.1203459864417
3.492,3,25.0499999999971,25.1445230815434
3.494,3,25.0499999999972,25.173813861739
3.496,3,25.0499999999974,25.2029404225925
3.498,3,25.0499999999976,25.1534058261455
3.5,3,25.0499999999977,25.1425161502447
3.502,3,25.0499999999978,25.1533070758737
3.504,3,25.049999999998,25.1745932796359
3.506,3,25.0499999999981,25.1993747998979
3.508,3,25.0499999999982,25.2235742176413
3.51,3,25.0499999999983,25.2450748660713
3.512,3,25.0499999999984,25.2630144764822
3.514,3,25.0499999999985,25.2772847394882
3.516,3,25.0499999999986,25.2124911359075
3.518,3,25.0499999999986,25.1876337281484
3.52,3,25.0499999999987,25.1108250841928
3.522,3,25.0499999999988,25.1652940991603
3.524,3,25.0499999999989,25.1329878798081
3.526,3,25.0499999999989,25.1332997064717
3.528,3,25.049999999999,25.3023708400787
3.53,3,25.049999999999,25.3933415294123
3.532,3,25.0499999999991,25.4336898831841
3.534,3,25.0499999999992,25.4430637105877
3.536,3,25.0499999999992,25.3592975530544
3.538,3,25.0499999999992,25.2341356715397
3.54,3,25.0499999999993,25.0992541848378
3.542,3,25.0499999999993,25.0482013004368
3.544,3,25.0499999999994,25.0468853296777
3.546,3,25.0499999999994,25.0722194282339
3.548,3,25.0499999999994,25.0335643003816
3.55,3,25.0499999999995,25.0403035435372
3.552,3,25.0499999999995,25.0705823538564
3.554,3,25.0499999999995,25.1104242830706
3.556,3,25.0499999999996,25.1514331160526
3.558,3,25.0499999999996,25.189016743468
3.56,3,25.0499999999996,25.1453657461718
3.562,3,25.0499999999996,25.1384067845335
3.564,3,25.0499999999997,25.1516991819623
3.566,3,25.0499999999997,25.1744778866861
3.568,3,25.0499999999997,25.2000666112682
3.57,3,25.0499999999997,25.2246281588698
3.572,3,25.0499999999997,25.2462178785024
3.574,3,25.0499999999997,25.1883932540304
3.576,3,25.0499999999998,25.1696301368172
3.578,3,25.0499999999998,25.1735468265806
3.58,3,25.0499999999998,25.1891700400658
3.582,3,25.0499999999998,25.2094933322818
3.584,3,25.0499999999998,25.2303169219558
3.586,3,25.0499999999998,25.2493520689984
3.588,3,25.0499999999998,25.2655549079682
3.59,3,25.0499999999998,25.2786483776368
3.592,3,25.0499999999998,25.2887916288124
3.594,3,25.0499999999999,25.220661779413
3.596,3,25.0499999999999,25.2689179616211
3.598,3,25.0499999999999,25.2230717363601
3.6,3,25.0499999999999,25.2072729847819
3.602,3,25.0499999999999,25.2090551018872
3.604,3,25.0499999999999,25.2200356149363
3.606,3,25.0499999999999,25.2348370656583
3.608,3,25.0499999999999,25.1745161138279
3.61,3,25.0499999999999,25.1557915503255
3.612,3,25.0499999999999,25.1610946110296
3.614,3,25.0499999999999,25.2543849525766
3.616,3,25.0499999999999,25.2339857133815
3.618,3,25.0499999999999,25.2306783667629
3.62,3,25.0499999999999,25.2368109993824
3.622,3,25.0499999999999,25.2473718507705
3.624,3,25.0499999999999,25.1835526379532
3.626,3,25.0499999999999,25.1620708997435
3.628,3,25.0499999999999,25.1652840621229
3.63,3,25.0499999999999,25.181347650383
3.632,3,25.0499999999999,25.2026777934692
3.634,3,25.05,25.2247109121772
3.636,3,25.05,25.2449442824171
3.638,3,25.05,25.2622210563173
3.64,3,25.05,25.2762161961193
3.642,3,25.05,25.287080272949
3.644,3,25.05,25.2952025962709
3.646,3,25.05,25.3010613497615
3.648,3,25.05,25.3051349108248
3.65,3,25.05,25.3078545462024
3.652,3,25.05,25.3095838384705
3.654,3,25.05,25.3106143962109
3.656,3,25.05,25.3111706701846
3.658,3,25.05,25.3114191495707
3.66,3,25.05,25.3114789860676
3.662,3,25.05,25.3114323307836
3.664,3,25.05,25.3870324154525
3.666,3,25.05,25.4198077034394
3.668,3,25.05,25.4265136174573
3.67,3,25.05,25.342958332238
3.672,3,25.05,25.2952204239501
3.674,3,25.05,25.2712922192175
3.676,3,25.05,25.3381201082554
3.678,3,25.05,25.2953465129158
3.68,3,25.05,25.3497517995393
3.682,3,25.05,25.2992063543226
3.684,3,25.05,25.2733877490441
3.686,3,25.05,25.2633019206237
3.688,3,25.05,25.2626003875494
3.69,3,25.05,25.2669718871886
3.692,3,25.05,25.2736169256666
3.694,3,25.05,25.2808183973378
3.696,3,25.05,25.2119068899579
3.698,3,25.05,25.1849114400874
3.7,3,25.05,25.1829303687907
3.702,3,25.05,25.1944827223439
3.704,3,25.05,25.2121110531907
3.706,3,25.05,25.2312393055235
3.708,3,25.05,25.2492794472072
3.71,3,25.05,25.2649589074833
3.712,3,25.05,25.2778321296205
3.714,3,25.05,25.3636374208756
3.716,3,25.05,25.4041632140142
3.718,3,25.05,25.41654581919
3.72,3,25.05,25.3370011811228
3.722,3,25.05,25.3676886523865
3.724,3,25.05,25.3027263494527
3.726,3,25.05,25.2688731310113
3.728,3,25.05,25.330647664214
3.73,3,25.05,25.361615990554
3.732,3,25.05,25.3731017075527
3.734,3,25.05,25.2973666022629
3.736,3,25.05,25.258298210548
3.738,3,25.05,25.2426367496533
3.74,3,25.05,25.2410018077434
3.742,3,25.05,25.2470072994321
3.744,3,25.05,25.2564940236071
3.746,3,25.05,25.2669006714035
3.748,3,25.05,25.2767707361228
3.75,3,25.05,25.2853805533769
3.752,3,25.05,25.2924686399756
3.754,3,25.05,25.2980457594297
3.756,3,25.05,25.3022667774228
3.758,3,25.05,25.3053481116373
3.76,3,25.05,25.2318187226126
3.762,3,25.05,25.200395755885
3.764,3,25.05,25.1945256504168
3.766,3,25.05,25.2028599260972
3.768,3,25.05,25.1422466331342
3.77,3,25.05,25.1265510606882
3.772,3,25.05,-4935.86791371952
3.774,3,25.05,-7091.46792769617
3.776,3,25.05,-7538.38045138972
3.778,3,25.05,-7030.17200188428
3.78,3,25.05,-6062.91796587451
3.782,3,25.05,-4946.2849715423
3.784,3,25.05,-3860.28467556506
3.786,3,25.05,-2897.80195427533
3.788,3,25.05,-2096.09749882209
3.79,3,25.05,-1459.17087992222
3.792,3,25.05,-973.118882287925
3.794,3,25.05,-615.410356291584
3.796,3,25.05,-361.440187909174
3.798,3,25.05,-187.850134373931
3.8,3,25.05,-74.2521625082379
3.802,3,25.05,-3.92989984494758
3.804,3,25.05,36.528218040136
3.806,3,25.05,56.9180401922707
3.808,3,25.05,64.6705632257945
3.81,3,25.05,64.9196166492103
3.812,3,25.05,61.143169208645
3.814,3,25.05,55.5930074258943
3.816,3,25.05,49.644863554213
3.818,3,25.05,44.071570174411
3.82,3,25.05,39.2482125965641
3.822,3,25.05,35.3007741242751
3.824,3,25.05,32.1342815667626
3.826,3,25.05,29.7724158921256
3.828,3,25.05,28.0726916064397
3.83,3,25.05,26.8937833741055
3.832,3,25.05,26.1089327183551
3.834,3,25.05,25.6116589081879
3.836,3,25.05,25.3168027234893
3.838,3,25.05,25.2346775692665
3.84,3,25.05,25.1226901854924
3.842,3,25.05,25.0815316106545
3.844,3,25.05,25.0822018086644
3.846,3,25.05,25.1808082719238
3.848,3,25.05,25.1705053659306
3.85,3,25.05,25.1788467379072
3.852,3,25.05,25.1963061531103
3.854,3,25.05,25.2169042191535
3.856,3,25.05,25.2371428955898
3.858,3,25.05,25.255192464821
3.86,3,25.05,25.2702933605077
3.862,3,25.05,25.2823315971767
3.864,3,25.05,25.2915486690349
3.866,3,25.05,25.2983517808622
3.868,3,25.05,25.3031963063669
3.87,3,25.05,25.3065183597972
3.872,3,25.05,25.3087007433258
3.874,3,25.05,25.3100600515668
3.876,3,25.05,25.3108463300099
3.878,3,25.05,25.3112494610259
3.88,3,25.05,25.3114085068077
3.882,3,25.05,25.3114217068678
3.884,3,25.05,25.3113558378295
3.886,3,25.05,25.3112543094203
3.888,3,25.05,25.3111437875533
3.89,3,25.05,25.3110393783607
3.892,3,25.05,25.3109485332782
3.894,3,25.05,25.2351749690799
3.896,3,25.05,25.2022241388805
3.898,3,25.05,25.1953589081306
3.9,3,25.05,25.2030803344502
3.902,3,25.05,25.2935163463879
3.904,3,25.05,25.3434319558213
3.906,3,25.05,25.3668152339249
3.908,3,25.05,25.2980444697312
3.91,3,25.05,25.2626226270819
3.912,3,25.05,25.2484787374991
3.914,3,25.05,25.322775315414
3.916,3,25.05,25.3611974829642
3.918,3,25.05,25.3010000452786
3.92,3,25.05,25.1941589593333
3.922,3,25.05,25.148690753452
3.924,3,25.05,25.2161335917868
3.926,3,25.05,25.3371253151231
3.928,3,25.05,25.3990294833724
3.93,3,25.05,25.4233179173001
3.932,3,25.05,25.3494531993441
3.934,3,25.05,25.23054245692
3.936,3,25.05,25.1750476898761
3.938,3,25.05,25.158844028853
3.94,3,25.05,25.1651899908158
3.942,3,25.05,25.1829333016216
3.944,3,25.05,25.1293036733217
3.946,3,25.05,25.1186092752176
3.948,3,25.05,25.1318638387863
3.95,3,25.05,25.1565800400444
3.952,3,25.05,25.1849683025853
3.954,3,25.05,25.2125127333872
3.956,3,25.05,25.2368886988471
3.958,3,25.05,25.2571693975505
3.96,3,25.05,25.2732648369286
3.962,3,25.05,25.2855401006413
3.964,3,25.05,25.2945668909398
3.966,3,25.05,25.3009706562959
3.968,3,25.05,25.3053437738768
3.97,3,25.05,25.2325036039622
3.972,3,25.05,25.2013805402394
3.974,3,25.05,25.1955731515423
3.976,3,25.05,25.2038374841758
3.978,3,25.05,25.2944882511625
3.98,3,25.05,25.3444224468433
3.982,3,25.05,25.3677178777629
3.984,3,25.05,25.2988111852514
3.986,3,25.05,25.2632411925611
3.988,3,25.05,25.1732583403462
3.99,3,25.05,25.1388419110021
3.992,3,25.05,25.2131497018892
3.994,3,25.05,25.1866985450014
3.996,3,25.05,25.1848313156364
3.998,3,25.05,25.1962567548394
4,3,25.05,25.2893412414533
4.002,3,25.05,25.2653821910547
4.004,3,25.05,25.2570780116171
4.006,3,25.05,25.2579407456651
4.008,3,25.05,25.2636062154067
4.01,3,25.05,25.2712733893527
4.012,3,25.05,25.2792511709925
4.014,3,25.05,25.2866071960754
4.016,3,25.05,25.2929056841638
4.018,3,25.05,25.2980186477639
4.02,3,25.05,25.3019948493221
4.022,3,25.05,25.2292735656718
4.024,3,25.05,25.2742316028966
4.026,3,25.05,25.3775001758189
4.028,3,25.05,25.4259693552376
4.03,3,25.05,25.4404352685049
4.032,3,25.05,25.3596436756837
4.034,3,25.05,25.2360336990002
4.036,3,25.05,25.101792374688
4.038,3,25.05,25.1265292392486
4.04,3,25.05,25.1578944148136
4.042,3,25.05,25.1896982491419
4.044,3,25.05,25.1428981501219
4.046,3,25.05,25.1345035999172
4.048,3,25.05,25.1474157569563
4.05,3,25.05,25.1704144710458
4.052,3,25.05,25.1965215497312
4.054,3,25.05,25.2217093721453
4.056,3,25.05,25.2439211000767
4.058,3,25.05,25.2623537368771
4.06,3,25.05,25.201253180881
4.062,3,25.05,25.1794740823889
4.064,3,25.05,25.1808110642004
4.066,3,25.05,25.1943418017275
4.068,3,25.05,25.2130389337465
4.07,3,25.05,25.2326455027349
4.072,3,25.05,25.2508019012378
4.074,3,25.05,25.1906941728722
4.076,3,25.05,25.1704865916907
4.078,3,25.05,25.1735485510292
4.08,3,25.05,25.2644147617265
4.082,3,25.05,25.241733050772
4.084,3,25.05,25.2364440372807
4.086,3,25.05,25.2409509776913
4.088,3,25.05,25.2502363952857
4.09,3,25.05,25.2611533076881
4.092,3,25.05,25.2718626923362
4.094,3,25.05,25.2814044473433
4.096,3,25.05,25.2893818778177
4.098,3,25.05,25.2957378549695
4.1,3,25.05,25.2249030305459
4.102,3,25.05,25.2712983000266
4.104,3,25.05,25.2999238063613
4.106,3,25.05,25.3162490843164
4.108,3,25.05,25.2487056072623
4.11,3,25.05,25.218807716153
4.112,3,25.05,25.2119336076481
4.114,3,25.05,25.2180144429924
4.116,3,25.05,25.2304028213456
4.118,3,25.05,25.2449317567739
4.12,3,25.05,25.2591681088347
4.122,3,25.05,25.2718433810724
4.124,3,25.05,25.3581341893774
4.126,3,25.05,25.3994620119333
4.128,3,25.05,25.4127362567536
4.13,3,25.05,25.4097419557145
4.132,3,25.05,25.3983686393127
4.134,3,25.05,25.3836500547757
4.136,3,25.05,25.444299325679
4.138,3,25.05,25.3877517645628
4.14,3,25.05,25.3499936931622
4.142,3,25.05,25.4016798436206
4.144,3,25.05,25.420258354685
4.146,3,25.05,25.4193499367803
4.148,3,25.05,25.408140563081
4.15,3,25.05,25.4682438617861
4.152,3,25.05,25.4847408698671
4.154,3,25.05,25.4763584059194
4.156,3,25.05,25.4555372904859
4.158,3,25.05,25.3544398136243
4.16,3,25.05,25.2962150676539
4.162,3,25.05,25.3422959331233
4.164,3,25.05,25.3637466107742
4.166,3,25.05,25.3699471445591
4.168,3,25.05,25.291705272965
4.17,3,25.05,25.2518590007827
4.172,3,25.05,25.2364182912678
4.174,3,25.05,25.3112137109802
4.176,3,25.05,25.3510429502685
4.178,3,25.05,25.3682969062955
4.18,3,25.05,25.2961116949594
4.182,3,25.05,25.2590599943365
4.184,3,25.05,25.244398666975
4.186,3,25.05,25.2431231113627
4.188,3,25.05,25.2491108669169
4.19,3,25.05,25.2583805202294
4.192,3,25.05,25.1927863163785
4.194,3,25.05,25.1694468087925
4.196,3,25.05,25.2466403357725
4.198,3,25.05,25.2184224873224
4.2,3,25.05,25.288181131538
4.202,3,25.05,25.2518990217533
4.204,3,25.05,25.2383548070997
4.206,3,25.05,25.2382714115069
4.208,3,25.05,25.2453736815321
4.21,3,25.05,25.2556064498129
4.212,3,25.05,25.2664984953365
4.214,3,25.05,25.2766670718568
4.216,3,25.05,25.2854462896522
4.218,3,25.05,25.2926182142963
4.22,3,25.05,25.2982252745869
4.222,3,25.05,25.302444539879
4.224,3,25.05,25.2298084774092
4.226,3,25.05,25.2747591616927
4.228,3,25.05,25.3022728283153
4.23,3,25.05,25.2420745060708
4.232,3,25.05,25.2167475837581
4.234,3,25.05,25.212514085546
4.236,3,25.05,25.2199456281597
4.238,3,25.05,25.1571646982671
4.24,3,25.05,25.1388409674945
4.242,3,25.05,25.146030711434
4.244,3,25.05,25.1661148797744
4.246,3,25.05,25.1910922480166
4.248,3,25.05,25.2162135488428
4.25,3,25.05,25.2389322228587
4.252,3,25.05,25.1824286328284
4.254,3,25.05,25.164958588069
4.256,3,25.05,25.1700258195575
4.258,3,25.05,25.1866100221308
4.26,3,25.05,25.2076983863725
4.262,3,25.05,25.2291070736774
4.264,3,25.05,25.1728746898194
4.266,3,25.05,25.1564921911107
4.268,3,25.05,25.2386738299028
4.27,3,25.05,25.2139019520058
4.272,3,25.05,25.2102452612722
4.274,3,25.05,25.2939072046929
4.276,3,25.05,25.3401722411763
4.278,3,25.05,25.3619307205306
4.28,3,25.05,25.2927756805741
4.282,3,25.05,25.1819700294588
4.284,3,25.05,25.1355908794543
4.286,3,25.05,25.1281419819144
4.288,3,25.05,25.1421862363429
4.29,3,25.05,25.1663047283604
4.292,3,25.05,25.19341449847
4.294,3,25.05,25.2194436190118
4.296,3,25.05,25.2423275558554
4.298,3,25.05,25.1855769795781
4.3,3,25.05,25.167664510069
4.302,3,25.05,25.17222877274
4.304,3,25.05,25.188327364865
4.306,3,25.05,25.2089873021325
4.308,3,25.05,25.2300403372756
4.31,3,25.05,25.2492251246052
4.312,3,25.05,25.2655202820869
4.314,3,25.05,25.2786663942886
4.316,3,25.05,25.2888359367829
4.318,3,25.05,25.2964146508166
4.32,3,25.05,25.2261650040776
4.322,3,25.05,25.197048826309
4.324,3,25.05,25.1927390510293
4.326,3,25.05,25.2020816396728
4.328,3,25.05,25.2177817200934
4.33,3,25.05,25.2353221388477
4.332,3,25.05,25.2521126732975
4.334,3,25.05,25.2668462030855
4.336,3,25.05,25.2790287776165
4.338,3,25.05,25.2886487869999
4.34,3,25.05,25.2959529557747
4.342,3,25.05,25.3013014040827
4.344,3,25.05,25.3050791732312
4.346,3,25.05,25.3076465906692
4.348,3,25.05,25.2336163256181
4.35,3,25.05,25.2774477884731
4.352,3,25.05,25.3040993189191
4.354,3,25.05,25.3189599478702
4.356,3,25.05,25.3260668724166
4.358,3,25.05,25.3283380238128
4.36,3,25.05,25.3278065420138
4.362,3,25.05,25.3258331250956
4.364,3,25.05,25.2475867056327
4.366,3,25.05,25.2120923365471
4.368,3,25.05,25.2028969149683
4.37,3,25.05,25.2086318902579
4.372,3,25.05,25.2217618736273
4.374,3,25.05,25.2375390671538
4.376,3,25.05,25.2531706313433
4.378,3,25.05,25.2671817710592
4.38,3,25.05,25.2789460412067
4.382,3,25.05,25.2883511725306
4.384,3,25.05,25.2955701396823
4.386,3,25.05,25.3009109401214
4.388,3,25.05,25.3047231686023
4.39,3,25.05,25.307344096328
4.392,3,25.05,25.3090711361346
4.394,3,25.05,25.3101510945341
4.396,3,25.05,25.3107794354446
4.398,3,25.05,25.3111049549175
4.4,3,25.05,25.3112368796795
4.402,3,25.05,25.3112525574767
4.404,3,25.05,25.311204703966
4.406,3,25.05,25.2354287802429
4.408,3,25.05,25.2024516417655
4.41,3,25.05,25.2712488472362
4.412,3,25.05,25.3118241564611
4.414,3,25.05,25.3333466637656
4.416,3,25.05,25.2668869346266
4.418,3,25.05,25.2357724829705
4.42,3,25.05,25.3022742552914
4.422,3,25.05,25.3385635330217
4.424,3,25.05,25.3551616175031
4.426,3,25.05,25.4353209257092
4.428,3,25.05,25.3900624317796
4.43,3,25.05,25.2823968253507
4.432,3,25.05,25.227780249117
4.434,3,25.05,25.2068403526708
4.436,3,25.05,25.2059238622576
4.438,3,25.05,25.2157744934652
4.44,3,25.05,25.2303940364394
4.442,3,25.05,25.2461135167772
4.444,3,25.05,25.2608680434966
4.446,3,25.05,25.2736518344903
4.448,3,25.05,25.2841231011378
4.45,3,25.05,25.29232783555
4.452,3,25.05,25.298514258917
4.454,3,25.05,25.3030139244172
4.456,3,25.05,25.3061700956398
4.458,3,25.05,25.308298401516
4.46,3,25.05,25.3096685845918
4.462,3,25.05,25.3104992978409
4.464,3,25.05,25.3109603726136
4.466,3,25.05,25.3111788464324
4.468,3,25.05,25.3869453183252
4.47,3,25.05,25.4198179216803
4.472,3,25.05,25.3508757989869
4.474,3,25.05,25.3858472608598
4.476,3,25.05,25.3213770390227
4.478,3,25.05,25.2859454535529
4.48,3,25.05,25.2694944982992
4.482,3,25.05,25.2647878370602
4.484,3,25.05,25.2668078722356
4.486,3,25.05,25.272215275464
4.488,3,25.05,25.2788951657577
4.49,3,25.05,25.2855942793271
4.492,3,25.05,25.2916424669195
4.494,3,25.05,25.2967466424952
4.496,3,25.05,25.3008437000847
4.498,3,25.05,25.3039993895546
4.5,3,25.05,25.3063416786592
4.502,3,25.05,25.3080190804018
4.504,3,25.05,25.3091764050594
4.506,3,25.05,25.3099421963784
4.508,3,25.05,25.3104236378803
4.51,3,25.05,25.3107059450248
4.512,3,25.05,25.3108542092663
4.514,3,25.05,25.3109163674826
4.516,3,25.05,25.3109264783896
4.518,3,25.05,25.3109078392773
4.52,3,25.05,25.2351767923156
4.522,3,25.05,25.2779473704354
4.524,3,25.05,25.3796828381176
4.526,3,25.05,25.3514202136523
4.528,3,25.05,25.332329715749
4.53,3,25.05,25.2443151205826
4.532,3,25.05,25.1282362435455
4.534,3,25.05,25.1600475898647
4.536,3,25.05,25.1918768167584
4.538,3,25.05,25.2205741589634
4.54,3,25.05,25.1690703190921
4.542,3,25.05,25.231283518344
4.544,3,25.05,25.1965936759676
4.546,3,25.05,25.1893568920516
4.548,3,25.05,25.1974725779862
4.55,3,25.05,25.2129733585459
4.552,3,25.05,25.2308820750105
4.554,3,25.05,25.248307205985
4.556,3,25.05,25.2637546931534
4.558,3,25.05,25.2766230762474
4.56,3,25.05,25.286846198388
4.562,3,25.05,25.2189509432223
4.564,3,25.05,25.1918021483606
4.566,3,25.05,25.1890592264315
4.568,3,25.05,25.1996004600877
4.57,3,25.05,25.2161845518655
4.572,3,25.05,25.1586550502649
4.574,3,25.05,25.1429843383982
4.576,3,25.05,25.1511797625507
4.578,3,25.05,25.1712919780244
4.58,3,25.05,25.195773342144
4.582,3,25.05,25.2958670811307
4.584,3,25.05,25.2750013551885
4.586,3,25.05,25.2673971918776
4.588,3,25.05,25.2676147188115
4.59,3,25.05,25.3476802928735
4.592,3,25.05,25.386720520452
4.594,3,25.05,25.4000325330081
4.596,3,25.05,25.3983121773575
4.598,3,25.05,25.3887462144769
4.6,3,25.05,25.3759410230303
4.602,3,25.05,25.3626724663109
4.604,3,25.05,25.3504663929464
4.606,3,25.05,25.2643326191352
4.608,3,25.05,25.22297988342
4.61,3,25.05,25.2852850857533
4.612,3,25.05,25.3210134768843
4.614,3,25.05,25.2633456948136
4.616,3,25.05,25.2372686980434
4.618,3,25.05,25.3063088179835
4.62,3,25.05,25.3435533710626
4.622,3,25.05,25.3601683400322
4.624,3,25.05,25.3641435898223
4.626,3,25.05,25.3609868815291
4.628,3,25.05,25.3543389010064
4.63,3,25.05,25.3464854708082
4.632,3,25.05,25.2630654683686
4.634,3,25.05,25.2989837214109
4.636,3,25.05,25.2435914252057
4.638,3,25.05,25.2206774070746
4.64,3,25.05,25.2930415516343
4.642,3,25.05,25.3333679324782
4.644,3,25.05,25.3526314233724
4.646,3,25.05,25.358762753718
4.648,3,25.05,25.3572867550086
4.65,3,25.05,25.351900132428
4.652,3,25.05,25.3449599669099
4.654,3,25.05,25.2621774869511
4.656,3,25.05,25.2228243955282
4.658,3,25.05,25.2862111729674
4.66,3,25.05,25.3224248689307
4.662,3,25.05,25.3405754748074
4.664,3,25.05,25.347303278868
4.666,3,25.05,25.3472763303646
4.668,3,25.05,25.3436503442371
4.67,3,25.05,25.3384631880251
4.672,3,25.05,25.3329555530991
4.674,3,25.05,25.3278206177004
4.676,3,25.05,25.3233912069907
4.678,3,25.05,25.2440762362907
4.68,3,25.05,25.2083585751144
4.682,3,25.05,25.1994125995835
4.684,3,25.05,25.205624469987
4.686,3,25.05,25.2193055587819
4.688,3,25.05,25.2356190354407
4.69,3,25.05,25.1760271326772
4.692,3,25.05,25.1575421733829
4.694,3,25.05,25.1628002137253
4.696,3,25.05,25.1801992960783
4.698,3,25.05,25.2023548751514
4.7,3,25.05,25.2248599948193
4.702,3,25.05,25.2453303265252
4.704,3,25.05,25.1869964317955
4.706,3,25.05,25.1680996277393
4.708,3,25.05,25.172096089617
4.71,3,25.05,25.1879050203403
4.712,3,25.05,25.2084521911696
4.714,3,25.05,25.2294979115265
4.716,3,25.05,25.248732333819
4.718,3,25.05,25.265102593629
4.72,3,25.05,25.2783299752937
4.722,3,25.05,25.2885760546513
4.724,3,25.05,25.2205223105191
4.726,3,25.05,25.1931339201199
4.728,3,25.05,25.1901318030018
4.73,3,25.05,25.2004289722911
4.732,3,25.05,25.1411022381089
4.734,3,25.05,25.1262056181172
4.736,3,25.05,25.1364697886232
4.738,3,25.05,25.2348358129399
4.74,3,25.05,25.2190723980843
4.742,3,25.05,25.2197088016473
4.744,3,25.05,25.2290269314835
4.746,3,25.05,25.3177534942089
4.748,3,25.05,25.2886665810265
4.75,3,25.05,25.2753300999461
4.752,3,25.05,25.2717081547106
4.754,3,25.05,25.2736235626436
4.756,3,25.05,25.2783024959653
4.758,3,25.05,25.2839931746995
4.76,3,25.05,25.2896616780852
4.762,3,25.05,25.2190599808309
4.764,3,25.05,25.2661562417939
4.766,3,25.05,25.2199641064825
4.768,3,25.05,25.2042876232003
4.77,3,25.05,25.206429578285
4.772,3,25.05,25.3692589244606
4.774,3,25.05,25.4502998449532
4.776,3,25.05,25.4797319925557
4.778,3,25.05,25.4787410225313
4.78,3,25.05,25.3859270483791
4.782,3,25.05,25.2533125604559
4.784,3,25.05,25.1125645911406
4.786,3,25.05,25.0570699588162
4.788,3,25.05,25.0525103049635
4.79,3,25.05,25.0755596785047
4.792,3,25.05,25.1110555620631
4.794,3,25.05,25.1496847380556
4.796,3,25.05,25.1861720680672
4.798,3,25.05,25.1422172729356
4.8,3,25.05,25.2111059829751
4.802,3,25.05,25.1819670283944
4.804,3,25.05,25.1791336220957
4.806,3,25.05,25.1906062265208
4.808,3,25.05,25.2085746291881
4.81,3,25.05,25.2282332420597
4.812,3,25.05,25.246852863522
4.814,3,25.05,25.2630808020545
4.816,3,25.05,25.2007329218346
4.818,3,25.05,25.1783400858931
4.82,3,25.05,25.1794617381161
4.822,3,25.05,25.1930108330363
4.824,3,25.05,25.2118491147343
4.826,3,25.05,25.2316483764829
4.828,3,25.05,25.2500059329868
4.83,3,25.05,25.2657829405459
4.832,3,25.05,25.2786268470047
4.834,3,25.05,25.2886391537271
4.836,3,25.05,25.2961534498834
4.838,3,25.05,25.3015941521046
4.84,3,25.05,25.3053922188316
4.842,3,25.05,25.3079395627666
4.844,3,25.05,25.3095685968254
4.846,3,25.05,25.3105472002397
4.848,3,25.05,25.3110824036562
4.85,3,25.05,25.3113283595811
4.852,3,25.05,25.3113958111576
4.854,3,25.05,25.3113614253396
4.856,3,25.05,25.3112761326135
4.858,3,25.05,25.3111721139016
4.86,3,25.05,25.3110683765543
4.862,3,25.05,25.2352761100221
4.864,3,25.05,25.2023053253525
4.866,3,25.05,25.1954214419082
4.868,3,25.05,25.2031267506001
4.87,3,25.05,25.2178506697008
4.872,3,25.05,25.2348637850428
4.874,3,25.05,25.251418394082
4.876,3,25.05,25.3417935665199
4.878,3,25.05,25.3112130474427
4.88,3,25.05,25.2948549146676
4.882,3,25.05,25.2876947744737
4.884,3,25.05,25.2861457675872
4.886,3,25.05,25.2877415503881
4.888,3,25.05,25.2908566670557
4.89,3,25.05,25.3701733747569
4.892,3,25.05,25.4065943215782
4.894,3,25.05,25.4165482435509
4.896,3,25.05,25.4114072872531
4.898,3,25.05,25.3987249925264
4.9,3,25.05,25.3832732778332
4.902,3,25.05,25.3678699055877
4.904,3,25.05,25.2783136442167
4.906,3,25.05,25.2337561342115
4.908,3,25.05,25.293288947554
4.91,3,25.05,25.326749125411
4.912,3,25.05,25.3430047426351
4.914,3,25.05,25.3484823618725
4.916,3,25.05,25.3476724322835
4.918,3,25.05,25.3435898596152
4.92,3,25.05,25.3381652167757
4.922,3,25.05,25.4082592780159
4.924,3,25.05,25.4360036953773
4.926,3,25.05,25.362729704047
4.928,3,25.05,25.3185225217768
4.93,3,25.05,25.2941771083543
4.932,3,25.05,25.282824972109
4.934,3,25.05,25.3552203015693
4.936,3,25.05,25.3137275961774
4.938,3,25.05,25.2913028074394
4.94,3,25.05,25.2812584483947
4.942,3,25.05,25.2788067889244
4.944,3,25.05,25.2806455970739
4.946,3,25.05,25.2845906396545
4.948,3,25.05,25.2892693860655
4.95,3,25.05,25.293877576469
4.952,3,25.05,25.2979933355858
4.954,3,25.05,25.3014403165851
4.956,3,25.05,25.30419049544
4.958,3,25.05,25.3062977010916
4.96,3,25.05,25.3078540945471
4.962,3,25.05,25.3089631799033
4.964,3,25.05,25.3097242940548
4.966,3,25.05,25.3102247477447
4.968,3,25.05,25.3105368220352
4.97,3,25.05,25.3107176501679
4.972,3,25.05,25.3108106495988
4.974,3,25.05,25.3108476392671
4.976,3,25.05,25.235152195595
4.978,3,25.05,25.2022452676447
4.98,3,25.05,25.2711002783362
4.982,3,25.05,25.3117210730083
4.984,3,25.05,25.2575790898319
4.986,3,25.05,25.2339512231552
4.988,3,25.05,25.304624663848
4.99,3,25.05,25.2672074205248
4.992,3,25.05,25.2515470636377
4.994,3,25.05,25.249033297654
4.996,3,25.05,25.2537775158336
4.998,3,25.05,25.2619235235839
5,1,25.05,25.2710794186562
5.002,1,24.0896779758482,25.2798701444848
5.004,1,23.1845786097844,25.287598548789
5.006,1,22.3315263608032,25.2939977503749
5.008,1,21.5275282952021,25.2233577150639
5.01,1,20.7697635858747,25.0429126114192
5.012,1,20.0555736154392,24.5189319640494
5.014,1,19.3824526484789,23.7877908464434
5.016,1,18.7480390401707,22.8669527263353
5.018,1,18.1501069504542,21.9358494673509
5.02,1,17.5865585346719,21.0154700307215
5.022,1,17.0554165832819,20.0402486106463
5.024,1,16.5548175848183,19.1320354275238
5.026,1,16.0830051877615,18.2734897945844
5.028,1,15.638324038379,17.526162422181
5.03,1,15.2192139729173,16.8361970055667
5.032,1,14.8242045437674,16.1692154604999
5.034,1,14.4519098603995,15.580317570944
5.036,1,14.1010237269665,15.0154775922156
5.038,1,13.7703150595159,14.5192129882751
5.04,1,13.4586235667317,13.957094934312
5.042,1,13.1648556790531,13.4910409498595
5.044,1,12.887980711885,13.0465079939255
5.046,1,12.6270272494419,12.581624978478
5.048,1,12.3810797365356,12.1517732352443
5.05,1,12.1492752663495,11.7830251610388
5.052,1,11.9308005529309,11.483252111639
5.054,1,11.7248890777767,11.1741446879119
5.056,1,11.5308184005038,10.8905677682602
5.058,1,11.3479076241666,10.6485918726519
5.06,1,11.1755150063307,10.3769811786798
5.062,1,11.0130357075192,10.1163758336561
5.064,1,10.859899669134,9.96305827805026
5.066,1,10.7155696134046,9.80638049519743
5.068,1,10.5795391583497,9.73907340273222
5.07,1,10.4513310411358,9.65036362554379
5.072,1,10.3304954436007,9.55899704046897
5.074,1,10.2166084140664,9.47523134104651
5.076,1,10.1092703799051,9.40378584820305
5.078,1,10.008104745638,9.27026207473294
5.08,1,9.91275657165072,9.1925147664841
5.082,1,9.82289132888759,9.15218134367072
5.084,1,9.73819372515628,9.06007918660016
5.086,1,9.65836659892532,8.94946357408656
5.088,1,9.58312987673295,8.83989373708769
5.09,1,9.51221959054934,8.81739454451977
5.092,1,9.44538695164484,8.76784389872109
5.094,1,9.38239747771472,8.70875961740451
5.096,1,9.32303017019806,8.57472437948699
5.098,1,9.26707673890432,8.48965225490902
5.1,1,9.21434087122725,8.43908400312162
5.102,1,9.16463754338209,8.41190442588585
5.104,1,9.11779237124971,8.39987842573876
5.106,1,9.0736409985499,8.32142045579254
5.108,1,9.03202852019741,8.29098274625486
5.11,1,8.99280893881745,8.21345505318601
5.112,1,8.95584465251398,8.19416913412
5.114,1,8.92100597209339,8.13214280070639
5.116,1,8.88817066605007,8.1291475494493
5.118,1,8.85722353171711,8.08222492587799
5.12,1,8.82805599107783,8.09220981094637
5.122,1,8.80056570981976,8.05585392630568
5.124,1,8.77465623829476,8.07407580887864
5.126,1,8.75023667312543,8.04390172272402
5.128,1,8.7272213382706,8.06659943336108
5.13,1,8.705529484431,8.03954978933967
5.132,1,8.68508500574032,8.064343000396
5.134,1,8.66581617274777,8.03863339783254
5.136,1,8.64765538075538,7.98853265808522
5.138,1,8.63053891262683,7.93037108035053
5.14,1,8.61440671523599,7.94935062361254
5.142,1,8.59920218877043,7.9318904116082
5.144,1,8.58487198815109,7.89672343464024
5.146,1,8.57136583587098,7.85558588625227
5.148,1,8.55863634559663,7.89102380422331
5.15,1,8.54663885591309,7.88809597810232
5.152,1,8.53533127362942,7.86500014273978
5.154,1,8.52467392609466,7.83343000353201
5.156,1,8.51462942200641,7.80045713398938
5.158,1,8.50516252022341,7.76999060727727
5.16,1,8.49624000612201,7.81956632937512
5.162,1,8.48783057506266,7.83122948291698
5.164,1,8.47990472255762,7.82152619268684
5.166,1,8.47243464075442,7.80138779087084
5.168,1,8.46539412087205,7.77767287041026
5.17,1,8.45875846124743,7.75439148554271
5.172,1,8.45250438066967,7.80933796417641
5.174,1,8.44660993669786,7.82487435458923
5.176,1,8.44105444867613,7.81786353656192
5.178,1,8.43581842517549,7.79952227581343
5.18,1,8.43088349560818,7.85264864443516
5.182,1,8.42623234577447,7.86293994233728
5.184,1,8.42184865711579,7.84937546893182
5.186,1,8.41771704946106,7.90012855236407
5.188,1,8.41382302706537,7.90446831329125
5.19,1,8.41015292775166,7.88363173869934
5.192,1,8.40669387497698,7.8514273936806
5.194,1,8.40343373265513,7.81634008844901
5.196,1,8.40036106257721,7.78317854005067
5.198,1,8.39746508428064,7.83001565454964
5.2,1,8.39473563722598,7.8391872498116
5.202,1,8.39216314514858,7.82737003725784
5.204,1,8.38973858246033,7.8055277079184
5.206,1,8.38745344258337,7.78049564390737
5.208,1,8.38529970810474,7.83193226686151
5.21,1,8.38326982264731,7.84336720105934
5.212,1,8.38135666435822,7.83234427737292
5.214,1,8.37955352092187,7.81043453247579
5.216,1,8.37785406600974,7.78488223768568
5.218,1,8.37625233708451,7.75990961158636
5.22,1,8.37474271448046,7.73771076966715
5.222,1,8.37331990168687,7.71918187333185
5.224,1,8.37197890676526,7.78013747280071
5.226,1,8.37071502483511,7.80175995570862
5.228,1,8.36952382156684,7.8002755989331
5.23,1,8.36840111762396,7.78661695895314
5.232,1,8.36734297399981,7.76781493087237
5.234,1,8.36634567819763,7.74812608587252
5.236,1,8.36540573120524,7.72990759289753
5.238,1,8.36451983521874,7.78997011625501
5.24,1,8.36368488207218,7.81014595960435
5.242,1,8.36289794233255,7.80706257565719
5.244,1,8.36215625502188,7.79188147165872
5.246,1,8.36145721793034,7.77174806492557
5.248,1,8.36079837848639,7.75096113158652
5.25,1,8.36017742515192,7.73187731982748
5.252,1,8.35959217931225,7.79128404284853
5.254,1,8.35904058763242,7.81098052795913
5.256,1,8.35852071485309,7.80755917711398
5.258,1,8.3580307370007,7.79214885340077
5.26,1,8.35756893498801,7.77186683504857
5.262,1,8.35713368858272,7.75098893846087
5.264,1,8.35672347072287,7.73185387981717
5.266,1,8.35633684215917,7.79123559095577
5.268,1,8.35597244640534,7.8109235215065
5.27,1,8.35562900497892,7.8075032356013
5.272,1,8.35530531291573,7.79209900093012
5.274,1,8.3550002345422,7.77182514955396
5.276,1,8.35471269949089,7.82665463954391
5.278,1,8.35444169894512,7.84041956316216
5.28,1,8.35418628209952,7.83092993185811
5.282,1,8.3539455528241,7.80997734312794
5.284,1,8.35371866652024,7.78498053575108
5.286,1,8.35350482715737,7.76029439911327
5.288,1,8.35330328448012,7.73821033905141
5.29,1,8.35311333137603,7.79539225763207
5.292,1,8.35293430139466,7.81349699162966
5.294,1,8.35276556640935,7.80897853917301
5.296,1,8.35260653441341,7.79284314518423
5.298,1,8.35245664744312,7.77210598871775
5.3,1,8.35231537962005,7.75096180470341
5.302,1,8.35218223530607,7.73168743710417
5.304,1,8.35205674736438,7.71531237696379
5.306,1,8.35193847552054,7.77779832604903
5.308,1,8.3518270048178,7.72476875256056
5.31,1,8.35172194416123,7.69107794727072
5.312,1,8.35162292494552,7.67102390351984
5.314,1,8.35152959976176,7.73591928120964
5.316,1,8.35144164117857,7.76400665134963
5.318,1,8.35135874059326,7.76969553478753
5.32,1,8.35128060714914,7.76287986503337
5.322,1,8.35120696671503,7.75006933003696
5.324,1,8.35113756092348,7.73532662586894
5.326,1,8.35107214626428,7.72100871758086
5.328,1,8.35101049323011,7.70833043534099
5.33,1,8.3509523855113,7.69777771336939
5.332,1,8.35089761923693,7.68939987195399
5.334,1,8.35084600225953,7.68300855702665
5.336,1,8.35079735348095,7.75400619180525
5.338,1,8.35075150221695,7.7835622360571
5.34,1,8.35070828759838,7.78810417143841
5.342,1,8.35066755800675,7.77886007862463
5.344,1,8.3506291705423,7.76317750184343
5.346,1,8.35059299052262,7.74560967339367
5.348,1,8.35055889101011,7.72877048626637
5.35,1,8.35052675236663,7.71398177867048
5.352,1,8.35049646183376,7.70174599290217
5.354,1,8.35046791313716,7.69207907261466
5.356,1,8.35044100611375,7.76043489992906
5.358,1,8.35041564636023,7.71224890196017
5.36,1,8.35039174490191,7.75807531390635
5.362,1,8.35036921788052,7.77380822012688
5.364,1,8.35034798626002,7.77194221162304
5.366,1,8.35032797554926,7.76087646460775
5.368,1,8.35030911554068,7.74599747630448
5.37,1,8.35029134006393,7.73055372931468
5.372,1,8.35027458675376,7.71633308443602
5.374,1,8.35025879683117,7.70416813045185
5.376,1,8.35024391489723,7.69429992294083
5.378,1,8.35022988873868,7.76232923288076
5.38,1,8.35021666914474,7.71378216962137
5.382,1,8.35020420973446,7.75926473072009
5.384,1,8.35019246679401,7.69899798403744
5.386,1,8.35018139912328,7.73969064079527
5.388,1,8.35017096789134,7.75450067517129
5.39,1,8.35016113650024,7.75404816106272
5.392,1,8.35015187045652,7.66980325682334
5.394,1,8.35014313725028,7.70059193946562
5.396,1,8.35013490624106,7.7139799692262
5.398,1,8.35012714855037,7.71676846231494
5.4,1,8.35011983696036,7.71362996993456
5.402,1,8.3501129458183,7.70764091016985
5.404,1,8.35010645094663,7.70072299768253
5.406,1,8.3501003295581,7.6939925828188
5.408,1,8.3500945601758,7.68802640876567
5.41,1,8.35008912255787,7.68305657284783
5.412,1,8.35008399762643,7.67910849690037
5.414,1,8.35007916740064,7.67609489241662
5.416,1,8.35007461493367,7.67387698771082
5.418,1,8.35007032425318,7.67230225599987
5.42,1,8.35006628030533,7.67122588994418
5.422,1,8.35006246890192,7.67052149019529
5.424,1,8.35005887667064,7.67008494783373
5.426,1,8.35005549100815,7.66983431454429
5.428,1,8.35005230003586,7.66970754622751
5.43,1,8.35004929255824,7.74535825308206
5.432,1,8.35004645802355,7.77824887628771
5.434,1,8.35004378648683,7.78509324798991
5.436,1,8.35004126857499,7.777374002021
5.438,1,8.35003889545395,7.76265115774163
5.44,1,8.35003665879759,7.82134593340839
5.442,1,8.35003455075863,7.83769581184759
5.444,1,8.350032563941,7.82985332614536
5.446,1,8.35003069137395,7.80988526760239
5.448,1,8.35002892648758,7.78542250843298
5.45,1,8.35002726308979,7.76097751034601
5.452,1,8.35002569534454,7.73895460724186
5.454,1,8.35002421775141,7.64469784360606
5.456,1,8.35002282512626,7.67262591401138
5.458,1,8.35002151258306,7.61154985693608
5.46,1,8.35002027551675,7.58474284833679
5.462,1,8.35001910958709,7.57885416306192
5.464,1,8.35001801070342,7.66039943132961
5.466,1,8.35001697501029,7.70481818950226
5.468,1,8.35001599887399,7.72505678904021
5.47,1,8.35001507886974,7.73040483180326
5.472,1,8.35001421176969,7.7272852595597
5.474,1,8.35001339453165,7.71995856512333
5.476,1,8.35001262428831,7.71111170948473
5.478,1,8.35001189833728,7.70232743930828
5.48,1,8.35001121413157,7.69444351300239
5.482,1,8.35001056927064,7.68781777081886
5.484,1,8.350009961492,7.68251683873609
5.486,1,8.35000938866325,7.67844548883394
5.488,1,8.35000884877462,7.75113050747273
5.49,1,8.35000833993191,7.78187009927081
5.492,1,8.35000786034986,7.78721012049615
5.494,1,8.35000740834584,7.7784798138206
5.496,1,8.35000698233401,7.7631087232524
5.498,1,8.35000658081969,7.67001485266735
5.5,1,8.35000620239417,7.69606429989883
5.502,1,8.35000584572976,7.70737218506285
5.504,1,8.35000550957508,7.70970368772596
5.506,1,8.35000519275076,7.70701878907396
5.508,1,8.35000489414519,7.70192408713101
5.51,1,8.35000461271074,7.69604728242931
5.512,1,8.35000434745997,7.69033347058668
5.514,1,8.35000409746228,7.68527049868816
5.516,1,8.35000386184052,7.68105425604122
5.518,1,8.35000363976804,7.75340454150833
5.52,1,8.35000343046568,7.78374121228073
5.522,1,8.35000323319911,7.78868172078939
5.524,1,8.35000304727621,7.77959314906413
5.526,1,8.35000287204469,7.76392114643157
5.528,1,8.35000270688973,7.74628556143806
5.53,1,8.3500025512319,7.72934353841064
5.532,1,8.35000240452506,7.71444343977006
5.534,1,8.3500022662545,7.70210269512921
5.536,1,8.35000213593509,7.69234460468908
5.538,1,8.35000201310961,7.68492669458235
5.54,1,8.35000189734713,7.67948870893072
5.542,1,8.35000178824148,7.6756431452145
5.544,1,8.35000168540989,7.67302621771533
5.546,1,8.35000158849155,7.67132269094651
5.548,1,8.35000149714643,7.6702743293552
5.55,1,8.35000141105406,7.66967877711487
5.552,1,8.35000132991236,7.6693834457117
5.554,1,8.35000125343667,7.7449762605886
5.556,1,8.35000118135865,7.77787371639764
5.558,1,8.35000111342543,7.784758758105
5.56,1,8.35000104939867,7.77709421059211
5.562,1,8.35000098905372,7.76242814634888
5.564,1,8.35000093217887,7.74547629032845
5.566,1,8.35000087857456,7.72897870985053
5.568,1,8.35000082805273,7.71435159927584
5.57,1,8.35000078043613,7.70216547872208
5.572,1,8.35000073555769,7.69248363880115
5.574,1,8.35000069325995,7.68509266406859
5.576,1,8.35000065339451,7.75535157775558
5.578,1,8.35000061582151,7.78438094473121
5.58,1,8.35000058040912,7.78856124754859
5.582,1,8.35000054703309,7.77907921726064
5.584,1,8.35000051557632,7.76324814187312
5.586,1,8.35000048592846,7.74559416068419
5.588,1,8.35000045798548,7.72871056715236
5.59,1,8.35000043164934,7.71390409542533
5.592,1,8.35000040682764,7.77736542236144
5.594,1,8.3500003834333,7.80059757303655
5.596,1,8.35000036138423,7.80008622876279
5.598,1,8.35000034060308,7.78696509824899
5.6,1,8.35000032101693,7.76841531527877
5.602,1,8.35000030255707,7.82450063184508
5.604,1,8.35000028515874,7.83914776599502
5.606,1,8.35000026876088,7.83025405895878
5.608,1,8.35000025330597,7.80968592861106
5.61,1,8.35000023873978,7.78492287950474
5.612,1,8.35000022501122,7.76036707540968
5.614,1,8.3500002120721,7.81404425469396
5.616,1,8.35000019987704,7.82843935054922
5.618,1,8.35000018838325,7.82046813257564
5.62,1,8.3500001775504,7.80135771425755
5.622,1,8.35000016734048,7.77819389266926
5.624,1,8.35000015771768,7.83085385372311
5.626,1,8.35000014864824,7.84304751836457
5.628,1,8.35000014010032,7.83246070827483
5.63,1,8.35000013204395,7.81077201196264
5.632,1,8.35000012445085,7.86100319213454
5.634,1,8.35000011729439,7.79322726995369
5.636,1,8.35000011054946,7.82061590625223
5.638,1,8.35000010419239,7.82034510874799
5.64,1,8.35000009820088,7.80535276871411
5.642,1,8.3500000925539,7.783990448968
5.644,1,8.35000008723165,7.76133997282538
5.646,1,8.35000008221546,7.81593706969371
5.648,1,8.35000007748772,7.83063586086866
5.65,1,8.35000007303184,7.82260978920479
5.652,1,8.35000006883219,7.80325874934818
5.654,1,8.35000006487405,7.77977900145889
5.656,1,8.35000006114351,7.75641514600648
5.658,1,8.35000005762749,7.73541900559301
5.66,1,8.35000005431366,7.71775758901352
5.662,1,8.35000005119039,7.70361739036446
5.664,1,8.35000004824672,7.6927503197652
5.666,1,8.35000004547233,7.76039996625398
5.668,1,8.35000004285747,7.7875397915467
5.67,1,8.35000004039298,7.79040080735619
5.672,1,8.35000003807021,7.78003376360296
5.674,1,8.35000003588101,7.76363658079858
5.676,1,8.3500000338177,7.74564240844732
5.678,1,8.35000003187303,7.72857265993803
5.68,1,8.3500000300402,7.7136805395299
5.682,1,8.35000002831275,7.70141934419305
5.684,1,8.35000002668465,7.69177111422082
5.686,1,8.35000002515017,7.68446838398511
5.688,1,8.35000002370392,7.75483596443882
5.69,1,8.35000002234085,7.78397416254686
5.692,1,8.35000002105615,7.78825264293579
5.694,1,8.35000001984533,7.77885341990309
5.696,1,8.35000001870414,7.76308878342564
5.698,1,8.35000001762857,7.74548595613416
5.7,1,8.35000001661485,7.72864031770052
5.702,1,8.35000001565943,7.71386101733037
5.704,1,8.35000001475894,7.70164216624945
5.706,1,8.35000001391024,7.69199452297576
5.708,1,8.35000001311034,7.68467005601287
5.71,1,8.35000001235644,7.67930722433233
5.712,1,8.35000001164589,7.67551964522919
5.714,1,8.3500000109762,7.67294582462871
5.716,1,8.35000001034502,7.74697213501816
5.718,1,8.35000000975014,7.7788373310514
5.72,1,8.35000000918946,7.78507685722349
5.722,1,8.35000000866103,7.77703671965651
5.724,1,8.35000000816298,7.76217606140662
5.726,1,8.35000000769358,7.74514532582567
5.728,1,8.35000000725116,7.72863835091454
5.73,1,8.35000000683419,7.71403982322061
5.732,1,8.35000000644119,7.70189971438978
5.734,1,8.3500000060708,7.69226863823875
5.736,1,8.3500000057217,7.68492595092876
5.738,1,8.35000000539268,7.755227065849
5.74,1,8.35000000508257,7.70859230607361
5.742,1,8.3500000047903,7.75560674430249
5.744,1,8.35000000451484,7.77221675531885
5.746,1,8.35000000425522,7.77097549858822
5.748,1,8.35000000401052,7.76033828582228
5.75,1,8.3500000037799,7.74574091211162
5.752,1,8.35000000356254,7.73047264653122
5.754,1,8.35000000335768,7.71635357253375
5.756,1,8.3500000031646,7.70424075500054
5.758,1,8.35000000298262,7.69439317937783
5.76,1,8.35000000281111,7.68672536871608
5.762,1,8.35000000264946,7.68097661172636
5.764,1,8.3500000024971,7.67681849170217
5.766,1,8.35000000235351,7.67391890420328
5.768,1,8.35000000221817,7.6719765558502
5.77,1,8.35000000209062,7.74643523615042
5.772,1,8.3500000019704,7.77858396566413
5.774,1,8.35000000185709,7.78499968070504
5.776,1,8.3500000017503,7.77706110571035
5.778,1,8.35000000164965,7.76225219476811
5.78,1,8.35000000155479,7.74524153727473
5.782,1,8.35000000146538,7.72873577249852
5.784,1,8.35000000138112,7.71412827493481
5.786,1,8.35000000130169,7.7019746534512
5.788,1,8.35000000122684,7.69232897603825
5.79,1,8.35000000115629,7.68497254809645
5.792,1,8.3500000010898,7.67956281975054
5.794,1,8.35000000102713,7.67572500864963
5.796,1,8.35000000096807,7.67310413532024
5.798,1,8.3500000009124,7.67139081443848
5.8,1,8.35000000085993,7.6703305070152
5.802,1,8.35000000081048,7.74542195830907
5.804,1,8.35000000076388,7.77800809375787
5.806,1,8.35000000071995,7.78471387401921
5.808,1,8.35000000067855,7.8526570901826
5.81,1,8.35000000063953,7.79514911873552
5.812,1,8.35000000060275,7.7521241259902
5.814,1,8.35000000056809,7.72106798971913
5.816,1,8.35000000053542,7.69945887761703
5.818,1,8.35000000050463,7.68501974116511
5.82,1,8.35000000047562,7.67582878853335
5.822,1,8.35000000044827,7.67034332733617
5.824,1,8.35000000042249,7.66737506219867
5.826,1,8.35000000039819,7.66604194560375
5.828,1,8.35000000037529,7.74141119653797
5.83,1,8.35000000035371,7.77454130367719
5.832,1,8.35000000033337,7.78187929320534
5.834,1,8.3500000003142,7.77474045350765
5.836,1,8.35000000029613,7.76058700810825
5.838,1,8.3500000002791,7.74409019831747
5.84,1,8.35000000026306,7.7279720545496
5.842,1,8.35000000024793,7.71364661607839
5.844,1,8.35000000023367,7.70169092896832
5.846,1,8.35000000022024,7.76787771217793
5.848,1,8.35000000020757,7.71780058345114
5.85,1,8.35000000019564,7.76207069776341
5.852,1,8.35000000018439,7.77657944292765
5.854,1,8.35000000017378,7.77378719155512
5.856,1,8.35000000016379,7.76204547094623
5.858,1,8.35000000015437,7.74669067089043
5.86,1,8.35000000014549,7.7309248010542
5.862,1,8.35000000013713,7.71649577394397
5.864,1,8.35000000012924,7.70420365179138
5.866,1,8.35000000012181,7.69426413120609
5.868,1,8.3500000001148,7.68656003117306
5.87,1,8.3500000001082,7.68080824251218
5.872,1,8.35000000010198,7.67666512334769
5.874,1,8.35000000009612,7.74948758897416
5.876,1,8.35000000009059,7.78046261834975
5.878,1,8.35000000008538,7.78606708989562
5.88,1,8.35000000008047,7.77759060320649
5.882,1,8.35000000007584,7.7624426134023
5.884,1,8.35000000007148,7.74523236231782
5.886,1,8.35000000006737,7.72862107790132
5.888,1,8.3500000000635,7.71396863618012
5.89,1,8.35000000005985,7.70180680576435
5.892,1,8.3500000000564,7.69217331717456
5.894,1,8.35000000005316,7.68483875134154
5.896,1,8.3500000000501,7.67945388528723
5.898,1,8.35000000004722,7.67564008239364
5.9,1,8.35000000004451,7.7487393100272
5.902,1,8.35000000004195,7.70423684599267
5.904,1,8.35000000003954,7.75281811096235
5.906,1,8.35000000003726,7.69483987807474
5.908,1,8.35000000003512,7.73716318043225
5.91,1,8.3500000000331,7.67739322297792
5.912,1,8.3500000000312,7.64478415917715
5.914,1,8.3500000000294,7.62987592386757
5.916,1,8.35000000002771,7.70157623762645
5.918,1,8.35000000002612,7.66098266828058
5.92,1,8.35000000002461,7.64021829106098
5.922,1,8.3500000000232,7.63207638669846
5.924,1,8.35000000002186,7.63146847684142
5.926,1,8.35000000002061,7.63493776171881
5.928,1,8.35000000001942,7.64023864032399
5.93,1,8.35000000001831,7.64599296611227
5.932,1,8.35000000001725,7.65142114499447
5.934,1,8.35000000001626,7.6561396795095
5.936,1,8.35000000001533,7.66001412431126
5.938,1,8.35000000001444,7.66305610019701
5.94,1,8.35000000001361,7.66535396487373
5.942,1,8.35000000001283,7.66702827233083
5.944,1,8.35000000001209,7.74390376339202
5.946,1,8.3500000000114,7.77759100538699
5.948,1,8.35000000001074,7.70922615326798
5.95,1,8.35000000001012,7.66889242684015
5.952,1,8.35000000000954,7.72318485609593
5.954,1,8.35000000000899,7.74687547220143
5.956,1,8.35000000000848,7.75191074481771
5.958,1,8.35000000000799,7.67080293438858
5.96,1,8.35000000000753,7.62746676293619
5.962,1,8.3500000000071,7.60854789185413
5.964,1,8.35000000000669,7.60451577176382
5.966,1,8.3500000000063,7.60881936103897
5.968,1,8.35000000000594,7.61714288138651
5.97,1,8.3500000000056,7.6267883681035
5.972,1,8.35000000000528,7.63618676828918
5.974,1,8.35000000000497,7.6445258347036
5.976,1,8.35000000000469,7.65147702156332
5.978,1,8.35000000000442,7.65700212340089
5.98,1,8.35000000000416,7.58552259997666
5.982,1,8.35000000000392,7.63143607065233
5.984,1,8.3500000000037,7.58401527205213
5.986,1,8.35000000000348,7.64290584744987
5.988,1,8.35000000000328,7.60127254104008
5.99,1,8.3500000000031,7.58584691962567
5.992,1,8.35000000000292,7.58591792913126
5.994,1,8.35000000000275,7.66994379670984
5.996,1,8.35000000000259,7.63904432488716
5.998,1,8.35000000000244,7.70131307664697
6,1,8.3500000000023,7.73141540072778
6.002,1,8.35000000000217,7.74139530398552
6.004,1,8.35000000000205,7.7396607670152
6.006,1,8.35000000000193,7.73185117273075
6.008,1,8.35000000000182,7.72157307704635
6.01,1,8.35000000000171,7.7109931606787
6.012,1,8.35000000000161,7.7012965065872
6.014,1,8.35000000000152,7.69302783761328
6.016,1,8.35000000000143,7.68633666859601
6.018,1,8.35000000000135,7.68114702924293
6.02,1,8.35000000000127,7.67727021644456
6.022,1,8.3500000000012,7.67447604114822
6.024,1,8.35000000000113,7.67253491235655
6.026,1,8.35000000000107,7.67124021768347
6.028,1,8.35000000000101,7.67041798897972
6.03,1,8.35000000000095,7.66992883427648
6.032,1,8.35000000000089,7.66966555538401
6.034,1,8.35000000000084,7.66954870017472
6.036,1,8.35000000000079,7.66952145259159
6.038,1,8.35000000000075,7.66954467386265
6.04,1,8.3500000000007,7.66959251375196
6.042,1,8.35000000000066,7.66964875891125
6.044,1,8.35000000000062,7.6697039346645
6.046,1,8.35000000000059,7.669753094572
6.048,1,8.35000000000056,7.66979419488572
6.05,1,8.35000000000052,7.66982694131015
6.052,1,8.35000000000049,7.66985200141989
6.054,1,8.35000000000047,7.66987048978115
6.056,1,8.35000000000044,7.66988364929641
6.058,1,8.35000000000041,7.66989266862887
6.06,1,8.35000000000039,7.66989859020476
6.062,1,8.35000000000037,7.6699022755917
6.064,1,8.35000000000035,7.6699044048886
6.066,1,8.35000000000032,7.6699054943105
6.068,1,8.35000000000031,7.6699059217398
6.07,1,8.35000000000029,7.66990595400277
6.072,1,8.35000000000027,7.66990577237521
6.074,1,8.35000000000026,7.66990549462512
6.076,1,8.35000000000024,7.66990519303438
6.078,1,8.35000000000023,7.66990490849741
6.08,1,8.35000000000022,7.6699046611363
6.082,1,8.3500000000002,7.66990445801134
6.084,1,8.35000000000019,7.66990429852109
6.086,1,8.35000000000018,7.66990417803827
6.088,1,8.35000000000017,7.74560300792243
6.09,1,8.35000000000016,7.77849513444383
6.092,1,8.35000000000015,7.78531600302223
6.094,1,8.35000000000014,7.70186332225057
6.096,1,8.35000000000013,7.65421130656132
6.098,1,8.35000000000013,7.63035160625367
6.1,1,8.35000000000012,7.62153304938672
6.102,1,8.35000000000011,7.62160492775987
6.104,1,8.35000000000011,7.62641017536291
6.106,1,8.3500000000001,7.63326504084488
6.108,1,8.35000000000009,7.64053623367211
6.11,1,8.35000000000009,7.64731177817212
6.112,1,8.35000000000008,7.65315431890332
6.114,1,8.35000000000008,7.65792273762909
6.116,1,8.35000000000007,7.66164780037643
6.118,1,8.35000000000007,7.66444888698693
6.12,1,8.35000000000007,7.66648084469939
6.122,1,8.35000000000006,7.66790214949172
6.124,1,8.35000000000006,7.66885757126706
6.126,1,8.35000000000006,7.66947028350465
6.128,1,8.35000000000005,7.66983978753272
6.13,1,8.35000000000005,7.67004314207965
6.132,1,8.35000000000005,7.67013783387792
6.134,1,8.35000000000004,7.67016523997477
6.136,1,8.35000000000004,7.67015406383202
6.138,1,8.35000000000004,7.67012341831887
6.14,1,8.35000000000004,7.67008541614602
6.142,1,8.35000000000004,7.67004724199729
6.144,1,8.35000000000003,7.67001274378692
6.146,1,8.35000000000003,7.66998361045833
6.148,1,8.35000000000003,7.66996021307911
6.15,1,8.35000000000003,7.66994218339063
6.152,1,8.35000000000003,7.66992879526405
6.154,1,8.35000000000003,7.66991920341691
6.156,1,8.35000000000002,7.66991258245892
6.158,1,8.35000000000002,7.66990819906911
6.16,1,8.35000000000002,7.66990544139491
6.162,1,8.35000000000002,7.66990382273898
6.164,1,8.35000000000002,7.66990297117324
6.166,1,8.35000000000002,7.66990261267331
6.168,1,8.35000000000001,7.66990255246337
6.17,1,8.35000000000001,7.66990265724669
6.172,1,8.35000000000001,7.66990283966432
6.174,1,8.35000000000001,7.66990304547351
6.176,1,8.35000000000001,7.66990324344277
6.178,1,8.35000000000001,7.6699034176928
6.18,1,8.35000000000001,7.66990356209777
6.182,1,8.35000000000001,7.66990367633694
6.184,1,8.35000000000001,7.66990376321647
6.186,1,8.35000000000001,7.66990382693279
6.188,1,8.35000000000001,7.66990387200969
6.19,1,8.35000000000001,7.66990390269909
6.192,1,8.35000000000001,7.66990392268795
6.194,1,8.35000000000001,7.66990393499835
6.196,1,8.35000000000001,7.66990394199965
6.198,1,8.35000000000001,7.66990394547903
6.2,1,8.35000000000001,7.59420502906056
6.202,1,8.35000000000001,7.63701175846832
6.204,1,8.35000000000001,7.66308303567157
6.206,1,8.35000000000001,7.67765768108677
6.208,1,8.35000000000001,7.60896483722917
6.21,1,8.35000000000001,7.57835161779471
6.212,1,8.35000000000001,7.57106421442283
6.214,1,8.35000000000001,7.57693359253755
6.216,1,8.35000000000001,7.66493792304805
6.218,1,8.35000000000001,7.71235278252806
6.22,1,8.35000000000001,7.73344529682094
6.222,1,8.35000000000001,7.66272182471984
6.224,1,8.35000000000001,7.62572025328296
6.226,1,8.35000000000001,7.61035142385499
6.228,1,8.35000000000001,7.60803421775202
6.23,1,8.35000000000001,7.61290495852755
6.232,1,8.35000000000001,7.62112765705783
6.234,1,8.35000000000001,7.6303261030424
6.236,1,8.35000000000001,7.6391369764792
6.238,1,8.35000000000001,7.64687159425085
6.24,1,8.35000000000001,7.65326896624529
6.242,1,8.35000000000001,7.65832191095818
6.244,1,8.35000000000001,7.66215928879842
6.246,1,8.35000000000001,7.66496978098447
6.248,1,8.35000000000001,7.74265426133767
6.25,1,8.35000000000001,7.7768961849102
6.252,1,8.35000000000001,7.78459458791248
6.254,1,8.35000000000001,7.7773799352089
6.256,1,8.35000000000001,7.76292555920257
6.258,1,8.35000000000001,7.74603748465188
6.26,1,8.35000000000001,7.72951852539155
6.262,1,8.35000000000001,7.71482673779139
6.264,1,8.35000000000001,7.70255923655005
6.266,1,8.35000000000001,7.69279514134428
6.268,1,8.35000000000001,7.6096306455782
6.27,1,8.35000000000001,7.57123529314922
6.272,1,8.35000000000001,7.56050073666495
6.274,1,8.35000000000001,7.56557463391858
6.276,1,8.35000000000001,7.57857697318636
6.278,1,8.35000000000001,7.59452355254815
6.28,1,8.35000000000001,7.61046616400648
6.282,1,8.35000000000001,7.62483318705926
6.284,1,8.35000000000001,7.63694212327726
6.286,1,8.35000000000001,7.72235084001942
6.288,1,8.35000000000001,7.76271526614654
6.29,1,8.35000000000001,7.77507784543905
6.292,1,8.35000000000001,7.77128944005369
6.294,1,8.35000000000001,7.75926307898682
6.296,1,8.35000000000001,7.74403111705204
6.298,1,8.35000000000001,7.72859323309514
6.3,1,8.35000000000001,7.7145692076617
6.302,1,8.35000000000001,7.70268318066707
6.304,1,8.35000000000001,7.7688091759853
6.306,1,8.35000000000001,7.79430662046904
6.308,1,8.35000000000001,7.79562404420311
6.31,1,8.35000000000001,7.70821951220711
6.312,1,8.35000000000001,7.65783300162679
6.314,1,8.35000000000001,7.6321577960555
6.316,1,8.35000000000001,7.62219293098909
6.318,1,8.35000000000001,7.62158845938973
6.32,1,8.35000000000001,7.62603469621553
6.322,1,8.35000000000001,7.63273519209494
6.324,1,8.35000000000001,7.63997636757971
6.326,1,8.35000000000001,7.64679116312003
6.328,1,8.35000000000001,7.65270601551976
6.33,1,8.35000000000001,7.65755723727488
6.332,1,8.35000000000001,7.66136252481212
6.334,1,8.35000000000001,7.66423454360157
6.336,1,8.35000000000001,7.66632547786049
6.338,1,8.35000000000001,7.66779356359214
6.34,1,8.35000000000001,7.66878464640133
6.342,1,8.35000000000001,7.66942357083182
6.344,1,8.35000000000001,7.66981166180273
6.346,1,8.35000000000001,7.67002770297996
6.348,1,8.35000000000001,7.67013068318625
6.35,1,8.35000000000001,7.67016321448493
6.352,1,8.35000000000001,7.67015497105571
6.354,1,8.35000000000001,7.67012579975337
6.356,1,8.35000000000001,7.67008834860542
6.358,1,8.35000000000001,7.67005017884625
6.36,1,8.35000000000001,7.6700153931212
6.362,1,8.35000000000001,7.66998584500805
6.364,1,8.35000000000001,7.66996200592065
6.366,1,8.35000000000001,7.66994356376288
6.368,1,8.35000000000001,7.66992981946654
6.37,1,8.35000000000001,7.66991993662155
6.372,1,8.35000000000001,7.66991308813642
6.374,1,8.35000000000001,7.66990853351865
6.376,1,8.35000000000001,7.66990565153528
6.378,1,8.35000000000001,7.66990394585659
6.38,1,8.35000000000001,7.6699030357382
6.382,1,8.35000000000001,7.66990263964524
6.384,1,8.35000000000001,7.66990255672819
6.386,1,8.35000000000001,7.66990264898301
6.388,1,8.35000000000001,7.66990282553604
6.39,1,8.35000000000001,7.66990302961259
6.392,1,8.35000000000001,7.6699032282233
6.394,1,8.35000000000001,7.66990340431738
6.396,1,8.35000000000001,7.66990355102574
6.398,1,8.35000000000001,7.66990366758575
6.4,1,8.35000000000001,7.66990375656643
6.402,1,8.35000000000001,7.66990382205953
6.404,1,8.35000000000001,7.74560278624136
6.406,1,8.35000000000001,7.77849500625061
6.408,1,8.35000000000001,7.7853159373298
6.41,1,8.35000000000001,7.77756221404426
6.412,1,8.35000000000001,7.76280241035466
6.414,1,8.35000000000001,7.74576363320654
6.416,1,8.35000000000001,7.72919134596391
6.418,1,8.35000000000001,7.71450341469927
6.42,1,8.35000000000001,7.70226988040224
6.422,1,8.35000000000001,7.69255245499644
6.424,1,8.35000000000001,7.68513571386379
6.426,1,8.35000000000001,7.75537663982044
6.428,1,8.35000000000001,7.78439394204298
6.43,1,8.35000000000001,7.7885665290378
6.432,1,8.35000000000001,7.77907986333886
6.434,1,8.35000000000001,7.76324625254141
6.436,1,8.35000000000001,7.74559110591778
6.438,1,8.35000000000001,7.72870719245856
6.44,1,8.35000000000001,7.71390088321215
6.442,1,8.35000000000001,7.70166369614057
6.444,1,8.35000000000001,7.69200415102983
6.446,1,8.35000000000001,7.68467238764505
6.448,1,8.35000000000001,7.67930543532118
6.45,1,8.35000000000001,7.67551583562084
6.452,1,8.35000000000001,7.67294131361218
6.454,1,8.35000000000001,7.67126877754712
6.456,1,8.35000000000001,7.67024226152864
6.458,1,8.35000000000001,7.66966152252001
6.46,1,8.35000000000001,7.66937579263105
6.462,1,8.35000000000001,7.744974482454
6.464,1,8.35000000000001,7.70217632865764
6.466,1,8.35000000000001,7.67617079504254
6.468,1,8.35000000000001,7.66168588708414
6.47,1,8.35000000000001,7.73047240542214
6.472,1,8.35000000000001,7.68547323561762
6.474,1,8.35000000000001,7.73564154653385
6.476,1,8.35000000000001,7.75590371804498
6.478,1,8.35000000000001,7.75821985974232
6.48,1,8.35000000000001,7.75073841623095
6.482,1,8.35000000000001,7.73877119739671
6.484,1,8.35000000000001,7.72559323830158
6.486,1,8.35000000000001,7.71307031358994
6.488,1,8.35000000000001,7.70213262247536
6.49,1,8.35000000000001,7.69311969960623
6.492,1,8.35000000000001,7.6860226210259
6.494,1,8.35000000000001,7.68064754214471
6.496,1,8.35000000000001,7.67672114865379
6.498,1,8.35000000000001,7.67395472728666
6.5,1,8.35000000000001,7.67207984876555
6.502,1,8.35000000000001,7.67086539233362
6.504,1,8.35000000000001,7.67012294119083
6.506,1,8.35000000000001,7.66970544467983
6.508,1,8.35000000000001,7.66950242227619
6.51,1,8.35000000000001,7.74513271465999
6.512,1,8.35000000000001,7.77803471242875
6.514,1,8.35000000000001,7.78490628628019
6.516,1,8.35000000000001,7.77721999713317
6.518,1,8.35000000000001,7.7625299254131
6.52,1,8.35000000000001,7.74555522319005
6.522,1,8.35000000000001,7.72903767054181
6.524,1,8.35000000000001,7.71439409143178
6.526,1,8.35000000000001,7.70219499589303
6.528,1,8.35000000000001,7.69250332436061
6.53,1,8.35000000000001,7.68510516443383
6.532,1,8.35000000000001,7.67966009549483
6.534,1,8.35000000000001,7.67579383972752
6.536,1,8.35000000000001,7.67315100608043
6.538,1,8.35000000000001,7.67142134979285
6.54,1,8.35000000000001,7.74604823613613
6.542,1,8.35000000000001,7.77832485005793
6.544,1,8.35000000000001,7.78483432794833
6.546,1,8.35000000000001,7.77696206784602
6.548,1,8.35000000000001,7.76219829127102
6.55,1,8.35000000000001,7.74521701990686
6.552,1,8.35000000000001,7.72872934385723
6.554,1,8.35000000000001,7.71413212585351
6.556,1,8.35000000000001,7.70198360545708
6.558,1,8.35000000000001,7.69233976446393
6.56,1,8.35000000000001,7.68498325094351
6.562,1,8.35000000000001,7.67957242063768
6.564,1,8.35000000000001,7.67573307439183
6.566,1,8.35000000000001,7.67311058645192
6.568,1,8.35000000000001,7.67139576794338
6.57,1,8.35000000000001,7.6703341730802
6.572,1,8.35000000000001,7.66972565839645
6.574,1,8.35000000000001,7.66941878830002
6.576,1,8.35000000000001,7.66930304478744
6.578,1,8.35000000000001,7.66930063518631
6.58,1,8.35000000000001,7.66935889410649
6.582,1,8.35000000000001,7.66944375212549
6.584,1,8.35000000000001,7.66953441788234
6.586,1,8.35000000000001,7.66961923202784
6.588,1,8.35000000000001,7.66969255521871
6.59,1,8.35000000000001,7.66975251461611
6.592,1,8.35000000000001,7.66979943055829
6.594,1,8.35000000000001,7.5941358435136
6.596,1,8.35000000000001,7.63696823921412
6.598,1,8.35000000000001,7.66305749710333
6.6,1,8.35000000000001,7.67764425054434
6.602,1,8.35000000000001,7.68465810601738
6.604,1,8.35000000000001,7.6869417815749
6.606,1,8.35000000000001,7.68647789115358
6.608,1,8.35000000000001,7.68459475696701
6.61,1,8.35000000000001,7.68214072660624
6.612,1,8.35000000000001,7.67962449214662
6.614,1,8.35000000000001,7.6773234322659
6.616,1,8.35000000000001,7.67536421099335
6.618,1,8.35000000000001,7.6737806286573
6.62,1,8.35000000000001,7.67255363383257
6.622,1,8.35000000000001,7.67163787434392
6.624,1,8.35000000000001,7.74667736796698
6.626,1,8.35000000000001,7.77911189513217
6.628,1,8.35000000000001,7.78562789560771
6.63,1,8.35000000000001,7.70198187374381
6.632,1,8.35000000000001,7.65421506620989
6.634,1,8.35000000000001,7.63029378675307
6.636,1,8.35000000000001,7.62144810186297
6.638,1,8.35000000000001,7.62151389930459
6.64,1,8.35000000000001,7.62632488864645
6.642,1,8.35000000000001,7.63319123313893
6.644,1,8.35000000000001,7.6404758312107
6.646,1,8.35000000000001,7.64726448499654
6.648,1,8.35000000000001,7.65311868337108
6.65,1,8.35000000000001,7.65789683514759
6.652,1,8.35000000000001,7.6616296441212
6.654,1,8.35000000000001,7.58873773536606
6.656,1,8.35000000000001,7.55788187013395
6.658,1,8.35000000000001,7.55248536886614
6.66,1,8.35000000000001,7.63689556992894
6.662,1,8.35000000000001,7.60946275756466
6.664,1,8.35000000000001,7.6764995482881
6.666,1,8.35000000000001,7.71159323249055
6.668,1,8.35000000000001,7.72619094530468
6.67,1,8.35000000000001,7.72841927769546
6.672,1,8.35000000000001,7.72383221299664
6.674,1,8.35000000000001,7.64036492219705
6.676,1,8.35000000000001,7.6744736827788
6.678,1,8.35000000000001,7.61651086012867
6.68,1,8.35000000000001,7.59087422589513
6.682,1,8.35000000000001,7.5850044524848
6.684,1,8.35000000000001,7.5902538778238
6.686,1,8.35000000000001,7.6009140665682
6.688,1,8.35000000000001,7.68910612425849
6.69,1,8.35000000000001,7.65853685810239
6.692,1,8.35000000000001,7.71905784270038
6.694,1,8.35000000000001,7.67077798507243
6.696,1,8.35000000000001,7.7206473656076
6.698,1,8.35000000000001,7.66653109330378
6.7,1,8.35000000000001,7.63800867660814
6.702,1,8.35000000000001,7.62594819313777
6.704,1,8.35000000000001,7.69955460633537
6.706,1,8.35000000000001,7.73587583175083
6.708,1,8.35000000000001,7.74873148455206
6.71,1,8.35000000000001,7.74780627217359
6.712,1,8.35000000000001,7.73962428820629
6.714,1,8.35000000000001,7.72838045510806
6.716,1,8.35000000000001,7.7166137372211
6.718,1,8.35000000000001,7.70572954077369
6.72,1,8.35000000000001,7.69639014015548
6.722,1,8.35000000000001,7.68879620103694
6.724,1,8.35000000000001,7.68288245008813
6.726,1,8.35000000000001,7.67844825503261
6.728,1,8.35000000000001,7.67524061054779
6.73,1,8.35000000000001,7.67300355613683
6.732,1,8.35000000000001,7.74720373554123
6.734,1,8.35000000000001,7.77913878210636
6.736,1,8.35000000000001,7.78538580120971
6.738,1,8.35000000000001,7.77731916739468
6.74,1,8.35000000000001,7.76241650462261
6.742,1,8.35000000000001,7.74533964104278
6.744,1,8.35000000000001,7.72878889210729
6.746,1,8.35000000000001,7.71415216587337
6.748,1,8.35000000000001,7.70198060144786
6.75,1,8.35000000000001,7.69232476964653
6.752,1,8.35000000000001,7.68496334244397
6.754,1,8.35000000000001,7.67955185700696
6.756,1,8.35000000000001,7.67571419098797
6.758,1,8.35000000000001,7.67309446267804
6.76,1,8.35000000000001,7.67138270698282
6.762,1,8.35000000000001,7.67032403430549
6.764,1,8.35000000000001,7.66971807841556
6.766,1,8.35000000000001,7.66941332080614
6.768,1,8.35000000000001,7.66929924331141
6.77,1,8.35000000000001,7.74499701491375
6.772,1,8.35000000000001,7.70224946858557
6.774,1,8.35000000000001,7.67626370072497
6.776,1,8.35000000000001,7.66178016262867
6.778,1,8.35000000000001,7.65485918909017
6.78,1,8.35000000000001,7.65265371851656
6.782,1,8.35000000000001,7.65318026951181
6.784,1,8.35000000000001,7.6551115914964
6.786,1,8.35000000000001,7.65760133669055
6.788,1,8.35000000000001,7.66014311036919
6.79,1,8.35000000000001,7.66246176311619
6.792,1,8.35000000000001,7.66443260383907
6.794,1,8.35000000000001,7.66602347375021
6.796,1,8.35000000000001,7.66725472709882
6.798,1,8.35000000000001,7.66817270969334
6.8,1,8.35000000000001,7.66883305213697
6.802,1,8.35000000000001,7.66929084525215
6.804,1,8.35000000000001,7.66959545479882
6.806,1,8.35000000000001,7.66978832167476
6.808,1,8.35000000000001,7.66990257111434
6.81,1,8.35000000000001,7.66996362503281
6.812,1,8.35000000000001,7.6699902888209
6.814,1,8.35000000000001,7.66999598385902
6.816,1,8.35000000000001,7.66998993608551
6.818,1,8.35000000000001,7.66997822382614
6.82,1,8.35000000000001,7.6699646471635
6.822,1,8.35000000000001,7.66995141634654
6.824,1,8.35000000000001,7.66993967576695
6.826,1,8.35000000000001,7.66992988854475
6.828,1,8.35000000000001,7.66992210883103
6.83,1,8.35000000000001,7.74561508504316
6.832,1,8.35000000000001,7.77850289836778
6.834,1,8.35000000000001,7.78532070084063
6.836,1,8.35000000000001,7.7775648392132
6.838,1,8.35000000000001,7.76280363624589
6.84,1,8.35000000000001,7.74576399199917
6.842,1,8.35000000000001,7.72919120700002
6.844,1,8.35000000000001,7.71450302404217
6.846,1,8.35000000000001,7.70226939409627
6.848,1,8.35000000000001,7.69255196568615
6.85,1,8.35000000000001,7.68513527124461
6.852,1,8.35000000000001,7.60397843042904
6.854,1,8.35000000000001,7.56721142969929
6.856,1,8.35000000000001,7.55774226499681
6.858,1,8.35000000000001,7.56376313124187
6.86,1,8.35000000000001,7.57744919139349
6.862,1,8.35000000000001,7.59387164473598
6.864,1,8.35000000000001,7.61013233738004
6.866,1,8.35000000000001,7.62470191166779
6.868,1,8.35000000000001,7.63693180646322
6.87,1,8.35000000000001,7.64670712000406
6.872,1,8.35000000000001,7.65420884305396
6.874,1,8.35000000000001,7.65975787597055
6.876,1,8.35000000000001,7.66371804862152
6.878,1,8.35000000000001,7.66644017272269
6.88,1,8.35000000000001,7.66823349486112
6.882,1,8.35000000000001,7.66935457729273
6.884,1,8.35000000000001,7.67000656881522
6.886,1,8.35000000000001,7.67034408768732
6.888,1,8.35000000000001,7.67048061501933
6.89,1,8.35000000000001,7.67049649707203
6.892,1,8.35000000000001,7.67044648243598
6.894,1,8.35000000000001,7.67036626731495
6.896,1,8.35000000000001,7.67027786592762
6.898,1,8.35000000000001,7.67019382441368
6.9,1,8.35000000000001,7.67012040218996
6.902,1,8.35000000000001,7.67005988875435
6.904,1,8.35000000000001,7.6700122308421
6.906,1,8.35000000000001,7.66997613126274
6.908,1,8.35000000000001,7.66994975758045
6.91,1,8.35000000000001,7.66993117281567
6.912,1,8.35000000000001,7.66991857541744
6.914,1,8.35000000000001,7.66991041385247
6.916,1,8.35000000000001,7.66990542302953
6.918,1,8.35000000000001,7.66990261545037
6.92,1,8.35000000000001,7.66990124909428
6.922,1,8.35000000000001,7.66990078606573
6.924,1,8.35000000000001,7.66990085039896
6.926,1,8.35000000000001,7.66990118957703
6.928,1,8.35000000000001,7.66990164182936
6.93,1,8.35000000000001,7.66990210973841
6.932,1,8.35000000000001,7.66990253981507
6.934,1,8.35000000000001,7.66990290727224
6.936,1,8.35000000000001,7.66990320507353
6.938,1,8.35000000000001,7.66990343634186
6.94,1,8.35000000000001,7.66990360930895
6.942,1,8.35000000000001,7.66990373411812
6.944,1,8.35000000000001,7.66990382093081
6.946,1,8.35000000000001,7.66990387891535
6.948,1,8.35000000000001,7.66990391580566
6.95,1,8.35000000000001,7.74560285548389
6.952,1,8.35000000000001,7.70279613791705
6.954,1,8.35000000000001,7.7524237829739
6.956,1,8.35000000000001,7.7707413260385
6.958,1,8.35000000000001,7.77055616042248
6.96,1,8.35000000000001,7.76052345234865
6.962,1,8.35000000000001,7.74623013099823
6.964,1,8.35000000000001,7.73107570501534
6.966,1,8.35000000000001,7.7169578118708
6.968,1,8.35000000000001,7.7047859879473
6.97,1,8.35000000000001,7.69485313722972
6.972,1,8.35000000000001,7.68709446106815
6.974,1,8.35000000000001,7.68126082578786
6.976,1,8.35000000000001,7.67702939706045
6.978,1,8.35000000000001,7.67406990514982
6.98,1,8.35000000000001,7.67208071200719
6.982,1,8.35000000000001,7.67080521674977
6.984,1,8.35000000000001,7.67003615822556
6.986,1,8.35000000000001,7.66961303954494
6.988,1,8.35000000000001,7.66941613936901
6.99,1,8.35000000000001,7.66935929428705
6.992,1,8.35000000000001,7.66938273827775
6.994,1,8.35000000000001,7.66944667932487
6.996,1,8.35000000000001,7.66952590305335
6.998,1,8.35000000000001,7.66960545658213
7,1,8.35000000000001,7.66967733434488
7.002,1,8.35000000000001,7.66973802526648
7.004,1,8.35000000000001,7.66978676130576
7.006,1,8.35000000000001,7.6698243128355
7.008,1,8.35000000000001,7.66985219449259
7.01,1,8.35000000000001,7.66987216827375
7.012,1,8.35000000000001,7.59418703649169
7.014,1,8.35000000000001,7.63700289179207
7.016,1,8.35000000000001,7.58738099243613
7.018,1,8.35000000000001,7.56906681933098
7.02,1,8.35000000000001,7.56925375553715
7.022,1,8.35000000000001,7.57928720665222
7.024,1,8.35000000000001,7.59358064980991
7.026,1,8.35000000000001,7.60873485433043
7.028,1,8.35000000000001,7.6228523648355
7.03,1,8.35000000000001,7.63502375794331
7.032,1,8.35000000000001,7.64495619467709
7.034,1,8.35000000000001,7.65271450668827
7.036,1,8.35000000000001,7.65854784033006
7.038,1,8.35000000000001,7.66277903052136
7.04,1,8.35000000000001,7.6657383410853
7.042,1,8.35000000000001,7.59202848359682
7.044,1,8.35000000000001,7.56041169660666
7.046,1,8.35000000000001,7.5543597808655
7.048,1,8.35000000000001,7.56253659406657
7.05,1,8.35000000000001,7.57749327969557
7.052,1,8.35000000000001,7.59458889110276
7.054,1,8.35000000000001,7.61113772855304
7.056,1,8.35000000000001,7.62576171621886
7.058,1,8.35000000000001,7.56221710854397
7.06,1,8.35000000000001,7.53896279275009
7.062,1,8.35000000000001,7.53948674693574
7.064,1,8.35000000000001,7.55263778518513
7.066,1,8.35000000000001,7.57122374747725
7.068,1,8.35000000000001,7.59087330122211
7.07,1,8.35000000000001,7.60915063867036
7.072,1,8.35000000000001,7.62489239663537
7.074,1,8.35000000000001,7.63772851063387
7.076,1,8.35000000000001,7.72344735205846
7.078,1,8.35000000000001,7.68817000049401
7.08,1,8.35000000000001,7.66755699825244
7.082,1,8.35000000000001,7.65679758619793
7.084,1,8.35000000000001,7.65235411212911
7.086,1,8.35000000000001,7.5760179909874
7.088,1,8.35000000000001,7.54458102790201
7.09,1,8.35000000000001,7.54018742032638
7.092,1,8.35000000000001,7.55064721489313
7.094,1,8.35000000000001,7.56799464225969
7.096,1,8.35000000000001,7.58730249749231
7.098,1,8.35000000000001,7.60575006229545
7.1,1,8.35000000000001,7.54621929283954
7.102,1,8.35000000000001,7.52668411430192
7.104,1,8.35000000000001,7.53040300429597
7.106,1,8.35000000000001,7.54615414170664
7.108,1,8.35000000000001,7.6424653288637
7.11,1,8.35000000000001,7.69652743825744
7.112,1,8.35000000000001,7.72272622733942
7.114,1,8.35000000000001,7.73148231621289
7.116,1,8.35000000000001,7.65437468495119
7.118,1,8.35000000000001,7.61479284972755
7.12,1,8.35000000000001,7.67482560865952
7.122,1,8.35000000000001,7.70634988872771
7.124,1,8.35000000000001,7.71956185911185
7.126,1,8.35000000000001,7.72170556524224
7.128,1,8.35000000000001,7.71773599388853
7.13,1,8.35000000000001,7.71089854671011
7.132,1,8.35000000000001,7.62750783259155
7.134,1,8.35000000000001,7.66292636845846
7.136,1,8.35000000000001,7.60680160450061
7.138,1,8.35000000000001,7.65880222317501
7.14,1,8.35000000000001,7.68762513558485
7.142,1,8.35000000000001,7.70124477049188
7.144,1,8.35000000000001,7.62971475367228
7.146,1,8.35000000000001,7.59554079237399
7.148,1,8.35000000000001,7.58465826455842
7.15,1,8.35000000000001,7.58726900967609
7.152,1,8.35000000000001,7.59681682408969
7.154,1,8.35000000000001,7.68482013499193
7.156,1,8.35000000000001,7.73027215514228
7.158,1,8.35000000000001,7.74854949393167
7.16,1,8.35000000000001,7.75053313705786
7.162,1,8.35000000000001,7.74363305131444
7.164,1,8.35000000000001,7.65697817161923
7.166,1,8.35000000000001,7.68774761794958
7.168,1,8.35000000000001,7.7023930744501
7.17,1,8.35000000000001,7.70699561993087
7.172,1,8.35000000000001,7.70578893815902
7.174,1,8.35000000000001,7.62590489904545
7.176,1,8.35000000000001,7.58765251239311
7.178,1,8.35000000000001,7.57537387200688
7.18,1,8.35000000000001,7.57815652964127
7.182,1,8.35000000000001,7.66439429282605
7.184,1,8.35000000000001,7.63522193853754
7.186,1,8.35000000000001,7.62308994227829
7.188,1,8.35000000000001,7.62124140456319
7.19,1,8.35000000000001,7.62505854662214
7.192,1,8.35000000000001,7.6315199453828
7.194,1,8.35000000000001,7.63875357208743
7.196,1,8.35000000000001,7.64568502762513
7.198,1,8.35000000000001,7.6517712554256
7.2,1,8.35000000000001,7.65680611327299
7.202,1,8.35000000000001,7.7364823679387
7.204,1,8.35000000000001,7.69669654801634
7.206,1,8.35000000000001,7.67283805170887
7.208,1,8.35000000000001,7.65982689273557
7.21,1,8.35000000000001,7.65388378554762
7.212,1,8.35000000000001,7.65229599094216
7.214,1,8.35000000000001,7.72888611652189
7.216,1,8.35000000000001,7.68820446362925
7.218,1,8.35000000000001,7.66470643592573
7.22,1,8.35000000000001,7.65269004049755
7.222,1,8.35000000000001,7.72368064730827
7.224,1,8.35000000000001,7.75622595545597
7.226,1,8.35000000000001,7.76505977709858
7.228,1,8.35000000000001,7.68467963112008
7.23,1,8.35000000000001,7.64036188209708
7.232,1,8.35000000000001,7.61964692741234
7.234,1,8.35000000000001,7.61356168782039
7.236,1,8.35000000000001,7.61587773841775
7.238,1,8.35000000000001,7.69814376827842
7.24,1,8.35000000000001,7.66352270886621
7.242,1,8.35000000000001,7.64569223792652
7.244,1,8.35000000000001,7.63857446297179
7.246,1,8.35000000000001,7.71357021176194
7.248,1,8.35000000000001,7.67355004144183
7.25,1,8.35000000000001,7.72754997361534
7.252,1,8.35000000000001,7.75065380770613
7.254,1,8.35000000000001,7.75500329588884
7.256,1,8.35000000000001,7.67322459621971
7.258,1,8.35000000000001,7.70499060957467
7.26,1,8.35000000000001,7.71846562988664
7.262,1,8.35000000000001,7.72085779019021
7.264,1,8.35000000000001,7.64140545129606
7.266,1,8.35000000000001,7.67755232573357
7.268,1,8.35000000000001,7.62037239460054
7.27,1,8.35000000000001,7.59477208728056
7.272,1,8.35000000000001,7.58853698022193
7.274,1,8.35000000000001,7.59324295972483
7.276,1,8.35000000000001,7.60331836750043
7.278,1,8.35000000000001,7.61526240183378
7.28,1,8.35000000000001,7.62702397641175
7.282,1,8.35000000000001,7.71322635853349
7.284,1,8.35000000000001,7.75491452470108
7.286,1,8.35000000000001,7.76875283690274
7.288,1,8.35000000000001,7.69067664177124
7.29,1,8.35000000000001,7.64699549969234
7.292,1,8.35000000000001,7.62596527797875
7.294,1,8.35000000000001,7.69478725652505
7.296,1,8.35000000000001,7.65332897746184
7.298,1,8.35000000000001,7.63285891792769
7.3,1,8.35000000000001,7.62560028752643
7.302,1,8.35000000000001,7.70180143066395
7.304,1,8.35000000000001,7.66358552003723
7.306,1,8.35000000000001,7.71953095922171
7.308,1,8.35000000000001,7.66876468319408
7.31,1,8.35000000000001,7.71750698708063
7.312,1,8.35000000000001,7.66309968988847
7.314,1,8.35000000000001,7.63476076193905
7.316,1,8.35000000000001,7.62311867271584
7.318,1,8.35000000000001,7.62152852244048
7.32,1,8.35000000000001,7.62545510170379
7.322,1,8.35000000000001,7.63193571498904
7.324,1,8.35000000000001,7.6391385522428
7.326,1,8.35000000000001,7.64601559453857
7.328,1,8.35000000000001,7.65204018304213
7.33,1,8.35000000000001,7.65701563214721
7.332,1,8.35000000000001,7.66094061315455
7.334,1,8.35000000000001,7.66391809463485
7.336,1,8.35000000000001,7.66609649484949
7.338,1,8.35000000000001,7.66763381796533
7.34,1,8.35000000000001,7.66867758505764
7.342,1,8.35000000000001,7.6693551677725
7.344,1,8.35000000000001,7.66977062281403
7.346,1,8.35000000000001,7.6700053051559
7.348,1,8.35000000000001,7.67012043558238
7.35,1,8.35000000000001,7.67016045689017
7.352,1,8.35000000000001,7.67015647936762
7.354,1,8.35000000000001,7.67012943382238
7.356,1,8.35000000000001,7.67009275747968
7.358,1,8.35000000000001,7.74575348339202
7.36,1,8.35000000000001,7.70291152350866
7.362,1,8.35000000000001,7.75250898893085
7.364,1,8.35000000000001,7.69510311276417
7.366,1,8.35000000000001,7.73770562086363
7.368,1,8.35000000000001,7.67803100180141
7.37,1,8.35000000000001,7.72110874475403
7.372,1,8.35000000000001,7.73902448905822
7.374,1,8.35000000000001,7.74175540691827
7.376,1,8.35000000000001,7.73612010230237
7.378,1,8.35000000000001,7.7265800317736
7.38,1,8.35000000000001,7.71589947070739
7.382,1,8.35000000000001,7.70566491852942
7.384,1,8.35000000000001,7.69667829228034
7.386,1,8.35000000000001,7.68924401628484
7.388,1,8.35000000000001,7.68337120161529
7.39,1,8.35000000000001,7.67891059632504
7.392,1,8.35000000000001,7.67564323839914
7.394,1,8.35000000000001,7.67333460644596
7.396,1,8.35000000000001,7.67176502900206
7.398,1,8.35000000000001,7.67074443342925
7.4,1,8.35000000000001,7.67011728887764
7.402,1,8.35000000000001,7.66976183278201
7.404,1,8.35000000000001,7.66958632562629
7.406,1,8.35000000000001,7.66952409079277
7.408,1,8.35000000000001,7.66952839615427
7.41,1,8.35000000000001,7.66956775644883
7.412,1,8.35000000000001,7.66962192365668
7.414,1,8.35000000000001,7.66967863996026
7.416,1,8.35000000000001,7.66973111779075
7.418,1,8.35000000000001,7.66977615627343
7.42,1,8.35000000000001,7.66981278290612
7.422,1,8.35000000000001,7.66984130935783
7.424,1,8.35000000000001,7.66986270126926
7.426,1,8.35000000000001,7.66987817767995
7.428,1,8.35000000000001,7.66988897242972
7.43,1,8.35000000000001,7.66989620547495
7.432,1,8.35000000000001,7.66990082551301
7.434,1,8.35000000000001,7.66990359629168
7.436,1,8.35000000000001,7.66990510756304
7.438,1,8.35000000000001,7.6699057980968
7.44,1,8.35000000000001,7.74560490052914
7.442,1,8.35000000000001,7.77849698558298
7.444,1,8.35000000000001,7.78531764935039
7.446,1,8.35000000000001,7.77756361456205
7.448,1,8.35000000000001,7.76280350655059
7.45,1,8.35000000000001,7.6700655412685
7.452,1,8.35000000000001,7.62060084010014
7.454,1,8.35000000000001,7.5990918189939
7.456,1,8.35000000000001,7.5946118836336
7.458,1,8.35000000000001,7.59965416819116
7.46,1,8.35000000000001,7.60927613605889
7.462,1,8.35000000000001,7.62039038379844
7.464,1,8.35000000000001,7.63120339685884
7.466,1,8.35000000000001,7.64078858715395
7.468,1,8.35000000000001,7.57307415281062
7.47,1,8.35000000000001,7.54652489906225
7.472,1,8.35000000000001,7.5445456114916
7.474,1,8.35000000000001,7.55586260787136
7.476,1,8.35000000000001,7.57315236461856
7.478,1,8.35000000000001,7.59192042254388
7.48,1,8.35000000000001,7.60962439143267
7.482,1,8.35000000000001,7.62501366638793
7.484,1,8.35000000000001,7.63764986429928
7.486,1,8.35000000000001,7.6475709529993
7.488,1,8.35000000000001,7.65506514783017
7.49,1,8.35000000000001,7.66052565273598
7.492,1,8.35000000000001,7.66436284489296
7.494,1,8.35000000000001,7.66695575580173
7.496,1,8.35000000000001,7.66862929424538
7.498,1,8.35000000000001,7.66964744305557
7.5,3,8.35000000000001,7.6702156447148
7.502,3,9.31032202415182,7.6704878510828
7.504,3,10.2154213902155,7.67057536429744
7.506,3,11.0684736391968,7.74625467786124
7.508,3,11.8724717047979,8.0061688338824
7.51,3,12.6302364141252,8.41436515220735
7.512,3,13.3444263845608,8.93703846421552
7.514,3,14.0175473515211,9.62056402863662
7.516,3,14.6519609598293,10.398095169133
7.518,3,15.2498930495458,11.2247106332974
7.52,3,15.8134414653281,11.9959146423521
7.522,3,16.3445834167181,12.8128557950724
7.524,3,16.8451824151817,13.5735555612227
7.526,3,17.3169948122385,14.3805866710306
7.528,3,17.761675961621,15.0569723916247
7.53,3,18.1807860270827,15.7483380075225
7.532,3,18.5757954562326,16.3794559926492
7.534,3,18.9480901396005,16.9918594459878
7.536,3,19.2989762730335,17.5338423375068
7.538,3,19.6296849404841,18.0604836762408
7.54,3,19.9413764332682,18.6026662562662
7.542,3,20.2351443209469,19.0239253782565
7.544,3,20.512019288115,19.4148292886418
7.546,3,20.7729727505581,19.8266657640144
7.548,3,21.0189202634644,20.2090170482017
7.55,3,21.2507247336505,20.5379099931081
7.552,3,21.4691994470691,20.8058380182342
7.554,3,21.6751109222233,21.0905144586308
7.556,3,21.8691815994962,21.3560248724311
7.558,3,22.0520923758334,21.660809871525
7.56,3,22.2244849936693,21.8807564559966
7.562,3,22.3869642924808,22.1094574630595
7.564,3,22.540100330866,22.3202545255868
7.566,3,22.6844303865954,22.5007002010322
7.568,3,22.8204608416503,22.7228518759547
7.57,3,22.9486689588642,22.8696171712701
7.572,3,23.0695045563993,23.0373995065135
7.574,3,23.1833915859336,23.1998288715563
7.576,3,23.2907296200949,23.3433728469894
7.578,3,23.391895254362,23.4626797332783
7.58,3,23.4872434283493,23.6329869765987
7.582,3,23.5771086711124,23.7379805191175
7.584,3,23.6618062748437,23.8734846550002
7.586,3,23.7416334010747,23.9361846852027
7.588,3,23.816870123267,24.0295755570827
7.59,3,23.8877804094507,24.1301137636057
7.592,3,23.9546130483552,24.2245402726489
7.594,3,24.0176025222853,24.2306895267828
7.596,3,24.0769698298019,24.2648605323819
7.598,3,24.1329232610957,24.3106004552517
7.6,3,24.1856591287728,24.3579946837283
7.602,3,24.2353624566179,24.4015933805898
7.604,3,24.2822076287503,24.5145641632159
7.606,3,24.3263590014501,24.5776761047255
7.608,3,24.3679714798026,24.6079739461988
7.61,3,24.4071910611825,24.693483642765
7.612,3,24.444155347486,24.7242944311489
7.614,3,24.4789940279066,24.7985972641103
7.616,3,24.5118293339499,24.8130581492541
7.618,3,24.5427764682829,24.7941835151634
7.62,3,24.5719440089222,24.8350958393778
7.622,3,24.5994342901802,24.9038492451956
7.624,3,24.6253437617052,24.9049631696511
7.626,3,24.6497633268746,24.9456000668475
7.628,3,24.6727786617294,24.9276013646254
7.63,3,24.694470515569,24.9558129299739
7.632,3,24.7149149942597,25.0058798729182
7.634,3,24.7341838272522,25.0626588986976
7.636,3,24.7523446192446,25.0417140870088
7.638,3,24.7694610873732,24.9813933672484
7.64,3,24.785593284764,24.9817293785838
7.642,3,24.8007978112296,25.014374964083
7.644,3,24.8151280118489,24.98532740933
7.646,3,24.828634164129,24.9262513730963
7.648,3,24.8413636544034,24.8569944403515
7.65,3,24.8533611440869,24.8648432611877
7.652,3,24.8646687263706,24.9130309444673
7.654,3,24.8753260739053,24.9779717533204
7.656,3,24.8853705779936,25.0454360847166
7.658,3,24.8948374797766,25.0318886016717
7.66,3,24.903759993878,25.0521808610401
7.662,3,24.9121694249373,25.0128151046184
7.664,3,24.9200952774424,25.0212232975035
7.666,3,24.9275653592456,24.9785762345756
7.668,3,24.934605879128,24.9886140451223
7.67,3,24.9412415387526,24.9500543138034
7.672,3,24.9474956193303,24.9650865285953
7.674,3,24.9533900633021,24.9315119332059
7.676,3,24.9589455513239,24.9510323287796
7.678,3,24.9641815748245,24.996936885021
7.68,3,24.9691165043918,25.0523791247512
7.682,3,24.9737676542255,25.031736099242
7.684,3,24.9781513428842,25.0482600002954
7.686,3,24.9822829505389,25.007271893369
7.688,3,24.9861769729346,25.0153621267908
7.69,3,24.9898470722483,24.9731239992617
7.692,3,24.993306125023,24.9839179720497
7.694,3,24.9965662673449,24.946224917355
7.696,3,24.9996389374228,24.9620971985209
7.698,3,25.0025349157194,25.0049644871197
7.7,3,25.005264362774,25.0579949347245
7.702,3,25.0078368548514,25.1112105785126
7.704,3,25.0102614175397,25.0835738794422
7.706,3,25.0125465574166,25.0912525044115
7.708,3,25.0147002918953,25.0413048233504
7.71,3,25.0167301773527,25.0412588123699
7.712,3,25.0186433356418,25.0678253803752
7.714,3,25.0204464790781,25.0302610919173
7.716,3,25.0221459339903,25.0379079944636
7.718,3,25.0237476629155,25.0689072084876
7.72,3,25.0252572855195,25.0335996762497
7.722,3,25.0266800983131,25.0421203972839
7.724,3,25.0280210932347,24.9974708743395
7.726,3,25.0292849751649,25.004576128252
7.728,3,25.0304761784332,25.0385762534857
7.73,3,25.031598882376,25.0835612981587
7.732,3,25.0326570260002,25.0542648411401
7.734,3,25.0336543218024,25.0639511537597
7.736,3,25.0345942687948,25.0934674435406
7.738,3,25.0354801647813,25.1306441218434
7.74,3,25.0363151179278,25.1682361999782
7.742,3,25.0371020576675,25.2023395837961
7.744,3,25.0378437449781,25.1555179763812
7.746,3,25.0385427820697,25.1458664307704
7.748,3,25.0392016215136,25.232685797309
7.75,3,25.0398225748481,25.2866767120898
7.752,3,25.0404078206878,25.2421355815324
7.754,3,25.0409594123676,25.2251511925718
7.756,3,25.0414792851469,25.3002355260139
7.758,3,25.0419692629993,25.341302320236
7.76,3,25.042431065012,25.2844785961189
7.762,3,25.0428663114173,25.2567659251979
7.764,3,25.0432765292771,25.0959128361415
7.766,3,25.0436631578408,25.10704034568
7.768,3,25.0440275535947,25.1330723623746
7.77,3,25.0443709950211,25.0887834271441
7.772,3,25.0446946870843,25.0870687620726
7.774,3,25.0449997654578,25.1082243272754
7.776,3,25.0452873005091,25.139486542877
7.778,3,25.0455583010549,25.0973533444505
7.78,3,25.0458137179005,25.0959423214988
7.782,3,25.0460544471759,25.1163840063121
7.784,3,25.0462813334798,25.1464602461623
7.786,3,25.0464951728426,25.178705315107
7.788,3,25.0466967155199,25.1332254456187
7.79,3,25.046886668624,25.1264895118349
7.792,3,25.0470656986053,25.1410770174759
7.794,3,25.0472344335907,25.1655946516424
7.796,3,25.0473934655866,25.1929873298472
7.798,3,25.0475433525569,25.1435105418118
7.8,3,25.04768462038,25.1336283153156
7.802,3,25.0478177646939,25.1458336165504
7.804,3,25.0479432526356,25.0929126618268
7.806,3,25.0480615244795,25.086187783983
7.808,3,25.0481729951822,25.1047588058605
7.81,3,25.0482780558388,25.1349849520074
7.812,3,25.0483770750545,25.0927436008539
7.814,3,25.0484704002382,25.091729873312
7.816,3,25.0485583588214,25.1127991517308
7.818,3,25.0486412594067,25.1435638413352
7.82,3,25.0487193928509,25.1764618618355
7.822,3,25.048793033285,25.2072504898717
7.824,3,25.0488624390765,25.2338756543011
7.826,3,25.0489278537357,25.2556530225384
7.828,3,25.0489895067699,25.1969972426694
7.83,3,25.0490476144887,25.1769417659719
7.832,3,25.0491023807631,25.1794477286806
7.834,3,25.0491539977405,25.1937363335938
7.836,3,25.0492026465191,25.2128973249115
7.838,3,25.0492484977831,25.1570662865778
7.84,3,25.0492917124016,25.1424580159243
7.842,3,25.0493324419932,25.1512718896286
7.844,3,25.0493708294577,25.1717047756179
7.846,3,25.0494070094774,25.1963163827707
7.848,3,25.0494411089899,25.1450281372479
7.85,3,25.0494732476334,25.1340302439867
7.852,3,25.0495035381662,25.1456009924828
7.854,3,25.0495320868628,25.1680635650472
7.856,3,25.0495589938863,25.1941167931712
7.858,3,25.0495843536398,25.2195132419216
7.86,3,25.0496082550981,25.1663540430581
7.862,3,25.0496307821195,25.152253757413
7.864,3,25.04965201374,25.1603716925489
7.866,3,25.0496720244507,25.1795353830256
7.868,3,25.0496908844593,25.2026973932698
7.87,3,25.0497086599361,25.2257053462814
7.872,3,25.0497254132462,25.2463603605907
7.874,3,25.0497412031688,25.2637221977439
7.876,3,25.0497560851028,25.2776145373488
7.878,3,25.0497701112613,25.2882857894032
7.88,3,25.0497833308553,25.2961863170433
7.882,3,25.0497957902655,25.3018297176506
7.884,3,25.049807533206,25.3057126156681
7.886,3,25.0498186008767,25.3082735705417
7.888,3,25.0498290321087,25.2341779791577
7.89,3,25.0498388634998,25.2022202587405
7.892,3,25.0498481295435,25.1958849463825
7.894,3,25.0498568627497,25.2038370122577
7.896,3,25.0498650937589,25.218622404584
7.898,3,25.0498728514496,25.1598932131694
7.9,3,25.0498801630396,25.2191595313531
7.902,3,25.0498870541817,25.2597938916193
7.904,3,25.0498935490534,25.2864830668012
7.906,3,25.0498996704419,25.3031024226718
7.908,3,25.0499054398242,25.3127121918898
7.91,3,25.0499108774421,25.2419370199681
7.912,3,25.0499160023736,25.2109839916752
7.914,3,25.0499208325994,25.1286205271203
7.916,3,25.0499253850663,25.1783713198971
7.918,3,25.0499296757468,25.2179575480036
7.92,3,25.0499337196947,25.2482169309113
7.922,3,25.0499375310981,25.1948177535367
7.924,3,25.0499411233294,25.1777802534799
7.926,3,25.0499445089918,25.181812674201
7.928,3,25.0499476999641,25.1966817900566
7.93,3,25.0499507074418,25.1401626926688
7.932,3,25.0499535419764,25.1268558603315
7.934,3,25.0499562135132,25.1379035441709
7.936,3,25.049958731425,25.1608469214585
7.938,3,25.0499611045461,25.1878687733376
7.94,3,25.0499633412024,25.1386994385106
7.942,3,25.0499654492414,25.1294559858079
7.944,3,25.049967436059,25.142413679629
7.946,3,25.049969308626,25.1659303596012
7.948,3,25.0499710735124,25.1927561866068
7.95,3,25.0499727369102,25.2186988788026
7.952,3,25.0499743046555,25.2416102341553
7.954,3,25.0499757822486,25.2606439921744
7.956,3,25.0499771748737,25.275731622357
7.958,3,25.0499784874169,25.2872260508039
7.96,3,25.0499797244832,25.2199711781377
7.962,3,25.0499808904129,25.1930631480723
7.964,3,25.0499819892966,25.1903241485047
7.966,3,25.0499830249897,25.2007426307961
7.968,3,25.049984001126,25.2171485426659
7.97,3,25.0499849211303,25.1594288917909
7.972,3,25.0499857882303,25.1435804154527
7.974,3,25.0499866054683,25.1516222234766
7.976,3,25.0499873757117,25.1716088602488
7.978,3,25.0499881016627,25.1959919896067
7.98,3,25.0499887858684,25.1446139339058
7.982,3,25.0499894307294,25.1336090332475
7.984,3,25.049990038508,25.1452176171676
7.986,3,25.0499906113367,25.1677382015615
7.988,3,25.0499911512254,25.1181555565487
7.99,3,25.0499916600681,25.1107193228623
7.992,3,25.0499921396501,25.1264898773006
7.994,3,25.0499925916542,25.1530780171955
7.996,3,25.049993017666,25.1828100507521
7.998,3,25.0499934191803,25.135585086087
8,3,25.0499937976058,25.1276857640301
8.002,3,25.0499941542702,25.1415348747878
8.004,3,25.0499944904249,25.1656136011811
8.006,3,25.0499948072492,25.1927703794058
8.008,3,25.0499951058548,25.2188881371181
8.01,3,25.0499953872893,25.1661752423205
8.012,3,25.04999565254,25.1523305771093
8.014,3,25.0499959025377,25.0091793943015
8.016,3,25.0499961381595,24.9626070559708
8.018,3,25.049996360232,24.9721279676615
8.02,3,25.0499965695343,25.0106186493344
8.022,3,25.0499967668009,24.9850584880141
8.024,3,25.0499969527238,25.0035674217694
8.026,3,25.0499971279553,25.0437476512458
8.028,3,25.0499972931103,25.0915175888851
8.03,3,25.0499974487681,25.1386197261374
8.032,3,25.0499975954749,25.1050180736804
8.034,3,25.0499977337455,25.1073996724957
8.036,3,25.0499978640649,25.1287328235401
8.038,3,25.0499979868904,25.1580656221259
8.04,3,25.0499981026529,25.1887688765281
8.042,3,25.0499982117585,25.1414736633836
8.044,3,25.0499983145901,25.1329557048956
8.046,3,25.0499984115084,25.1459548305982
8.048,3,25.0499985028536,25.1691441048458
8.05,3,25.0499985889459,25.1954781721103
8.052,3,25.0499986700876,25.1451910865285
8.054,3,25.0499987465633,25.1347109386758
8.056,3,25.0499988186413,25.146490572
8.058,3,25.0499988865746,25.0932778082558
8.06,3,25.0499989506013,25.1620602142773
8.062,3,25.0499990109463,25.213404118421
8.064,3,25.0499990678211,25.1746832921285
8.066,3,25.0499991214254,25.1674596180406
8.068,3,25.0499991719473,25.1777434685778
8.07,3,25.0499992195639,25.1963475198618
8.072,3,25.0499992644423,25.2175518338496
8.074,3,25.04999930674,25.2380498503595
8.076,3,25.0499993466055,25.2561481892993
8.078,3,25.0499993841785,25.2711807632259
8.08,3,25.0499994195909,25.2830949869544
8.082,3,25.0499994529669,25.2921705904003
8.084,3,25.0499994844237,25.2988368887669
8.086,3,25.0499995140715,25.3035605858216
8.088,3,25.0499995420145,25.3067822594494
8.09,3,25.0499995683507,25.3088850736753
8.092,3,25.0499995931724,25.310183762143
8.094,3,25.0499996165667,25.3109255078107
8.096,3,25.0499996386158,25.2355981613213
8.098,3,25.0499996593969,25.2028434911836
8.1,3,25.0499996789831,25.1960217271935
8.102,3,25.0499996974429,25.2037009127773
8.104,3,25.0499997148413,25.2183542352567
8.106,3,25.0499997312391,25.2352800078908
8.108,3,25.049999746694,25.1760480477546
8.11,3,25.0499997612602,25.1577529490053
8.112,3,25.0499997749888,25.1630914220482
8.114,3,25.0499997879279,25.180504650761
8.116,3,25.049999800123,25.2026376355062
8.118,3,25.0499998116168,25.2251028003384
8.12,3,25.0499998224496,25.2455278638072
8.122,3,25.0499998326595,25.2628492531578
8.124,3,25.0499998422823,25.2768061817927
8.126,3,25.0499998513518,25.2875916548184
8.128,3,25.0499998598997,25.2199226768113
8.13,3,25.049999867956,25.2684975464652
8.132,3,25.0499998755491,25.2985616593244
8.134,3,25.0499998827056,25.2400895365998
8.136,3,25.0499998894505,25.2158789486736
8.138,3,25.0499998958076,25.1366275035829
8.14,3,25.0499999017991,25.1872473973849
8.142,3,25.0499999074461,25.2264210045638
8.144,3,25.0499999127683,25.2556250644472
8.146,3,25.0499999177845,25.2009320254781
8.148,3,25.0499999225123,25.1069022541708
8.15,3,25.0499999269682,25.076877052863
8.152,3,25.0499999311678,25.159641974035
8.154,3,25.049999935126,25.2186801569676
8.156,3,25.0499999388565,25.2592401857364
8.158,3,25.0499999423725,25.2859443752476
8.16,3,25.0499999456863,25.2269259859485
8.162,3,25.0499999488096,25.128024396266
8.164,3,25.0499999517533,25.0933168239032
8.166,3,25.0499999545277,25.0962636029291
8.168,3,25.0499999571425,25.1189971993676
8.17,3,25.049999959607,25.1500375961465
8.172,3,25.0499999619298,25.1824436923047
8.174,3,25.049999964119,25.212379638671
8.176,3,25.0499999661823,25.1623450008752
8.178,3,25.049999968127,25.1503064370611
8.18,3,25.0499999699598,25.1597158944033
8.182,3,25.0499999716872,25.1039340436232
8.184,3,25.0499999733153,25.094595942423
8.186,3,25.0499999748498,25.110943717155
8.188,3,25.0499999762961,25.1393739808229
8.19,3,25.0499999776591,25.1714407862063
8.192,3,25.0499999789438,25.1265828451814
8.194,3,25.0499999801547,25.1208341278647
8.196,3,25.0499999812959,25.1365061905976
8.198,3,25.0499999823714,25.2377521609713
8.2,3,25.0499999833851,25.2232365283142
8.202,3,25.0499999843406,25.2241272778519
8.204,3,25.0499999852411,25.2331449412224
8.206,3,25.0499999860898,25.2456059434669
8.208,3,25.0499999868897,25.2586731146247
8.21,3,25.0499999876436,25.2707738226252
8.212,3,25.0499999883541,25.205465993732
8.214,3,25.0499999890238,25.1810277499616
8.216,3,25.049999989655,25.1807935097611
8.218,3,25.0499999902499,25.1934881895484
8.22,3,25.0499999908105,25.2118237758952
8.222,3,25.049999991339,25.2313574966174
8.224,3,25.049999991837,25.2496021728507
8.226,3,25.0499999923064,25.2653588411203
8.228,3,25.0499999927488,25.2782337594151
8.23,3,25.0499999931658,25.2883013981291
8.232,3,25.0499999935588,25.2201796152868
8.234,3,25.0499999939292,25.2684876863501
8.236,3,25.0499999942783,25.2984105128563
8.238,3,25.0499999946073,25.3155768901599
8.24,3,25.0499999949174,25.3242471557374
8.242,3,25.0499999952097,25.3275314940518
8.244,3,25.0499999954852,25.327619854304
8.246,3,25.0499999957448,25.2502964506349
8.248,3,25.0499999959895,25.2150268011043
8.25,3,25.0499999962201,25.2056615820533
8.252,3,25.0499999964375,25.2110331580362
8.254,3,25.0499999966423,25.2994312955383
8.256,3,25.0499999968354,25.4233754268301
8.258,3,25.0499999970174,25.4026423841573
8.26,3,25.0499999971889,25.3825113041961
8.262,3,25.0499999973505,25.2889891366683
8.264,3,25.0499999975029,25.1655644218045
8.266,3,25.0499999976465,25.0383769197134
8.268,3,25.0499999977818,24.9974348852093
8.27,3,25.0499999979094,25.0065205586685
8.272,3,25.0499999980296,25.0413847545641
8.274,3,25.0499999981429,25.0865533418612
8.276,3,25.0499999982497,25.057059448612
8.278,3,25.0499999983504,25.066364669682
8.28,3,25.0499999984452,25.0954395534056
8.282,3,25.0499999985346,25.1321862304223
8.284,3,25.0499999986189,25.1693968278276
8.286,3,25.0499999986983,25.2031822531703
8.288,3,25.0499999987732,25.2318068568611
8.29,3,25.0499999988437,25.2548545269632
8.292,3,25.0499999989102,25.1969548923012
8.294,3,25.0499999989729,25.1773067791242
8.296,3,25.0499999990319,25.1799939265233
8.298,3,25.0499999990876,25.1943252332442
8.3,3,25.0499999991401,25.2134508714998
8.302,3,25.0499999991895,25.2332452674004
8.304,3,25.0499999992361,25.1757437048954
8.306,3,25.04999999928,25.1584013078071
8.308,3,25.0499999993214,25.1641837798502
8.31,3,25.0499999993605,25.181725941595
8.312,3,25.0499999993972,25.2038071380665
8.314,3,25.0499999994319,25.2261292636301
8.316,3,25.0499999994646,25.246376749355
8.318,3,25.0499999994954,25.2635196709437
8.32,3,25.0499999995244,25.2773152713131
8.322,3,25.0499999995517,25.2879644774748
8.324,3,25.0499999995775,25.2958849622549
8.326,3,25.0499999996018,25.3015687467215
8.328,3,25.0499999996247,25.3054989345893
8.33,3,25.0499999996463,25.2324072766547
8.332,3,25.0499999996666,25.2011596242882
8.334,3,25.0499999996858,25.2710065249666
8.336,3,25.0499999997039,25.2364665400807
8.338,3,25.0499999997209,25.2253743676311
8.34,3,25.0499999997369,25.2278795419335
8.342,3,25.0499999997521,25.2373876980887
8.344,3,25.0499999997663,25.2496914923621
8.346,3,25.0499999997798,25.2622716112435
8.348,3,25.0499999997924,25.2737574610278
8.35,3,25.0499999998044,25.2835262283438
8.352,3,25.0499999998156,25.2914152925164
8.354,3,25.0499999998262,25.2975234619421
8.356,3,25.0499999998362,25.2263802717732
8.358,3,25.0499999998456,25.1967664022086
8.36,3,25.0499999998545,25.1922191271426
8.362,3,25.0499999998629,25.2771853107831
8.364,3,25.0499999998708,25.3257961651448
8.366,3,25.0499999998782,25.3502243183962
8.368,3,25.0499999998852,25.3593470668234
8.37,3,25.0499999998918,25.3594084508621
8.372,3,25.049999999898,25.3546321721748
8.374,3,25.0499999999039,25.3477478062223
8.376,3,25.0499999999094,25.3404188480798
8.378,3,25.0499999999146,25.3335761683929
8.38,3,25.0499999999195,25.4033670400253
8.382,3,25.0499999999242,25.431432638384
8.384,3,25.0499999999285,25.3587810490121
8.386,3,25.0499999999326,25.3152954539268
8.388,3,25.0499999999365,25.2916532963807
8.39,3,25.0499999999402,25.3566241506898
8.392,3,25.0499999999436,25.3867330089286
8.394,3,25.0499999999468,25.3195825814587
8.396,3,25.0499999999499,25.282898991104
8.398,3,25.0499999999528,25.1903822112347
8.4,3,25.0499999999555,25.2286235272926
8.402,3,25.0499999999581,25.2571131005377
8.404,3,25.0499999999605,25.2775911450018
8.406,3,25.0499999999627,25.2917762653034
8.408,3,25.0499999999649,25.3012059242423
8.41,3,25.0499999999669,25.2314703389309
8.412,3,25.0499999999688,25.2021046479682
8.414,3,25.0499999999706,25.1971628403189
8.416,3,25.0499999999723,25.2814307305575
8.418,3,25.0499999999739,25.3292502421997
8.42,3,25.0499999999754,25.277216622684
8.422,3,25.0499999999768,25.2527748084519
8.424,3,25.0499999999781,25.2454575136052
8.426,3,25.0499999999794,25.2479933609433
8.428,3,25.0499999999806,25.2555327178824
8.43,3,25.0499999999817,25.264995888301
8.432,3,25.0499999999827,25.1988519589251
8.434,3,25.0499999999837,25.1746206776167
8.436,3,25.0499999999847,25.1751291444333
8.438,3,25.0499999999856,25.1887788930084
8.44,3,25.0499999999864,25.208088519917
8.442,3,25.0499999999872,25.2285102631786
8.444,3,25.0499999999879,25.2475094520242
8.446,3,25.0499999999886,25.2638749767525
8.448,3,25.0499999999893,25.2772209945565
8.45,3,25.0499999999899,25.2876397838266
8.452,3,25.0499999999905,25.2954694541404
8.454,3,25.049999999991,25.3011458244901
8.456,3,25.0499999999915,25.2294148821559
8.458,3,25.049999999992,25.1991881135918
8.46,3,25.0499999999925,25.1940750217056
8.462,3,25.0499999999929,25.2028574193897
8.464,3,25.0499999999933,25.2181822343547
8.466,3,25.0499999999937,25.1597841112036
8.468,3,25.0499999999941,25.1435388083422
8.47,3,25.0499999999944,25.1513731312044
8.472,3,25.0499999999947,25.1712737193668
8.474,3,25.049999999995,25.119945126203
8.476,3,25.0499999999953,25.1114013131636
8.478,3,25.0499999999956,25.1265139861721
8.48,3,25.0499999999958,25.1527489580765
8.482,3,25.0499999999961,25.1823251559859
8.484,3,25.0499999999963,25.2107638731657
8.486,3,25.0499999999965,25.1600903684075
8.488,3,25.0499999999967,25.1479336780506
8.49,3,25.0499999999969,25.2332132488178
8.492,3,25.0499999999971,25.2863310726936
8.494,3,25.0499999999972,25.241358515129
8.496,3,25.0499999999974,25.224220778627
8.498,3,25.0499999999976,25.2236162562231
8.5,3,25.0499999999977,25.2318870624017
8.502,3,25.0499999999978,25.24407398106
8.504,3,25.049999999998,25.3328451245882
8.506,3,25.0499999999981,25.3779914157677
8.508,3,25.0499999999982,25.3197218490509
8.51,3,25.0499999999983,25.2120609539946
8.512,3,25.0499999999984,25.1643887621636
8.514,3,25.0499999999985,25.1534081655114
8.516,3,25.0499999999986,25.1630756125259
8.518,3,25.0499999999986,25.1827986510445
8.52,3,25.0499999999987,25.1302379215829
8.522,3,25.0499999999988,25.1200212637432
8.524,3,25.0499999999989,25.1333912052142
8.526,3,25.0499999999989,25.1580181820261
8.528,3,25.049999999999,25.1862169303323
8.53,3,25.049999999999,25.2135370757499
8.532,3,25.0499999999991,25.2376923516037
8.534,3,25.0499999999992,25.3334749768703
8.536,3,25.0499999999992,25.3065987741795
8.538,3,25.0499999999992,25.2926712281148
8.54,3,25.0499999999993,25.2870226207447
8.542,3,25.0499999999993,25.2863459162315
8.544,3,25.0499999999994,25.2883870649489
8.546,3,25.0499999999994,25.2916759451615
8.548,3,25.0499999999994,25.2953055280275
8.55,3,25.0499999999995,25.2987585512695
8.552,3,25.0499999999995,25.3017766315321
8.554,3,25.0499999999995,25.3042649235418
8.556,3,25.0499999999996,25.230526225239
8.558,3,25.0499999999996,25.1991192172211
8.56,3,25.0499999999996,25.2690825280791
8.562,3,25.0499999999996,25.234794505073
8.564,3,25.0499999999997,25.224001704298
8.566,3,25.0499999999997,25.2268019828223
8.568,3,25.0499999999997,25.3122727598106
8.57,3,25.0499999999997,25.2819907579816
8.572,3,25.0499999999997,25.2686759217664
8.574,3,25.0499999999997,25.2657222588381
8.576,3,25.0499999999998,25.2685847853994
8.578,3,25.0499999999998,25.2742660386256
8.58,3,25.0499999999998,25.2808895460921
8.582,3,25.0499999999998,25.2873617583608
8.584,3,25.0499999999998,25.2931145168659
8.586,3,25.0499999999998,25.2979158813789
8.588,3,25.0499999999998,25.3017360780208
8.59,3,25.0499999999998,25.3046560684684
8.592,3,25.0499999999998,25.2311089513591
8.594,3,25.0499999999999,25.1997465834653
8.596,3,25.0499999999999,25.1939728606127
8.598,3,25.0499999999999,25.2024130865739
8.6,3,25.0499999999999,25.2175993062623
8.602,3,25.0499999999999,25.2348837331849
8.604,3,25.0499999999999,25.251581039297
8.606,3,25.0499999999999,25.2663173290351
8.608,3,25.0499999999999,25.2785535729744
8.61,3,25.0499999999999,25.21255018253
8.612,3,25.0499999999999,25.2627407950929
8.614,3,25.0499999999999,25.2942346057917
8.616,3,25.0499999999999,25.2369518744119
8.618,3,25.0499999999999,25.2136851559367
8.62,3,25.0499999999999,25.2865513448955
8.622,3,25.0499999999999,25.3277859782449
8.624,3,25.0499999999999,25.3480846746829
8.626,3,25.0499999999999,25.355216732429
8.628,3,25.0499999999999,25.3546243092163
8.63,3,25.0499999999999,25.3499715902331
8.632,3,25.0499999999999,25.3436130884727
8.634,3,25.05,25.2612736886514
8.636,3,25.05,25.2222460530245
8.638,3,25.05,25.2858634466597
8.64,3,25.05,25.3222344285496
8.642,3,25.05,25.3404876964678
8.644,3,25.05,25.3472789042655
8.646,3,25.05,25.2715892512288
8.648,3,25.05,25.2350892176532
8.65,3,25.05,25.2230878651583
8.652,3,25.05,25.3010328425703
8.654,3,25.05,25.3435462669613
8.656,3,25.05,25.2872724309348
8.658,3,25.05,25.25957722505
8.66,3,25.05,25.1741549020172
8.662,3,25.05,25.2177806201344
8.664,3,25.05,25.2502113590319
8.666,3,25.05,25.1977731268433
8.668,3,25.05,25.1809563281061
8.67,3,25.05,25.1847929628369
8.672,3,25.05,25.1992635410703
8.674,3,25.05,25.2179760487547
8.676,3,25.05,25.2371035424714
8.678,3,25.05,25.254564502666
8.68,3,25.05,25.2694135238812
8.682,3,25.05,25.2057053774404
8.684,3,25.05,25.1820964731119
8.686,3,25.05,25.1821989657227
8.688,3,25.05,25.270633399332
8.69,3,25.05,25.2460412871266
8.692,3,25.05,25.2393084239098
8.694,3,25.05,25.2427627864943
8.696,3,25.05,25.3270070590483
8.698,3,25.05,25.3703157741977
8.7,3,25.05,25.3118239501882
8.702,3,25.05,25.2805229545118
8.704,3,25.05,25.3425085653051
8.706,3,25.05,25.3724188161772
8.708,3,25.05,25.3065752435966
8.71,3,25.05,25.2718722532997
8.712,3,25.05,25.2571987610082
8.714,3,25.05,25.2546534002977
8.716,3,25.05,25.2588260899752
8.718,3,25.05,25.2661690790795
8.72,3,25.05,25.19877885988
8.722,3,25.05,25.1738902597509
8.724,3,25.05,25.1741203273697
8.726,3,25.05,25.187721197138
8.728,3,25.05,25.2071091518072
8.73,3,25.05,25.2276693199223
8.732,3,25.05,25.2468253159693
8.734,3,25.05,25.2633419732882
8.736,3,25.05,25.2768211817386
8.738,3,25.05,25.2873504494521
8.74,3,25.05,25.2952675840651
8.742,3,25.05,25.3010105149761
8.744,3,25.05,25.2293284178702
8.746,3,25.05,25.1991362277223
8.748,3,25.05,25.1940466943015
8.75,3,25.05,25.2028444493827
8.752,3,25.05,25.2938776508204
8.754,3,25.05,25.3440760279704
8.756,3,25.05,25.3675465130963
8.758,3,25.05,25.3744489918182
8.76,3,25.05,25.2961370893237
8.762,3,25.05,25.1801171555908
8.764,3,25.05,25.0554416549002
8.766,3,25.05,25.0141548212163
8.768,3,25.05,25.0214064529835
8.77,3,25.05,25.0538235417902
8.772,3,25.05,25.0207607318989
8.774,3,25.05,25.0317455129303
8.776,3,25.05,25.0651327275745
8.778,3,25.05,25.1071699436454
8.78,3,25.05,25.1496705145679
8.782,3,25.05,25.1882235124197
8.784,3,25.05,25.2208665989629
8.786,3,25.05,25.2471367219356
8.788,3,25.05,25.2674159638277
8.79,3,25.05,25.2068004131885
8.792,3,25.05,25.1847324342115
8.794,3,25.05,25.1853964037191
8.796,3,25.05,25.1981157299119
8.798,3,25.05,25.2160077380258
8.8,3,25.05,25.2348919981687
8.802,3,25.05,25.1767426169409
8.804,3,25.05,25.1589562081742
8.806,3,25.05,25.2401460802373
8.808,3,25.05,25.2147000777468
8.81,3,25.05,25.2106051656129
8.812,3,25.05,25.2182990064671
8.814,3,25.05,25.231519369176
8.816,3,25.05,25.2463817276027
8.818,3,25.05,25.1849538398671
8.82,3,25.05,25.1646088855035
8.822,3,25.05,25.168177702523
8.824,3,25.05,25.1841453383069
8.826,3,25.05,25.2051481979045
8.828,3,25.05,25.2267629868457
8.83,3,25.05,25.2465707680838
8.832,3,25.05,25.263460086241
8.834,3,25.05,25.2771263436594
8.836,3,25.05,25.2877252293604
8.838,3,25.05,25.2956424956418
8.84,3,25.05,25.3013484944703
8.842,3,25.05,25.3053122652698
8.844,3,25.05,25.3079558552686
8.846,3,25.05,25.3096346006251
8.848,3,25.05,25.3106331962548
8.85,3,25.05,25.3111705722416
8.852,3,25.05,25.3114089847107
8.854,3,25.05,25.3114644566645
8.856,3,25.05,25.3114169081598
8.858,3,25.05,25.3113191210307
8.86,3,25.05,25.311204197399
8.862,3,25.05,25.3110914789323
8.864,3,25.05,25.3866899788233
8.866,3,25.05,25.4194982189323
8.868,3,25.05,25.4262522482267
8.87,3,25.05,25.418447332309
8.872,3,25.05,25.4036497647642
8.874,3,25.05,25.3865841112545
8.876,3,25.05,25.3699934055548
8.878,3,25.05,25.4309923011717
8.88,3,25.05,25.4516434315802
8.882,3,25.05,25.4487425707917
8.884,3,25.05,25.3578709535083
8.886,3,25.05,25.3047600917113
8.888,3,25.05,25.2770254503738
8.89,3,25.05,25.3412578645263
8.892,3,25.05,25.3724895712132
8.894,3,25.05,25.3830425456847
8.896,3,25.05,25.3058289719449
8.898,3,25.05,25.2651370445942
8.9,3,25.05,25.3236338511023
8.902,3,25.05,25.3535466984754
8.904,3,25.05,25.3652660314091
8.906,3,25.05,25.2904288425617
8.908,3,25.05,25.2525239577408
8.91,3,25.05,25.2380527855288
8.912,3,25.05,25.2375049358182
8.914,3,25.05,25.2444352026755
8.916,3,25.05,25.2546688814063
8.918,3,25.05,25.2656539466837
8.92,3,25.05,25.2759554758187
8.922,3,25.05,25.2091768992311
8.924,3,25.05,25.1835881873218
8.926,3,25.05,25.1824878016955
8.928,3,25.05,25.1945534247178
8.93,3,25.05,25.2124484576081
8.932,3,25.05,25.231685617487
8.934,3,25.05,25.2497397804692
8.936,3,25.05,25.2653812839611
8.938,3,25.05,25.2781925802984
8.94,3,25.05,25.2882303594045
8.942,3,25.05,25.2957985840568
8.944,3,25.05,25.3013030653109
8.946,3,25.05,25.3051638687302
8.948,3,25.05,25.3077672017091
8.95,3,25.05,25.3094431010051
8.952,3,25.05,25.3104590793437
8.954,3,25.05,25.3110229086039
8.956,3,25.05,25.311290000023
8.958,3,25.05,25.2356735895032
8.96,3,25.05,25.2784562609306
8.962,3,25.05,25.3044490337219
8.964,3,25.05,25.3189238914533
8.966,3,25.05,25.3258286777982
8.968,3,25.05,25.2523166384024
8.97,3,25.05,25.2188798594601
8.972,3,25.05,25.2101116625569
8.974,3,25.05,25.2153623710001
8.976,3,25.05,25.2275698669275
8.978,3,25.05,25.2422819555469
8.98,3,25.05,25.2568774915028
8.982,3,25.05,25.2699703588273
8.984,3,25.05,25.2809697749535
8.986,3,25.05,25.2897673444344
8.988,3,25.05,25.2965225833565
8.99,3,25.05,25.3015221171377
8.992,3,25.05,25.3050920582862
8.994,3,25.05,25.3075473881846
8.996,3,25.05,25.309166065577
8.998,3,25.05,25.3101788749615
9,3,25.05,25.3864675872461
9.002,3,25.05,25.4196658042373
9.004,3,25.05,25.4266112328511
9.006,3,25.05,25.4188729424809
9.008,3,25.05,25.3283699765861
9.01,3,25.05,25.2026683952022
9.012,3,25.05,25.1463037488413
9.014,3,25.05,25.132473173288
9.016,3,25.05,25.1426871857721
9.018,3,25.05,25.164713915183
9.02,3,25.05,25.1908653448458
9.022,3,25.05,25.2166350606631
9.024,3,25.05,25.2396578740771
9.026,3,25.05,25.183244835118
9.028,3,25.05,25.2414414347773
9.03,3,25.05,25.2793062753862
9.032,3,25.05,25.3025929216594
9.034,3,25.05,25.2401091206263
9.036,3,25.05,25.2137575353851
9.038,3,25.05,25.2092727832485
9.04,3,25.05,25.2168902586306
9.042,3,25.05,25.2302089403937
9.044,3,25.05,25.2452530575974
9.046,3,25.05,25.2597323982849
9.048,3,25.05,25.2724815411987
9.05,3,25.05,25.2073509188073
9.052,3,25.05,25.1828211285557
9.054,3,25.05,25.1823610755409
9.056,3,25.05,25.1947806372792
9.058,3,25.05,25.2128419686278
9.06,3,25.05,25.2321289624216
9.062,3,25.05,25.250165940922
9.064,3,25.05,25.1900573034601
9.066,3,25.05,25.1699120940321
9.068,3,25.05,25.1730640112194
9.07,3,25.05,25.1883270927702
9.072,3,25.05,25.208541554829
9.074,3,25.05,25.2294010519139
9.076,3,25.05,25.2485457378739
9.078,3,25.05,25.2648865657124
9.08,3,25.05,25.2781195750753
9.082,3,25.05,25.2883894208434
9.084,3,25.05,25.296065686879
9.086,3,25.05,25.3016014148179
9.088,3,25.05,25.3054494333468
9.09,3,25.05,25.3080177652045
9.092,3,25.05,25.3096502719483
9.094,3,25.05,25.2349237483427
9.096,3,25.05,25.2025560044877
9.098,3,25.05,25.195968927015
9.1,3,25.05,25.2037784608164
9.102,3,25.05,25.2184936325016
9.104,3,25.05,25.2354386257552
9.106,3,25.05,25.2519001769539
9.108,3,25.05,25.2664792623399
9.11,3,25.05,25.2786157012691
9.112,3,25.05,25.288251879719
9.114,3,25.05,25.2956038431702
9.116,3,25.05,25.2253133144043
9.118,3,25.05,25.2719583140339
9.12,3,25.05,25.2249529203757
9.122,3,25.05,25.2083504239306
9.124,3,25.05,25.2095976377637
9.126,3,25.05,25.295938306909
9.128,3,25.05,25.343431203285
9.13,3,25.05,25.3655227423668
9.132,3,25.05,25.2961907746311
9.134,3,25.05,25.2606526453702
9.136,3,25.05,25.2466411800785
9.138,3,25.05,25.3211897275136
9.14,3,25.05,25.2842038211486
9.142,3,25.05,25.2670959796635
9.144,3,25.05,25.2622757848344
9.146,3,25.05,25.1887842947764
9.148,3,25.05,25.2373277815929
9.15,3,25.05,25.3461504109917
9.152,3,25.05,25.4006751631145
9.154,3,25.05,25.3451674834882
9.156,3,25.05,25.3121667867177
9.158,3,25.05,25.2187251445582
9.16,3,25.05,25.2536759799863
9.162,3,25.05,25.2779384601658
9.164,3,25.05,25.2941071984046
9.166,3,25.05,25.3043644871309
9.168,3,25.05,25.3104573817888
9.17,3,25.05,25.3137284379245
9.172,3,25.05,25.3151720230297
9.174,3,25.05,25.2397997896493
9.176,3,25.05,25.282305418983
9.178,3,25.05,25.2320716559863
9.18,3,25.05,25.2130451717288
9.182,3,25.05,25.2125365395206
9.184,3,25.05,25.2219519994572
9.186,3,25.05,25.2357298096301
9.188,3,25.05,25.2504738504486
9.19,3,25.05,25.2642779159965
9.192,3,25.05,25.2762183712647
9.194,3,25.05,25.2859866563779
9.196,3,25.05,25.293632628922
9.198,3,25.05,25.2993923372827
9.2,3,25.05,25.3035778114838
9.202,3,25.05,25.3065107995405
9.204,3,25.05,25.3084864759348
9.206,3,25.05,25.3097567133399
9.208,3,25.05,25.2348265189852
9.21,3,25.05,25.202359772132
9.212,3,25.05,25.1957392726904
9.214,3,25.05,25.2035536515589
9.216,3,25.05,25.218293594464
9.218,3,25.05,25.2352715389263
9.22,3,25.05,25.2517671508278
9.222,3,25.05,25.1906786091751
9.224,3,25.05,25.1699495852381
9.226,3,25.05,25.172786506827
9.228,3,25.05,25.1879090183602
9.23,3,25.05,25.2080897894592
9.232,3,25.05,25.2289759096632
9.234,3,25.05,25.2481767511782
9.236,3,25.05,25.264583939212
9.238,3,25.05,25.277882200491
9.24,3,25.05,25.2125113494479
9.242,3,25.05,25.2630430706156
9.244,3,25.05,25.2189900125428
9.246,3,25.05,25.2045502444983
9.248,3,25.05,25.207325708048
9.25,3,25.05,25.2947054847318
9.252,3,25.05,25.3428741176519
9.254,3,25.05,25.3653809479365
9.256,3,25.05,25.2962844119088
9.258,3,25.05,25.1851636577348
9.26,3,25.05,25.0626023756744
9.262,3,25.05,25.0974350460306
9.264,3,25.05,25.1370548815815
9.266,3,25.05,25.0996180397425
9.268,3,25.05,25.1004876416444
9.27,3,25.05,25.1216967718742
9.272,3,25.05,25.1516578718649
9.274,3,25.05,25.1076296443864
9.276,3,25.05,25.1041939440437
9.278,3,25.05,25.1227416494067
9.28,3,25.05,25.1511805274518
9.282,3,25.05,25.1063877489793
9.284,3,25.05,25.1026669530495
9.286,3,25.05,25.1212133507451
9.288,3,25.05,25.1498023685615
9.29,3,25.05,25.1809245825283
9.292,3,25.05,25.2103258810101
9.294,3,25.05,25.2359077793875
9.296,3,25.05,25.2569283056875
9.298,3,25.05,25.1977431052069
9.3,3,25.05,25.1773317227985
9.302,3,25.05,25.1796094260528
9.304,3,25.05,25.1937603619959
9.306,3,25.05,25.2128455754207
9.308,3,25.05,25.2326781567514
9.31,3,25.05,25.2509518443299
9.312,3,25.05,25.2665907744841
9.314,3,25.05,25.2792813267641
9.316,3,25.05,25.2891472690386
9.318,3,25.05,25.2965333733293
9.32,3,25.05,25.3018682255061
9.322,3,25.05,25.3055828020369
9.324,3,25.05,25.3837657360856
9.326,3,25.05,25.4182406318845
9.328,3,25.05,25.4260074564701
9.33,3,25.05,25.4187667324657
9.332,3,25.05,25.4042384738021
9.334,3,25.05,25.3872583150569
9.336,3,25.05,25.3706466547177
9.338,3,25.05,25.3558709863404
9.34,3,25.05,25.3435325860897
9.342,3,25.05,25.333711511327
9.344,3,25.05,25.3262019993195
9.346,3,25.05,25.3206661933512
9.348,3,25.05,25.3167291480796
9.35,3,25.05,25.314033147779
9.352,3,25.05,25.3122649688456
9.354,3,25.05,25.3111660252212
9.356,3,25.05,25.3105323855204
9.358,3,25.05,25.385908305638
9.36,3,25.05,25.3429760945019
9.362,3,25.05,25.3168970367402
9.364,3,25.05,25.3023781380431
9.366,3,25.05,25.3711550999776
9.368,3,25.05,25.4018592632414
9.37,3,25.05,25.4092322742016
9.372,3,25.05,25.4034372092112
9.374,3,25.05,25.4668916704533
9.376,3,25.05,25.4853090057221
9.378,3,25.05,25.4778944054559
9.38,3,25.05,25.3817388492484
9.382,3,25.05,25.3234548748376
9.384,3,25.05,25.2911167802623
9.386,3,25.05,25.2758049138401
9.388,3,25.05,25.3467817300616
9.39,3,25.05,25.3053655137492
9.392,3,25.05,25.208107896484
9.394,3,25.05,25.1663729809502
9.396,3,25.05,25.1583623610855
9.398,3,25.05,25.2448233857135
9.4,3,25.05,25.2974252972718
9.402,3,25.05,25.3267816120264
9.404,3,25.05,25.2651468870291
9.406,3,25.05,25.2367769085883
9.408,3,25.05,25.2289440092222
9.41,3,25.05,25.2328347489566
9.412,3,25.05,25.2425926422473
9.414,3,25.05,25.1788169736258
9.416,3,25.05,25.1578258449247
9.418,3,25.05,25.1617195750062
9.42,3,25.05,25.1784978491164
9.422,3,25.05,25.2004903335039
9.424,3,25.05,25.2987914301189
9.426,3,25.05,25.2766812287969
9.428,3,25.05,25.268247702678
9.43,3,25.05,25.2679390635433
9.432,3,25.05,25.2719931517109
9.434,3,25.05,25.2779733644743
9.436,3,25.05,25.284390381571
9.438,3,25.05,25.290406972628
9.44,3,25.05,25.2956162390342
9.442,3,25.05,25.2998808983882
9.444,3,25.05,25.3032209794074
9.446,3,25.05,25.3057384138156
9.448,3,25.05,25.3075687445282
9.45,3,25.05,25.308852058714
9.452,3,25.05,25.3097170405312
9.454,3,25.05,25.3102735933273
9.456,3,25.05,25.3106107593207
9.458,3,25.05,25.3107976692672
9.46,3,25.05,25.235187096333
9.462,3,25.05,25.2023219776903
9.464,3,25.05,25.1954927928412
9.466,3,25.05,25.203220225282
9.468,3,25.05,25.2179467153915
9.47,3,25.05,25.2349517222896
9.472,3,25.05,25.2514933287716
9.474,3,25.05,25.2661552546904
9.476,3,25.05,25.2783678432412
9.478,3,25.05,25.2880690879893
9.48,3,25.05,25.2954737862203
9.482,3,25.05,25.3009231299156
9.484,3,25.05,25.3047920315932
9.486,3,25.05,25.3831352991703
9.488,3,25.05,25.3420589902607
9.49,3,25.05,25.3170600315096
9.492,3,25.05,25.3031009647829
9.494,3,25.05,-4935.70786267142
9.496,3,25.05,-7091.33247039791
9.498,3,25.05,-7538.19577789102
9.5,3,25.05,-7029.97931239028
9.502,3,25.05,-6062.66432094984
9.504,3,25.05,-4946.02385836171
9.506,3,25.05,-3860.04535107843
9.508,3,25.05,-2897.59786810447
9.51,3,25.05,-2095.93234454895
9.512,3,25.05,-1459.11848349269
9.514,3,25.05,-973.131780717044
9.516,3,25.05,-615.456797526986
9.518,3,25.05,-361.499930916847
9.52,3,25.05,-187.911073612653
9.522,3,25.05,-74.3077251267728
9.524,3,25.05,-3.9771117885951
9.526,3,25.05,36.4901183866221
9.528,3,25.05,56.8885595822852
9.53,3,25.05,64.6485879901283
9.532,3,25.05,64.9038122182558
9.534,3,25.05,61.1322149433744
9.536,3,25.05,55.5857204570416
9.538,3,25.05,49.5645522994819
9.54,3,25.05,43.9602480896091
9.542,3,25.05,39.1313422960912
9.544,3,25.05,35.1924800995588
9.546,3,25.05,32.116947602114
9.548,3,25.05,29.7295945595322
9.55,3,25.05,28.0205064666596
9.552,3,25.05,26.8417558314812
9.554,3,25.05,26.0621241206473
9.556,3,25.05,25.5722529242122
9.558,3,25.05,25.2852330972193
9.56,3,25.05,25.1347032418708
9.562,3,25.05,25.0718078190457
9.564,3,25.05,25.0618474258775
9.566,3,25.05,25.0053966200573
9.568,3,25.05,25.0054270796569
9.57,3,25.05,25.035570872761
9.572,3,25.05,25.0787963042106
9.574,3,25.05,25.1247308086693
9.576,3,25.05,25.1675762623566
9.578,3,25.05,25.2045459284563
9.58,3,25.05,25.2347338097876
9.582,3,25.05,25.258326155495
9.584,3,25.05,25.2760732286409
9.586,3,25.05,25.2889519817967
9.588,3,25.05,25.2222649014699
9.59,3,25.05,25.1954332421794
9.592,3,25.05,25.1925010453117
9.594,3,25.05,25.2026016618904
9.596,3,25.05,25.2186546057699
9.598,3,25.05,25.2362970242624
9.6,3,25.05,25.2530457285946
9.602,3,25.05,25.2676648653056
9.604,3,25.05,25.2797056456542
9.606,3,25.05,25.2891832448535
9.608,3,25.05,25.2963587303084
9.61,3,25.05,25.3015985151241
9.612,3,25.05,25.305289020196
9.614,3,25.05,25.3077891965461
9.616,3,25.05,25.3094079209577
9.618,3,25.05,25.3103968852438
9.62,3,25.05,25.3109524486701
9.622,3,25.05,25.3869210044624
9.624,3,25.05,25.4956026782041
9.626,3,25.05,25.5353019239082
9.628,3,25.05,25.5343009343662
9.63,3,25.05,25.4359980742102
9.632,3,25.05,25.3712139663658
9.634,3,25.05,25.4063952240389
9.636,3,25.05,25.415707782286
9.638,3,25.05,25.4103077950445
9.64,3,25.05,25.3218969804478
9.642,3,25.05,25.27364873052
9.644,3,25.05,25.2515774476494
9.646,3,25.05,25.3213412347788
9.648,3,25.05,25.3574880139119
9.65,3,25.05,25.447841263084
9.652,3,25.05,25.4067825661891
9.654,3,25.05,25.3754050374307
9.656,3,25.05,25.3522864361598
9.658,3,25.05,25.2601543691936
9.66,3,25.05,25.2917145818024
9.662,3,25.05,25.3104148906183
9.664,3,25.05,25.3204125317797
9.666,3,25.05,25.2490841837261
9.668,3,25.05,25.2928297176261
9.67,3,25.05,25.3179172943922
9.672,3,25.05,25.330580229077
9.674,3,25.05,25.2596695289946
9.676,3,25.05,25.226894107326
9.678,3,25.05,25.2176875777556
9.68,3,25.05,25.2219568502547
9.682,3,25.05,25.2329901863303
9.684,3,25.05,25.17084232016
9.686,3,25.05,25.2272051353978
9.688,3,25.05,25.1897983337311
9.69,3,25.05,25.18178351507
9.692,3,25.05,25.1902318079392
9.694,3,25.05,25.2823234906674
9.696,3,25.05,25.2585276921786
9.698,3,25.05,25.3266859897877
9.7,3,25.05,25.3614492006948
9.702,3,25.05,25.374974847189
9.704,3,25.05,25.3001425799406
9.706,3,25.05,25.2612816119108
9.708,3,25.05,25.2454363013558
9.71,3,25.05,25.2434270244067
9.712,3,25.05,25.2489935578563
9.714,3,25.05,25.2580501895376
9.716,3,25.05,25.1923750028905
9.718,3,25.05,25.1690329095329
9.72,3,25.05,25.2462659079746
9.722,3,25.05,25.2938049782973
9.724,3,25.05,25.2451201321686
9.726,3,25.05,25.2256317119131
9.728,3,25.05,25.2236345293803
9.73,3,25.05,25.2311609526463
9.732,3,25.05,25.2430226235239
9.734,3,25.05,25.2560251890414
9.736,3,25.05,25.2683527884898
9.738,3,25.05,25.2791038044101
9.74,3,25.05,25.2122541708088
9.742,3,25.05,25.1863238561035
9.744,3,25.05,25.1847713249798
9.746,3,25.05,25.2720694027505
9.748,3,25.05,25.3224285647882
9.75,3,25.05,25.3481213009006
9.752,3,25.05,25.3581258962614
9.754,3,25.05,25.2830790963713
9.756,3,25.05,25.1700889181767
9.758,3,25.05,25.1237175765544
9.76,3,25.05,25.1174446905424
9.762,3,25.05,25.1331717856726
9.764,3,25.05,25.0833783570579
9.766,3,25.05,25.079262103592
9.768,3,25.05,25.0999076056778
9.77,3,25.05,25.1317186783691
9.772,3,25.05,25.1663437108571
9.774,3,25.05,25.1990518193357
9.776,3,25.05,25.2275096450628
9.778,3,25.05,25.2508925053978
9.78,3,25.05,25.2692615508389
9.782,3,25.05,25.2831442310994
9.784,3,25.05,25.2932645738033
9.786,3,25.05,25.3003799650941
9.788,3,25.05,25.305190827173
9.79,3,25.05,25.2325991619592
9.792,3,25.05,25.2772980897507
9.794,3,25.05,25.2287280176218
9.796,3,25.05,25.2109186327964
9.798,3,25.05,25.2112688503859
9.8,3,25.05,25.2212673729816
9.802,3,25.05,25.23542364755
9.804,3,25.05,25.2503997061157
9.806,3,25.05,25.2643348034513
9.808,3,25.05,25.2763395115294
9.81,3,25.05,25.2861301007782
9.812,3,25.05,25.2937738087007
9.814,3,25.05,25.2995183756588
9.816,3,25.05,25.3036833368332
9.818,3,25.05,25.3065949722169
9.82,3,25.05,25.3085509556562
9.822,3,25.05,25.3098043286998
9.824,3,25.05,25.3105593603388
9.826,3,25.05,25.3109741530373
9.828,3,25.05,25.3111665887471
9.83,3,25.05,25.3112214689847
9.832,3,25.05,25.3111975868943
9.834,3,25.05,25.3111340650604
9.836,3,25.05,25.2353567586212
9.838,3,25.05,25.2023859911155
9.84,3,25.05,25.1954941554315
9.842,3,25.05,25.2031880473772
9.844,3,25.05,25.2178998292125
9.846,3,25.05,25.2349016210022
9.848,3,25.05,25.2514464579569
9.85,3,25.05,25.1904158146817
9.852,3,25.05,25.2454425171552
9.854,3,25.05,25.2055233302145
9.856,3,25.05,25.1946168892485
9.858,3,25.05,25.200256738758
9.86,3,25.05,25.2141625944922
9.862,3,25.05,25.2311035092181
9.864,3,25.05,25.2479907445602
9.866,3,25.05,25.2631826542301
9.868,3,25.05,25.3516701366638
9.87,3,25.05,25.3191083051937
9.872,3,25.05,25.3009144873865
9.874,3,25.05,25.292177486884
9.876,3,25.05,25.2893452573305
9.878,3,25.05,25.2142421191292
9.88,3,25.05,25.1837147558312
9.882,3,25.05,25.2556674608925
9.884,3,25.05,25.2994631332461
9.886,3,25.05,25.3239227524255
9.888,3,25.05,25.3356581392925
9.89,3,25.05,25.263751692376
9.892,3,25.05,25.2300424357917
9.894,3,25.05,25.2957261668096
9.896,3,25.05,25.3322255276842
9.898,3,25.05,25.3495611665197
9.9,3,25.05,25.2792686526193
9.902,3,25.05,25.2448884976448
9.904,3,25.05,25.2330503341067
9.906,3,25.05,25.2344001514485
9.908,3,25.05,25.2426487020866
9.91,3,25.05,25.2537616226186
9.912,3,25.05,25.2653050507123
9.914,3,25.05,25.2759387387827
9.916,3,25.05,25.2850378420063
9.918,3,25.05,25.2924206447235
9.92,3,25.05,25.2981596465143
9.922,3,25.05,25.3024557414804
9.924,3,25.05,25.3055584574352
9.926,3,25.05,25.2320197090567
9.928,3,25.05,25.2005719152668
9.93,3,25.05,25.1946711855424
9.932,3,25.05,25.2029747683422
9.934,3,25.05,25.2180326928481
9.936,3,25.05,25.2352059380364
9.938,3,25.05,25.251812160662
9.94,3,25.05,25.2664770730673
9.942,3,25.05,25.2786594918404
9.944,3,25.05,25.2883158652169
9.946,3,25.05,25.2956722816765
9.948,3,25.05,25.3010762903631
9.95,3,25.05,25.3049059026587
9.952,3,25.05,25.3075180644687
9.954,3,25.05,25.3092232602402
9.956,3,25.05,25.3102765571475
9.958,3,25.05,25.3108782992369
9.96,3,25.05,25.3868787961808
9.962,3,25.05,25.4198827493576
9.964,3,25.05,25.3510042653847
9.966,3,25.05,25.3102980632173
9.968,3,25.05,25.364330044378
9.97,3,25.05,25.3878456517742
9.972,3,25.05,25.3170698277531
9.974,3,25.05,25.278701140851
9.976,3,25.05,25.2613990806088
9.978,3,25.05,25.257037587919
9.98,3,25.05,25.2600065891285
9.982,3,25.05,25.2665912496704
9.984,3,25.05,25.2744539336881
9.986,3,25.05,25.2822220559851
9.988,3,25.05,25.2891730741475
9.99,3,25.05,25.2950023667372
9.992,3,25.05,25.2239592989508
9.994,3,25.05,25.2703366736946
9.996,3,25.05,25.2990475471035
9.998,3,25.05,25.3155048269037
